[2025-06-03 13:05:13] PROD.ERROR: could not find driver (Connection: sqlite, SQL: PRAGMA foreign_keys = ON;) {"exception":"[object] (Illuminate\\Database\\QueryException(code: 0): could not find driver (Connection: sqlite, SQL: PRAGMA foreign_keys = ON;) at /home/ubuntu/escolavistaalegre/backend/vendor/laravel/framework/src/Illuminate/Database/Connection.php:829)
[stacktrace]
#0 /home/ubuntu/escolavistaalegre/backend/vendor/laravel/framework/src/Illuminate/Database/Connection.php(783): Illuminate\\Database\\Connection->runQueryCallback()
#1 /home/ubuntu/escolavistaalegre/backend/vendor/laravel/framework/src/Illuminate/Database/Connection.php(588): Illuminate\\Database\\Connection->run()
#2 /home/ubuntu/escolavistaalegre/backend/vendor/laravel/framework/src/Illuminate/Database/Schema/Builder.php(561): Illuminate\\Database\\Connection->statement()
#3 /home/ubuntu/escolavistaalegre/backend/vendor/laravel/framework/src/Illuminate/Database/SQLiteConnection.php(36): Illuminate\\Database\\Schema\\Builder->enableForeignKeyConstraints()
#4 /home/ubuntu/escolavistaalegre/backend/vendor/laravel/framework/src/Illuminate/Database/Connectors/ConnectionFactory.php(272): Illuminate\\Database\\SQLiteConnection->__construct()
#5 /home/ubuntu/escolavistaalegre/backend/vendor/laravel/framework/src/Illuminate/Database/Connectors/ConnectionFactory.php(76): Illuminate\\Database\\Connectors\\ConnectionFactory->createConnection()
#6 /home/ubuntu/escolavistaalegre/backend/vendor/laravel/framework/src/Illuminate/Database/Connectors/ConnectionFactory.php(50): Illuminate\\Database\\Connectors\\ConnectionFactory->createSingleConnection()
#7 /home/ubuntu/escolavistaalegre/backend/vendor/laravel/framework/src/Illuminate/Database/DatabaseManager.php(175): Illuminate\\Database\\Connectors\\ConnectionFactory->make()
#8 /home/ubuntu/escolavistaalegre/backend/vendor/laravel/framework/src/Illuminate/Database/DatabaseManager.php(101): Illuminate\\Database\\DatabaseManager->makeConnection()
#9 /home/ubuntu/escolavistaalegre/backend/vendor/laravel/framework/src/Illuminate/Database/Migrations/DatabaseMigrationRepository.php(226): Illuminate\\Database\\DatabaseManager->connection()
#10 /home/ubuntu/escolavistaalegre/backend/vendor/laravel/framework/src/Illuminate/Database/Migrations/DatabaseMigrationRepository.php(182): Illuminate\\Database\\Migrations\\DatabaseMigrationRepository->getConnection()
#11 /home/ubuntu/escolavistaalegre/backend/vendor/laravel/framework/src/Illuminate/Database/Migrations/Migrator.php(727): Illuminate\\Database\\Migrations\\DatabaseMigrationRepository->repositoryExists()
#12 /home/ubuntu/escolavistaalegre/backend/vendor/laravel/framework/src/Illuminate/Database/Console/Migrations/MigrateCommand.php(140): Illuminate\\Database\\Migrations\\Migrator->repositoryExists()
#13 /home/ubuntu/escolavistaalegre/backend/vendor/laravel/framework/src/Illuminate/Support/helpers.php(261): Illuminate\\Database\\Console\\Migrations\\MigrateCommand->Illuminate\\Database\\Console\\Migrations\\{closure}()
#14 /home/ubuntu/escolavistaalegre/backend/vendor/laravel/framework/src/Illuminate/Database/Console/Migrations/MigrateCommand.php(159): retry()
#15 /home/ubuntu/escolavistaalegre/backend/vendor/laravel/framework/src/Illuminate/Database/Console/Migrations/MigrateCommand.php(116): Illuminate\\Database\\Console\\Migrations\\MigrateCommand->repositoryExists()
#16 /home/ubuntu/escolavistaalegre/backend/vendor/laravel/framework/src/Illuminate/Database/Console/Migrations/MigrateCommand.php(84): Illuminate\\Database\\Console\\Migrations\\MigrateCommand->prepareDatabase()
#17 /home/ubuntu/escolavistaalegre/backend/vendor/laravel/framework/src/Illuminate/Database/Migrations/Migrator.php(641): Illuminate\\Database\\Console\\Migrations\\MigrateCommand->Illuminate\\Database\\Console\\Migrations\\{closure}()
#18 /home/ubuntu/escolavistaalegre/backend/vendor/laravel/framework/src/Illuminate/Database/Console/Migrations/MigrateCommand.php(104): Illuminate\\Database\\Migrations\\Migrator->usingConnection()
#19 /home/ubuntu/escolavistaalegre/backend/vendor/laravel/framework/src/Illuminate/Container/BoundMethod.php(36): Illuminate\\Database\\Console\\Migrations\\MigrateCommand->handle()
#20 /home/ubuntu/escolavistaalegre/backend/vendor/laravel/framework/src/Illuminate/Container/Util.php(41): Illuminate\\Container\\BoundMethod::Illuminate\\Container\\{closure}()
#21 /home/ubuntu/escolavistaalegre/backend/vendor/laravel/framework/src/Illuminate/Container/BoundMethod.php(93): Illuminate\\Container\\Util::unwrapIfClosure()
#22 /home/ubuntu/escolavistaalegre/backend/vendor/laravel/framework/src/Illuminate/Container/BoundMethod.php(37): Illuminate\\Container\\BoundMethod::callBoundMethod()
#23 /home/ubuntu/escolavistaalegre/backend/vendor/laravel/framework/src/Illuminate/Container/Container.php(662): Illuminate\\Container\\BoundMethod::call()
#24 /home/ubuntu/escolavistaalegre/backend/vendor/laravel/framework/src/Illuminate/Console/Command.php(211): Illuminate\\Container\\Container->call()
#25 /home/ubuntu/escolavistaalegre/backend/vendor/symfony/console/Command/Command.php(326): Illuminate\\Console\\Command->execute()
#26 /home/ubuntu/escolavistaalegre/backend/vendor/laravel/framework/src/Illuminate/Console/Command.php(181): Symfony\\Component\\Console\\Command\\Command->run()
#27 /home/ubuntu/escolavistaalegre/backend/vendor/symfony/console/Application.php(1096): Illuminate\\Console\\Command->run()
#28 /home/ubuntu/escolavistaalegre/backend/vendor/symfony/console/Application.php(324): Symfony\\Component\\Console\\Application->doRunCommand()
#29 /home/ubuntu/escolavistaalegre/backend/vendor/symfony/console/Application.php(175): Symfony\\Component\\Console\\Application->doRun()
#30 /home/ubuntu/escolavistaalegre/backend/vendor/laravel/framework/src/Illuminate/Foundation/Console/Kernel.php(201): Symfony\\Component\\Console\\Application->run()
#31 /home/ubuntu/escolavistaalegre/backend/artisan(37): Illuminate\\Foundation\\Console\\Kernel->handle()
#32 {main}

[previous exception] [object] (PDOException(code: 0): could not find driver at /home/ubuntu/escolavistaalegre/backend/vendor/laravel/framework/src/Illuminate/Database/Connectors/Connector.php:65)
[stacktrace]
#0 /home/ubuntu/escolavistaalegre/backend/vendor/laravel/framework/src/Illuminate/Database/Connectors/Connector.php(65): PDO->__construct()
#1 /home/ubuntu/escolavistaalegre/backend/vendor/laravel/framework/src/Illuminate/Database/Connectors/Connector.php(45): Illuminate\\Database\\Connectors\\Connector->createPdoConnection()
#2 /home/ubuntu/escolavistaalegre/backend/vendor/laravel/framework/src/Illuminate/Database/Connectors/SQLiteConnector.php(37): Illuminate\\Database\\Connectors\\Connector->createConnection()
#3 /home/ubuntu/escolavistaalegre/backend/vendor/laravel/framework/src/Illuminate/Database/Connectors/ConnectionFactory.php(221): Illuminate\\Database\\Connectors\\SQLiteConnector->connect()
#4 [internal function]: Illuminate\\Database\\Connectors\\ConnectionFactory->Illuminate\\Database\\Connectors\\{closure}()
#5 /home/ubuntu/escolavistaalegre/backend/vendor/laravel/framework/src/Illuminate/Database/Connection.php(1339): call_user_func()
#6 /home/ubuntu/escolavistaalegre/backend/vendor/laravel/framework/src/Illuminate/Database/Connection.php(581): Illuminate\\Database\\Connection->getPdo()
#7 /home/ubuntu/escolavistaalegre/backend/vendor/laravel/framework/src/Illuminate/Database/Connection.php(816): Illuminate\\Database\\Connection->Illuminate\\Database\\{closure}()
#8 /home/ubuntu/escolavistaalegre/backend/vendor/laravel/framework/src/Illuminate/Database/Connection.php(783): Illuminate\\Database\\Connection->runQueryCallback()
#9 /home/ubuntu/escolavistaalegre/backend/vendor/laravel/framework/src/Illuminate/Database/Connection.php(588): Illuminate\\Database\\Connection->run()
#10 /home/ubuntu/escolavistaalegre/backend/vendor/laravel/framework/src/Illuminate/Database/Schema/Builder.php(561): Illuminate\\Database\\Connection->statement()
#11 /home/ubuntu/escolavistaalegre/backend/vendor/laravel/framework/src/Illuminate/Database/SQLiteConnection.php(36): Illuminate\\Database\\Schema\\Builder->enableForeignKeyConstraints()
#12 /home/ubuntu/escolavistaalegre/backend/vendor/laravel/framework/src/Illuminate/Database/Connectors/ConnectionFactory.php(272): Illuminate\\Database\\SQLiteConnection->__construct()
#13 /home/ubuntu/escolavistaalegre/backend/vendor/laravel/framework/src/Illuminate/Database/Connectors/ConnectionFactory.php(76): Illuminate\\Database\\Connectors\\ConnectionFactory->createConnection()
#14 /home/ubuntu/escolavistaalegre/backend/vendor/laravel/framework/src/Illuminate/Database/Connectors/ConnectionFactory.php(50): Illuminate\\Database\\Connectors\\ConnectionFactory->createSingleConnection()
#15 /home/ubuntu/escolavistaalegre/backend/vendor/laravel/framework/src/Illuminate/Database/DatabaseManager.php(175): Illuminate\\Database\\Connectors\\ConnectionFactory->make()
#16 /home/ubuntu/escolavistaalegre/backend/vendor/laravel/framework/src/Illuminate/Database/DatabaseManager.php(101): Illuminate\\Database\\DatabaseManager->makeConnection()
#17 /home/ubuntu/escolavistaalegre/backend/vendor/laravel/framework/src/Illuminate/Database/Migrations/DatabaseMigrationRepository.php(226): Illuminate\\Database\\DatabaseManager->connection()
#18 /home/ubuntu/escolavistaalegre/backend/vendor/laravel/framework/src/Illuminate/Database/Migrations/DatabaseMigrationRepository.php(182): Illuminate\\Database\\Migrations\\DatabaseMigrationRepository->getConnection()
#19 /home/ubuntu/escolavistaalegre/backend/vendor/laravel/framework/src/Illuminate/Database/Migrations/Migrator.php(727): Illuminate\\Database\\Migrations\\DatabaseMigrationRepository->repositoryExists()
#20 /home/ubuntu/escolavistaalegre/backend/vendor/laravel/framework/src/Illuminate/Database/Console/Migrations/MigrateCommand.php(140): Illuminate\\Database\\Migrations\\Migrator->repositoryExists()
#21 /home/ubuntu/escolavistaalegre/backend/vendor/laravel/framework/src/Illuminate/Support/helpers.php(261): Illuminate\\Database\\Console\\Migrations\\MigrateCommand->Illuminate\\Database\\Console\\Migrations\\{closure}()
#22 /home/ubuntu/escolavistaalegre/backend/vendor/laravel/framework/src/Illuminate/Database/Console/Migrations/MigrateCommand.php(159): retry()
#23 /home/ubuntu/escolavistaalegre/backend/vendor/laravel/framework/src/Illuminate/Database/Console/Migrations/MigrateCommand.php(116): Illuminate\\Database\\Console\\Migrations\\MigrateCommand->repositoryExists()
#24 /home/ubuntu/escolavistaalegre/backend/vendor/laravel/framework/src/Illuminate/Database/Console/Migrations/MigrateCommand.php(84): Illuminate\\Database\\Console\\Migrations\\MigrateCommand->prepareDatabase()
#25 /home/ubuntu/escolavistaalegre/backend/vendor/laravel/framework/src/Illuminate/Database/Migrations/Migrator.php(641): Illuminate\\Database\\Console\\Migrations\\MigrateCommand->Illuminate\\Database\\Console\\Migrations\\{closure}()
#26 /home/ubuntu/escolavistaalegre/backend/vendor/laravel/framework/src/Illuminate/Database/Console/Migrations/MigrateCommand.php(104): Illuminate\\Database\\Migrations\\Migrator->usingConnection()
#27 /home/ubuntu/escolavistaalegre/backend/vendor/laravel/framework/src/Illuminate/Container/BoundMethod.php(36): Illuminate\\Database\\Console\\Migrations\\MigrateCommand->handle()
#28 /home/ubuntu/escolavistaalegre/backend/vendor/laravel/framework/src/Illuminate/Container/Util.php(41): Illuminate\\Container\\BoundMethod::Illuminate\\Container\\{closure}()
#29 /home/ubuntu/escolavistaalegre/backend/vendor/laravel/framework/src/Illuminate/Container/BoundMethod.php(93): Illuminate\\Container\\Util::unwrapIfClosure()
#30 /home/ubuntu/escolavistaalegre/backend/vendor/laravel/framework/src/Illuminate/Container/BoundMethod.php(37): Illuminate\\Container\\BoundMethod::callBoundMethod()
#31 /home/ubuntu/escolavistaalegre/backend/vendor/laravel/framework/src/Illuminate/Container/Container.php(662): Illuminate\\Container\\BoundMethod::call()
#32 /home/ubuntu/escolavistaalegre/backend/vendor/laravel/framework/src/Illuminate/Console/Command.php(211): Illuminate\\Container\\Container->call()
#33 /home/ubuntu/escolavistaalegre/backend/vendor/symfony/console/Command/Command.php(326): Illuminate\\Console\\Command->execute()
#34 /home/ubuntu/escolavistaalegre/backend/vendor/laravel/framework/src/Illuminate/Console/Command.php(181): Symfony\\Component\\Console\\Command\\Command->run()
#35 /home/ubuntu/escolavistaalegre/backend/vendor/symfony/console/Application.php(1096): Illuminate\\Console\\Command->run()
#36 /home/ubuntu/escolavistaalegre/backend/vendor/symfony/console/Application.php(324): Symfony\\Component\\Console\\Application->doRunCommand()
#37 /home/ubuntu/escolavistaalegre/backend/vendor/symfony/console/Application.php(175): Symfony\\Component\\Console\\Application->doRun()
#38 /home/ubuntu/escolavistaalegre/backend/vendor/laravel/framework/src/Illuminate/Foundation/Console/Kernel.php(201): Symfony\\Component\\Console\\Application->run()
#39 /home/ubuntu/escolavistaalegre/backend/artisan(37): Illuminate\\Foundation\\Console\\Kernel->handle()
#40 {main}
"}
[2025-06-03 13:05:41] PROD.ERROR: syntax error, unexpected token "\" {"exception":"[object] (ParseError(code: 0): syntax error, unexpected token \"\\\" at /home/ubuntu/escolavistaalegre/backend/database/migrations/2025_06_03_125639_create_albums_table.php:13)
[stacktrace]
#0 /home/ubuntu/escolavistaalegre/backend/vendor/laravel/framework/src/Illuminate/Filesystem/Filesystem.php(149): Illuminate\\Filesystem\\Filesystem::Illuminate\\Filesystem\\{closure}()
#1 /home/ubuntu/escolavistaalegre/backend/vendor/laravel/framework/src/Illuminate/Database/Migrations/Migrator.php(582): Illuminate\\Filesystem\\Filesystem->requireOnce()
#2 /home/ubuntu/escolavistaalegre/backend/vendor/laravel/framework/src/Illuminate/Database/Migrations/Migrator.php(125): Illuminate\\Database\\Migrations\\Migrator->requireFiles()
#3 /home/ubuntu/escolavistaalegre/backend/vendor/laravel/framework/src/Illuminate/Database/Console/Migrations/MigrateCommand.php(92): Illuminate\\Database\\Migrations\\Migrator->run()
#4 /home/ubuntu/escolavistaalegre/backend/vendor/laravel/framework/src/Illuminate/Database/Migrations/Migrator.php(641): Illuminate\\Database\\Console\\Migrations\\MigrateCommand->Illuminate\\Database\\Console\\Migrations\\{closure}()
#5 /home/ubuntu/escolavistaalegre/backend/vendor/laravel/framework/src/Illuminate/Database/Console/Migrations/MigrateCommand.php(104): Illuminate\\Database\\Migrations\\Migrator->usingConnection()
#6 /home/ubuntu/escolavistaalegre/backend/vendor/laravel/framework/src/Illuminate/Container/BoundMethod.php(36): Illuminate\\Database\\Console\\Migrations\\MigrateCommand->handle()
#7 /home/ubuntu/escolavistaalegre/backend/vendor/laravel/framework/src/Illuminate/Container/Util.php(41): Illuminate\\Container\\BoundMethod::Illuminate\\Container\\{closure}()
#8 /home/ubuntu/escolavistaalegre/backend/vendor/laravel/framework/src/Illuminate/Container/BoundMethod.php(93): Illuminate\\Container\\Util::unwrapIfClosure()
#9 /home/ubuntu/escolavistaalegre/backend/vendor/laravel/framework/src/Illuminate/Container/BoundMethod.php(37): Illuminate\\Container\\BoundMethod::callBoundMethod()
#10 /home/ubuntu/escolavistaalegre/backend/vendor/laravel/framework/src/Illuminate/Container/Container.php(662): Illuminate\\Container\\BoundMethod::call()
#11 /home/ubuntu/escolavistaalegre/backend/vendor/laravel/framework/src/Illuminate/Console/Command.php(211): Illuminate\\Container\\Container->call()
#12 /home/ubuntu/escolavistaalegre/backend/vendor/symfony/console/Command/Command.php(326): Illuminate\\Console\\Command->execute()
#13 /home/ubuntu/escolavistaalegre/backend/vendor/laravel/framework/src/Illuminate/Console/Command.php(181): Symfony\\Component\\Console\\Command\\Command->run()
#14 /home/ubuntu/escolavistaalegre/backend/vendor/symfony/console/Application.php(1096): Illuminate\\Console\\Command->run()
#15 /home/ubuntu/escolavistaalegre/backend/vendor/symfony/console/Application.php(324): Symfony\\Component\\Console\\Application->doRunCommand()
#16 /home/ubuntu/escolavistaalegre/backend/vendor/symfony/console/Application.php(175): Symfony\\Component\\Console\\Application->doRun()
#17 /home/ubuntu/escolavistaalegre/backend/vendor/laravel/framework/src/Illuminate/Foundation/Console/Kernel.php(201): Symfony\\Component\\Console\\Application->run()
#18 /home/ubuntu/escolavistaalegre/backend/artisan(37): Illuminate\\Foundation\\Console\\Kernel->handle()
#19 {main}
"}
[2025-06-03 14:54:03] PROD.ERROR: Vite manifest not found at: /home/ubuntu/escolavistaalegre/backend/public/build/manifest.json {"view":{"view":"/home/ubuntu/escolavistaalegre/backend/resources/views/layouts/public.blade.php","data":[]},"exception":"[object] (Spatie\\LaravelIgnition\\Exceptions\\ViewException(code: 0): Vite manifest not found at: /home/ubuntu/escolavistaalegre/backend/public/build/manifest.json at /home/ubuntu/escolavistaalegre/backend/vendor/laravel/framework/src/Illuminate/Foundation/Vite.php:728)
[stacktrace]
#0 /home/ubuntu/escolavistaalegre/backend/vendor/laravel/framework/src/Illuminate/Foundation/Vite.php(293): Illuminate\\Foundation\\Vite->manifest()
#1 /home/ubuntu/escolavistaalegre/backend/resources/views/layouts/public.blade.php(7): Illuminate\\Foundation\\Vite->__invoke()
#2 /home/ubuntu/escolavistaalegre/backend/vendor/laravel/framework/src/Illuminate/Filesystem/Filesystem.php(123): require('...')
#3 /home/ubuntu/escolavistaalegre/backend/vendor/laravel/framework/src/Illuminate/Filesystem/Filesystem.php(124): Illuminate\\Filesystem\\Filesystem::Illuminate\\Filesystem\\{closure}()
#4 /home/ubuntu/escolavistaalegre/backend/vendor/laravel/framework/src/Illuminate/View/Engines/PhpEngine.php(58): Illuminate\\Filesystem\\Filesystem->getRequire()
#5 /home/ubuntu/escolavistaalegre/backend/vendor/livewire/livewire/src/Mechanisms/ExtendBlade/ExtendedCompilerEngine.php(22): Illuminate\\View\\Engines\\PhpEngine->evaluatePath()
#6 /home/ubuntu/escolavistaalegre/backend/vendor/laravel/framework/src/Illuminate/View/Engines/CompilerEngine.php(72): Livewire\\Mechanisms\\ExtendBlade\\ExtendedCompilerEngine->evaluatePath()
#7 /home/ubuntu/escolavistaalegre/backend/vendor/livewire/livewire/src/Mechanisms/ExtendBlade/ExtendedCompilerEngine.php(10): Illuminate\\View\\Engines\\CompilerEngine->get()
#8 /home/ubuntu/escolavistaalegre/backend/vendor/laravel/framework/src/Illuminate/View/View.php(207): Livewire\\Mechanisms\\ExtendBlade\\ExtendedCompilerEngine->get()
#9 /home/ubuntu/escolavistaalegre/backend/vendor/laravel/framework/src/Illuminate/View/View.php(190): Illuminate\\View\\View->getContents()
#10 /home/ubuntu/escolavistaalegre/backend/vendor/laravel/framework/src/Illuminate/View/View.php(159): Illuminate\\View\\View->renderContents()
#11 /home/ubuntu/escolavistaalegre/backend/resources/views/public/home.blade.php(97): Illuminate\\View\\View->render()
#12 /home/ubuntu/escolavistaalegre/backend/vendor/laravel/framework/src/Illuminate/Filesystem/Filesystem.php(123): require('...')
#13 /home/ubuntu/escolavistaalegre/backend/vendor/laravel/framework/src/Illuminate/Filesystem/Filesystem.php(124): Illuminate\\Filesystem\\Filesystem::Illuminate\\Filesystem\\{closure}()
#14 /home/ubuntu/escolavistaalegre/backend/vendor/laravel/framework/src/Illuminate/View/Engines/PhpEngine.php(58): Illuminate\\Filesystem\\Filesystem->getRequire()
#15 /home/ubuntu/escolavistaalegre/backend/vendor/livewire/livewire/src/Mechanisms/ExtendBlade/ExtendedCompilerEngine.php(22): Illuminate\\View\\Engines\\PhpEngine->evaluatePath()
#16 /home/ubuntu/escolavistaalegre/backend/vendor/laravel/framework/src/Illuminate/View/Engines/CompilerEngine.php(72): Livewire\\Mechanisms\\ExtendBlade\\ExtendedCompilerEngine->evaluatePath()
#17 /home/ubuntu/escolavistaalegre/backend/vendor/livewire/livewire/src/Mechanisms/ExtendBlade/ExtendedCompilerEngine.php(10): Illuminate\\View\\Engines\\CompilerEngine->get()
#18 /home/ubuntu/escolavistaalegre/backend/vendor/laravel/framework/src/Illuminate/View/View.php(207): Livewire\\Mechanisms\\ExtendBlade\\ExtendedCompilerEngine->get()
#19 /home/ubuntu/escolavistaalegre/backend/vendor/laravel/framework/src/Illuminate/View/View.php(190): Illuminate\\View\\View->getContents()
#20 /home/ubuntu/escolavistaalegre/backend/vendor/laravel/framework/src/Illuminate/View/View.php(159): Illuminate\\View\\View->renderContents()
#21 /home/ubuntu/escolavistaalegre/backend/vendor/laravel/framework/src/Illuminate/Http/Response.php(69): Illuminate\\View\\View->render()
#22 /home/ubuntu/escolavistaalegre/backend/vendor/laravel/framework/src/Illuminate/Http/Response.php(35): Illuminate\\Http\\Response->setContent()
#23 /home/ubuntu/escolavistaalegre/backend/vendor/laravel/framework/src/Illuminate/Routing/Router.php(918): Illuminate\\Http\\Response->__construct()
#24 /home/ubuntu/escolavistaalegre/backend/vendor/laravel/framework/src/Illuminate/Routing/Router.php(885): Illuminate\\Routing\\Router::toResponse()
#25 /home/ubuntu/escolavistaalegre/backend/vendor/laravel/framework/src/Illuminate/Routing/Router.php(806): Illuminate\\Routing\\Router->prepareResponse()
#26 /home/ubuntu/escolavistaalegre/backend/vendor/laravel/framework/src/Illuminate/Pipeline/Pipeline.php(144): Illuminate\\Routing\\Router->Illuminate\\Routing\\{closure}()
#27 /home/ubuntu/escolavistaalegre/backend/vendor/laravel/framework/src/Illuminate/Routing/Middleware/SubstituteBindings.php(50): Illuminate\\Pipeline\\Pipeline->Illuminate\\Pipeline\\{closure}()
#28 /home/ubuntu/escolavistaalegre/backend/vendor/laravel/framework/src/Illuminate/Pipeline/Pipeline.php(183): Illuminate\\Routing\\Middleware\\SubstituteBindings->handle()
#29 /home/ubuntu/escolavistaalegre/backend/vendor/laravel/framework/src/Illuminate/Foundation/Http/Middleware/VerifyCsrfToken.php(78): Illuminate\\Pipeline\\Pipeline->Illuminate\\Pipeline\\{closure}()
#30 /home/ubuntu/escolavistaalegre/backend/vendor/laravel/framework/src/Illuminate/Pipeline/Pipeline.php(183): Illuminate\\Foundation\\Http\\Middleware\\VerifyCsrfToken->handle()
#31 /home/ubuntu/escolavistaalegre/backend/vendor/laravel/framework/src/Illuminate/View/Middleware/ShareErrorsFromSession.php(49): Illuminate\\Pipeline\\Pipeline->Illuminate\\Pipeline\\{closure}()
#32 /home/ubuntu/escolavistaalegre/backend/vendor/laravel/framework/src/Illuminate/Pipeline/Pipeline.php(183): Illuminate\\View\\Middleware\\ShareErrorsFromSession->handle()
#33 /home/ubuntu/escolavistaalegre/backend/vendor/laravel/framework/src/Illuminate/Session/Middleware/StartSession.php(121): Illuminate\\Pipeline\\Pipeline->Illuminate\\Pipeline\\{closure}()
#34 /home/ubuntu/escolavistaalegre/backend/vendor/laravel/framework/src/Illuminate/Session/Middleware/StartSession.php(64): Illuminate\\Session\\Middleware\\StartSession->handleStatefulRequest()
#35 /home/ubuntu/escolavistaalegre/backend/vendor/laravel/framework/src/Illuminate/Pipeline/Pipeline.php(183): Illuminate\\Session\\Middleware\\StartSession->handle()
#36 /home/ubuntu/escolavistaalegre/backend/vendor/laravel/framework/src/Illuminate/Cookie/Middleware/AddQueuedCookiesToResponse.php(37): Illuminate\\Pipeline\\Pipeline->Illuminate\\Pipeline\\{closure}()
#37 /home/ubuntu/escolavistaalegre/backend/vendor/laravel/framework/src/Illuminate/Pipeline/Pipeline.php(183): Illuminate\\Cookie\\Middleware\\AddQueuedCookiesToResponse->handle()
#38 /home/ubuntu/escolavistaalegre/backend/vendor/laravel/framework/src/Illuminate/Cookie/Middleware/EncryptCookies.php(67): Illuminate\\Pipeline\\Pipeline->Illuminate\\Pipeline\\{closure}()
#39 /home/ubuntu/escolavistaalegre/backend/vendor/laravel/framework/src/Illuminate/Pipeline/Pipeline.php(183): Illuminate\\Cookie\\Middleware\\EncryptCookies->handle()
#40 /home/ubuntu/escolavistaalegre/backend/vendor/laravel/framework/src/Illuminate/Pipeline/Pipeline.php(119): Illuminate\\Pipeline\\Pipeline->Illuminate\\Pipeline\\{closure}()
#41 /home/ubuntu/escolavistaalegre/backend/vendor/laravel/framework/src/Illuminate/Routing/Router.php(807): Illuminate\\Pipeline\\Pipeline->then()
#42 /home/ubuntu/escolavistaalegre/backend/vendor/laravel/framework/src/Illuminate/Routing/Router.php(784): Illuminate\\Routing\\Router->runRouteWithinStack()
#43 /home/ubuntu/escolavistaalegre/backend/vendor/laravel/framework/src/Illuminate/Routing/Router.php(748): Illuminate\\Routing\\Router->runRoute()
#44 /home/ubuntu/escolavistaalegre/backend/vendor/laravel/framework/src/Illuminate/Routing/Router.php(737): Illuminate\\Routing\\Router->dispatchToRoute()
#45 /home/ubuntu/escolavistaalegre/backend/vendor/laravel/framework/src/Illuminate/Foundation/Http/Kernel.php(200): Illuminate\\Routing\\Router->dispatch()
#46 /home/ubuntu/escolavistaalegre/backend/vendor/laravel/framework/src/Illuminate/Pipeline/Pipeline.php(144): Illuminate\\Foundation\\Http\\Kernel->Illuminate\\Foundation\\Http\\{closure}()
#47 /home/ubuntu/escolavistaalegre/backend/vendor/livewire/livewire/src/Features/SupportDisablingBackButtonCache/DisableBackButtonCacheMiddleware.php(19): Illuminate\\Pipeline\\Pipeline->Illuminate\\Pipeline\\{closure}()
#48 /home/ubuntu/escolavistaalegre/backend/vendor/laravel/framework/src/Illuminate/Pipeline/Pipeline.php(183): Livewire\\Features\\SupportDisablingBackButtonCache\\DisableBackButtonCacheMiddleware->handle()
#49 /home/ubuntu/escolavistaalegre/backend/vendor/laravel/framework/src/Illuminate/Foundation/Http/Middleware/TransformsRequest.php(21): Illuminate\\Pipeline\\Pipeline->Illuminate\\Pipeline\\{closure}()
#50 /home/ubuntu/escolavistaalegre/backend/vendor/laravel/framework/src/Illuminate/Foundation/Http/Middleware/ConvertEmptyStringsToNull.php(31): Illuminate\\Foundation\\Http\\Middleware\\TransformsRequest->handle()
#51 /home/ubuntu/escolavistaalegre/backend/vendor/laravel/framework/src/Illuminate/Pipeline/Pipeline.php(183): Illuminate\\Foundation\\Http\\Middleware\\ConvertEmptyStringsToNull->handle()
#52 /home/ubuntu/escolavistaalegre/backend/vendor/laravel/framework/src/Illuminate/Foundation/Http/Middleware/TransformsRequest.php(21): Illuminate\\Pipeline\\Pipeline->Illuminate\\Pipeline\\{closure}()
#53 /home/ubuntu/escolavistaalegre/backend/vendor/laravel/framework/src/Illuminate/Foundation/Http/Middleware/TrimStrings.php(40): Illuminate\\Foundation\\Http\\Middleware\\TransformsRequest->handle()
#54 /home/ubuntu/escolavistaalegre/backend/vendor/laravel/framework/src/Illuminate/Pipeline/Pipeline.php(183): Illuminate\\Foundation\\Http\\Middleware\\TrimStrings->handle()
#55 /home/ubuntu/escolavistaalegre/backend/vendor/laravel/framework/src/Illuminate/Foundation/Http/Middleware/ValidatePostSize.php(27): Illuminate\\Pipeline\\Pipeline->Illuminate\\Pipeline\\{closure}()
#56 /home/ubuntu/escolavistaalegre/backend/vendor/laravel/framework/src/Illuminate/Pipeline/Pipeline.php(183): Illuminate\\Foundation\\Http\\Middleware\\ValidatePostSize->handle()
#57 /home/ubuntu/escolavistaalegre/backend/vendor/laravel/framework/src/Illuminate/Foundation/Http/Middleware/PreventRequestsDuringMaintenance.php(99): Illuminate\\Pipeline\\Pipeline->Illuminate\\Pipeline\\{closure}()
#58 /home/ubuntu/escolavistaalegre/backend/vendor/laravel/framework/src/Illuminate/Pipeline/Pipeline.php(183): Illuminate\\Foundation\\Http\\Middleware\\PreventRequestsDuringMaintenance->handle()
#59 /home/ubuntu/escolavistaalegre/backend/vendor/laravel/framework/src/Illuminate/Http/Middleware/HandleCors.php(49): Illuminate\\Pipeline\\Pipeline->Illuminate\\Pipeline\\{closure}()
#60 /home/ubuntu/escolavistaalegre/backend/vendor/laravel/framework/src/Illuminate/Pipeline/Pipeline.php(183): Illuminate\\Http\\Middleware\\HandleCors->handle()
#61 /home/ubuntu/escolavistaalegre/backend/vendor/laravel/framework/src/Illuminate/Http/Middleware/TrustProxies.php(39): Illuminate\\Pipeline\\Pipeline->Illuminate\\Pipeline\\{closure}()
#62 /home/ubuntu/escolavistaalegre/backend/vendor/laravel/framework/src/Illuminate/Pipeline/Pipeline.php(183): Illuminate\\Http\\Middleware\\TrustProxies->handle()
#63 /home/ubuntu/escolavistaalegre/backend/vendor/laravel/framework/src/Illuminate/Pipeline/Pipeline.php(119): Illuminate\\Pipeline\\Pipeline->Illuminate\\Pipeline\\{closure}()
#64 /home/ubuntu/escolavistaalegre/backend/vendor/laravel/framework/src/Illuminate/Foundation/Http/Kernel.php(175): Illuminate\\Pipeline\\Pipeline->then()
#65 /home/ubuntu/escolavistaalegre/backend/vendor/laravel/framework/src/Illuminate/Foundation/Http/Kernel.php(144): Illuminate\\Foundation\\Http\\Kernel->sendRequestThroughRouter()
#66 /home/ubuntu/escolavistaalegre/backend/public/index.php(52): Illuminate\\Foundation\\Http\\Kernel->handle()
#67 /home/ubuntu/escolavistaalegre/backend/vendor/laravel/framework/src/Illuminate/Foundation/resources/server.php(16): require_once('...')
#68 {main}

[previous exception] [object] (Illuminate\\Foundation\\ViteManifestNotFoundException(code: 0): Vite manifest not found at: /home/ubuntu/escolavistaalegre/backend/public/build/manifest.json at /home/ubuntu/escolavistaalegre/backend/vendor/laravel/framework/src/Illuminate/Foundation/Vite.php:728)
[stacktrace]
#0 /home/ubuntu/escolavistaalegre/backend/vendor/laravel/framework/src/Illuminate/Foundation/Vite.php(293): Illuminate\\Foundation\\Vite->manifest()
#1 /home/ubuntu/escolavistaalegre/backend/storage/framework/views/73b68312f6fb1d7d030fa01615c1700a.php(7): Illuminate\\Foundation\\Vite->__invoke()
#2 /home/ubuntu/escolavistaalegre/backend/vendor/laravel/framework/src/Illuminate/Filesystem/Filesystem.php(123): require('...')
#3 /home/ubuntu/escolavistaalegre/backend/vendor/laravel/framework/src/Illuminate/Filesystem/Filesystem.php(124): Illuminate\\Filesystem\\Filesystem::Illuminate\\Filesystem\\{closure}()
#4 /home/ubuntu/escolavistaalegre/backend/vendor/laravel/framework/src/Illuminate/View/Engines/PhpEngine.php(58): Illuminate\\Filesystem\\Filesystem->getRequire()
#5 /home/ubuntu/escolavistaalegre/backend/vendor/livewire/livewire/src/Mechanisms/ExtendBlade/ExtendedCompilerEngine.php(22): Illuminate\\View\\Engines\\PhpEngine->evaluatePath()
#6 /home/ubuntu/escolavistaalegre/backend/vendor/laravel/framework/src/Illuminate/View/Engines/CompilerEngine.php(72): Livewire\\Mechanisms\\ExtendBlade\\ExtendedCompilerEngine->evaluatePath()
#7 /home/ubuntu/escolavistaalegre/backend/vendor/livewire/livewire/src/Mechanisms/ExtendBlade/ExtendedCompilerEngine.php(10): Illuminate\\View\\Engines\\CompilerEngine->get()
#8 /home/ubuntu/escolavistaalegre/backend/vendor/laravel/framework/src/Illuminate/View/View.php(207): Livewire\\Mechanisms\\ExtendBlade\\ExtendedCompilerEngine->get()
#9 /home/ubuntu/escolavistaalegre/backend/vendor/laravel/framework/src/Illuminate/View/View.php(190): Illuminate\\View\\View->getContents()
#10 /home/ubuntu/escolavistaalegre/backend/vendor/laravel/framework/src/Illuminate/View/View.php(159): Illuminate\\View\\View->renderContents()
#11 /home/ubuntu/escolavistaalegre/backend/storage/framework/views/b60b772f152d103dbc2ffe21a2dfce38.php(97): Illuminate\\View\\View->render()
#12 /home/ubuntu/escolavistaalegre/backend/vendor/laravel/framework/src/Illuminate/Filesystem/Filesystem.php(123): require('...')
#13 /home/ubuntu/escolavistaalegre/backend/vendor/laravel/framework/src/Illuminate/Filesystem/Filesystem.php(124): Illuminate\\Filesystem\\Filesystem::Illuminate\\Filesystem\\{closure}()
#14 /home/ubuntu/escolavistaalegre/backend/vendor/laravel/framework/src/Illuminate/View/Engines/PhpEngine.php(58): Illuminate\\Filesystem\\Filesystem->getRequire()
#15 /home/ubuntu/escolavistaalegre/backend/vendor/livewire/livewire/src/Mechanisms/ExtendBlade/ExtendedCompilerEngine.php(22): Illuminate\\View\\Engines\\PhpEngine->evaluatePath()
#16 /home/ubuntu/escolavistaalegre/backend/vendor/laravel/framework/src/Illuminate/View/Engines/CompilerEngine.php(72): Livewire\\Mechanisms\\ExtendBlade\\ExtendedCompilerEngine->evaluatePath()
#17 /home/ubuntu/escolavistaalegre/backend/vendor/livewire/livewire/src/Mechanisms/ExtendBlade/ExtendedCompilerEngine.php(10): Illuminate\\View\\Engines\\CompilerEngine->get()
#18 /home/ubuntu/escolavistaalegre/backend/vendor/laravel/framework/src/Illuminate/View/View.php(207): Livewire\\Mechanisms\\ExtendBlade\\ExtendedCompilerEngine->get()
#19 /home/ubuntu/escolavistaalegre/backend/vendor/laravel/framework/src/Illuminate/View/View.php(190): Illuminate\\View\\View->getContents()
#20 /home/ubuntu/escolavistaalegre/backend/vendor/laravel/framework/src/Illuminate/View/View.php(159): Illuminate\\View\\View->renderContents()
#21 /home/ubuntu/escolavistaalegre/backend/vendor/laravel/framework/src/Illuminate/Http/Response.php(69): Illuminate\\View\\View->render()
#22 /home/ubuntu/escolavistaalegre/backend/vendor/laravel/framework/src/Illuminate/Http/Response.php(35): Illuminate\\Http\\Response->setContent()
#23 /home/ubuntu/escolavistaalegre/backend/vendor/laravel/framework/src/Illuminate/Routing/Router.php(918): Illuminate\\Http\\Response->__construct()
#24 /home/ubuntu/escolavistaalegre/backend/vendor/laravel/framework/src/Illuminate/Routing/Router.php(885): Illuminate\\Routing\\Router::toResponse()
#25 /home/ubuntu/escolavistaalegre/backend/vendor/laravel/framework/src/Illuminate/Routing/Router.php(806): Illuminate\\Routing\\Router->prepareResponse()
#26 /home/ubuntu/escolavistaalegre/backend/vendor/laravel/framework/src/Illuminate/Pipeline/Pipeline.php(144): Illuminate\\Routing\\Router->Illuminate\\Routing\\{closure}()
#27 /home/ubuntu/escolavistaalegre/backend/vendor/laravel/framework/src/Illuminate/Routing/Middleware/SubstituteBindings.php(50): Illuminate\\Pipeline\\Pipeline->Illuminate\\Pipeline\\{closure}()
#28 /home/ubuntu/escolavistaalegre/backend/vendor/laravel/framework/src/Illuminate/Pipeline/Pipeline.php(183): Illuminate\\Routing\\Middleware\\SubstituteBindings->handle()
#29 /home/ubuntu/escolavistaalegre/backend/vendor/laravel/framework/src/Illuminate/Foundation/Http/Middleware/VerifyCsrfToken.php(78): Illuminate\\Pipeline\\Pipeline->Illuminate\\Pipeline\\{closure}()
#30 /home/ubuntu/escolavistaalegre/backend/vendor/laravel/framework/src/Illuminate/Pipeline/Pipeline.php(183): Illuminate\\Foundation\\Http\\Middleware\\VerifyCsrfToken->handle()
#31 /home/ubuntu/escolavistaalegre/backend/vendor/laravel/framework/src/Illuminate/View/Middleware/ShareErrorsFromSession.php(49): Illuminate\\Pipeline\\Pipeline->Illuminate\\Pipeline\\{closure}()
#32 /home/ubuntu/escolavistaalegre/backend/vendor/laravel/framework/src/Illuminate/Pipeline/Pipeline.php(183): Illuminate\\View\\Middleware\\ShareErrorsFromSession->handle()
#33 /home/ubuntu/escolavistaalegre/backend/vendor/laravel/framework/src/Illuminate/Session/Middleware/StartSession.php(121): Illuminate\\Pipeline\\Pipeline->Illuminate\\Pipeline\\{closure}()
#34 /home/ubuntu/escolavistaalegre/backend/vendor/laravel/framework/src/Illuminate/Session/Middleware/StartSession.php(64): Illuminate\\Session\\Middleware\\StartSession->handleStatefulRequest()
#35 /home/ubuntu/escolavistaalegre/backend/vendor/laravel/framework/src/Illuminate/Pipeline/Pipeline.php(183): Illuminate\\Session\\Middleware\\StartSession->handle()
#36 /home/ubuntu/escolavistaalegre/backend/vendor/laravel/framework/src/Illuminate/Cookie/Middleware/AddQueuedCookiesToResponse.php(37): Illuminate\\Pipeline\\Pipeline->Illuminate\\Pipeline\\{closure}()
#37 /home/ubuntu/escolavistaalegre/backend/vendor/laravel/framework/src/Illuminate/Pipeline/Pipeline.php(183): Illuminate\\Cookie\\Middleware\\AddQueuedCookiesToResponse->handle()
#38 /home/ubuntu/escolavistaalegre/backend/vendor/laravel/framework/src/Illuminate/Cookie/Middleware/EncryptCookies.php(67): Illuminate\\Pipeline\\Pipeline->Illuminate\\Pipeline\\{closure}()
#39 /home/ubuntu/escolavistaalegre/backend/vendor/laravel/framework/src/Illuminate/Pipeline/Pipeline.php(183): Illuminate\\Cookie\\Middleware\\EncryptCookies->handle()
#40 /home/ubuntu/escolavistaalegre/backend/vendor/laravel/framework/src/Illuminate/Pipeline/Pipeline.php(119): Illuminate\\Pipeline\\Pipeline->Illuminate\\Pipeline\\{closure}()
#41 /home/ubuntu/escolavistaalegre/backend/vendor/laravel/framework/src/Illuminate/Routing/Router.php(807): Illuminate\\Pipeline\\Pipeline->then()
#42 /home/ubuntu/escolavistaalegre/backend/vendor/laravel/framework/src/Illuminate/Routing/Router.php(784): Illuminate\\Routing\\Router->runRouteWithinStack()
#43 /home/ubuntu/escolavistaalegre/backend/vendor/laravel/framework/src/Illuminate/Routing/Router.php(748): Illuminate\\Routing\\Router->runRoute()
#44 /home/ubuntu/escolavistaalegre/backend/vendor/laravel/framework/src/Illuminate/Routing/Router.php(737): Illuminate\\Routing\\Router->dispatchToRoute()
#45 /home/ubuntu/escolavistaalegre/backend/vendor/laravel/framework/src/Illuminate/Foundation/Http/Kernel.php(200): Illuminate\\Routing\\Router->dispatch()
#46 /home/ubuntu/escolavistaalegre/backend/vendor/laravel/framework/src/Illuminate/Pipeline/Pipeline.php(144): Illuminate\\Foundation\\Http\\Kernel->Illuminate\\Foundation\\Http\\{closure}()
#47 /home/ubuntu/escolavistaalegre/backend/vendor/livewire/livewire/src/Features/SupportDisablingBackButtonCache/DisableBackButtonCacheMiddleware.php(19): Illuminate\\Pipeline\\Pipeline->Illuminate\\Pipeline\\{closure}()
#48 /home/ubuntu/escolavistaalegre/backend/vendor/laravel/framework/src/Illuminate/Pipeline/Pipeline.php(183): Livewire\\Features\\SupportDisablingBackButtonCache\\DisableBackButtonCacheMiddleware->handle()
#49 /home/ubuntu/escolavistaalegre/backend/vendor/laravel/framework/src/Illuminate/Foundation/Http/Middleware/TransformsRequest.php(21): Illuminate\\Pipeline\\Pipeline->Illuminate\\Pipeline\\{closure}()
#50 /home/ubuntu/escolavistaalegre/backend/vendor/laravel/framework/src/Illuminate/Foundation/Http/Middleware/ConvertEmptyStringsToNull.php(31): Illuminate\\Foundation\\Http\\Middleware\\TransformsRequest->handle()
#51 /home/ubuntu/escolavistaalegre/backend/vendor/laravel/framework/src/Illuminate/Pipeline/Pipeline.php(183): Illuminate\\Foundation\\Http\\Middleware\\ConvertEmptyStringsToNull->handle()
#52 /home/ubuntu/escolavistaalegre/backend/vendor/laravel/framework/src/Illuminate/Foundation/Http/Middleware/TransformsRequest.php(21): Illuminate\\Pipeline\\Pipeline->Illuminate\\Pipeline\\{closure}()
#53 /home/ubuntu/escolavistaalegre/backend/vendor/laravel/framework/src/Illuminate/Foundation/Http/Middleware/TrimStrings.php(40): Illuminate\\Foundation\\Http\\Middleware\\TransformsRequest->handle()
#54 /home/ubuntu/escolavistaalegre/backend/vendor/laravel/framework/src/Illuminate/Pipeline/Pipeline.php(183): Illuminate\\Foundation\\Http\\Middleware\\TrimStrings->handle()
#55 /home/ubuntu/escolavistaalegre/backend/vendor/laravel/framework/src/Illuminate/Foundation/Http/Middleware/ValidatePostSize.php(27): Illuminate\\Pipeline\\Pipeline->Illuminate\\Pipeline\\{closure}()
#56 /home/ubuntu/escolavistaalegre/backend/vendor/laravel/framework/src/Illuminate/Pipeline/Pipeline.php(183): Illuminate\\Foundation\\Http\\Middleware\\ValidatePostSize->handle()
#57 /home/ubuntu/escolavistaalegre/backend/vendor/laravel/framework/src/Illuminate/Foundation/Http/Middleware/PreventRequestsDuringMaintenance.php(99): Illuminate\\Pipeline\\Pipeline->Illuminate\\Pipeline\\{closure}()
#58 /home/ubuntu/escolavistaalegre/backend/vendor/laravel/framework/src/Illuminate/Pipeline/Pipeline.php(183): Illuminate\\Foundation\\Http\\Middleware\\PreventRequestsDuringMaintenance->handle()
#59 /home/ubuntu/escolavistaalegre/backend/vendor/laravel/framework/src/Illuminate/Http/Middleware/HandleCors.php(49): Illuminate\\Pipeline\\Pipeline->Illuminate\\Pipeline\\{closure}()
#60 /home/ubuntu/escolavistaalegre/backend/vendor/laravel/framework/src/Illuminate/Pipeline/Pipeline.php(183): Illuminate\\Http\\Middleware\\HandleCors->handle()
#61 /home/ubuntu/escolavistaalegre/backend/vendor/laravel/framework/src/Illuminate/Http/Middleware/TrustProxies.php(39): Illuminate\\Pipeline\\Pipeline->Illuminate\\Pipeline\\{closure}()
#62 /home/ubuntu/escolavistaalegre/backend/vendor/laravel/framework/src/Illuminate/Pipeline/Pipeline.php(183): Illuminate\\Http\\Middleware\\TrustProxies->handle()
#63 /home/ubuntu/escolavistaalegre/backend/vendor/laravel/framework/src/Illuminate/Pipeline/Pipeline.php(119): Illuminate\\Pipeline\\Pipeline->Illuminate\\Pipeline\\{closure}()
#64 /home/ubuntu/escolavistaalegre/backend/vendor/laravel/framework/src/Illuminate/Foundation/Http/Kernel.php(175): Illuminate\\Pipeline\\Pipeline->then()
#65 /home/ubuntu/escolavistaalegre/backend/vendor/laravel/framework/src/Illuminate/Foundation/Http/Kernel.php(144): Illuminate\\Foundation\\Http\\Kernel->sendRequestThroughRouter()
#66 /home/ubuntu/escolavistaalegre/backend/public/index.php(52): Illuminate\\Foundation\\Http\\Kernel->handle()
#67 /home/ubuntu/escolavistaalegre/backend/vendor/laravel/framework/src/Illuminate/Foundation/resources/server.php(16): require_once('...')
#68 {main}
"}
[2025-06-03 14:54:03] PROD.ERROR: Vite manifest not found at: /home/ubuntu/escolavistaalegre/backend/public/build/manifest.json {"view":{"view":"/home/ubuntu/escolavistaalegre/backend/resources/views/layouts/public.blade.php","data":[]},"exception":"[object] (Spatie\\LaravelIgnition\\Exceptions\\ViewException(code: 0): Vite manifest not found at: /home/ubuntu/escolavistaalegre/backend/public/build/manifest.json at /home/ubuntu/escolavistaalegre/backend/vendor/laravel/framework/src/Illuminate/Foundation/Vite.php:728)
[stacktrace]
#0 /home/ubuntu/escolavistaalegre/backend/vendor/laravel/framework/src/Illuminate/Foundation/Vite.php(293): Illuminate\\Foundation\\Vite->manifest()
#1 /home/ubuntu/escolavistaalegre/backend/resources/views/layouts/public.blade.php(7): Illuminate\\Foundation\\Vite->__invoke()
#2 /home/ubuntu/escolavistaalegre/backend/vendor/laravel/framework/src/Illuminate/Filesystem/Filesystem.php(123): require('...')
#3 /home/ubuntu/escolavistaalegre/backend/vendor/laravel/framework/src/Illuminate/Filesystem/Filesystem.php(124): Illuminate\\Filesystem\\Filesystem::Illuminate\\Filesystem\\{closure}()
#4 /home/ubuntu/escolavistaalegre/backend/vendor/laravel/framework/src/Illuminate/View/Engines/PhpEngine.php(58): Illuminate\\Filesystem\\Filesystem->getRequire()
#5 /home/ubuntu/escolavistaalegre/backend/vendor/livewire/livewire/src/Mechanisms/ExtendBlade/ExtendedCompilerEngine.php(22): Illuminate\\View\\Engines\\PhpEngine->evaluatePath()
#6 /home/ubuntu/escolavistaalegre/backend/vendor/laravel/framework/src/Illuminate/View/Engines/CompilerEngine.php(72): Livewire\\Mechanisms\\ExtendBlade\\ExtendedCompilerEngine->evaluatePath()
#7 /home/ubuntu/escolavistaalegre/backend/vendor/livewire/livewire/src/Mechanisms/ExtendBlade/ExtendedCompilerEngine.php(10): Illuminate\\View\\Engines\\CompilerEngine->get()
#8 /home/ubuntu/escolavistaalegre/backend/vendor/laravel/framework/src/Illuminate/View/View.php(207): Livewire\\Mechanisms\\ExtendBlade\\ExtendedCompilerEngine->get()
#9 /home/ubuntu/escolavistaalegre/backend/vendor/laravel/framework/src/Illuminate/View/View.php(190): Illuminate\\View\\View->getContents()
#10 /home/ubuntu/escolavistaalegre/backend/vendor/laravel/framework/src/Illuminate/View/View.php(159): Illuminate\\View\\View->renderContents()
#11 /home/ubuntu/escolavistaalegre/backend/resources/views/public/home.blade.php(97): Illuminate\\View\\View->render()
#12 /home/ubuntu/escolavistaalegre/backend/vendor/laravel/framework/src/Illuminate/Filesystem/Filesystem.php(123): require('...')
#13 /home/ubuntu/escolavistaalegre/backend/vendor/laravel/framework/src/Illuminate/Filesystem/Filesystem.php(124): Illuminate\\Filesystem\\Filesystem::Illuminate\\Filesystem\\{closure}()
#14 /home/ubuntu/escolavistaalegre/backend/vendor/laravel/framework/src/Illuminate/View/Engines/PhpEngine.php(58): Illuminate\\Filesystem\\Filesystem->getRequire()
#15 /home/ubuntu/escolavistaalegre/backend/vendor/livewire/livewire/src/Mechanisms/ExtendBlade/ExtendedCompilerEngine.php(22): Illuminate\\View\\Engines\\PhpEngine->evaluatePath()
#16 /home/ubuntu/escolavistaalegre/backend/vendor/laravel/framework/src/Illuminate/View/Engines/CompilerEngine.php(72): Livewire\\Mechanisms\\ExtendBlade\\ExtendedCompilerEngine->evaluatePath()
#17 /home/ubuntu/escolavistaalegre/backend/vendor/livewire/livewire/src/Mechanisms/ExtendBlade/ExtendedCompilerEngine.php(10): Illuminate\\View\\Engines\\CompilerEngine->get()
#18 /home/ubuntu/escolavistaalegre/backend/vendor/laravel/framework/src/Illuminate/View/View.php(207): Livewire\\Mechanisms\\ExtendBlade\\ExtendedCompilerEngine->get()
#19 /home/ubuntu/escolavistaalegre/backend/vendor/laravel/framework/src/Illuminate/View/View.php(190): Illuminate\\View\\View->getContents()
#20 /home/ubuntu/escolavistaalegre/backend/vendor/laravel/framework/src/Illuminate/View/View.php(159): Illuminate\\View\\View->renderContents()
#21 /home/ubuntu/escolavistaalegre/backend/vendor/laravel/framework/src/Illuminate/Http/Response.php(69): Illuminate\\View\\View->render()
#22 /home/ubuntu/escolavistaalegre/backend/vendor/laravel/framework/src/Illuminate/Http/Response.php(35): Illuminate\\Http\\Response->setContent()
#23 /home/ubuntu/escolavistaalegre/backend/vendor/laravel/framework/src/Illuminate/Routing/Router.php(918): Illuminate\\Http\\Response->__construct()
#24 /home/ubuntu/escolavistaalegre/backend/vendor/laravel/framework/src/Illuminate/Routing/Router.php(885): Illuminate\\Routing\\Router::toResponse()
#25 /home/ubuntu/escolavistaalegre/backend/vendor/laravel/framework/src/Illuminate/Routing/Router.php(806): Illuminate\\Routing\\Router->prepareResponse()
#26 /home/ubuntu/escolavistaalegre/backend/vendor/laravel/framework/src/Illuminate/Pipeline/Pipeline.php(144): Illuminate\\Routing\\Router->Illuminate\\Routing\\{closure}()
#27 /home/ubuntu/escolavistaalegre/backend/vendor/laravel/framework/src/Illuminate/Routing/Middleware/SubstituteBindings.php(50): Illuminate\\Pipeline\\Pipeline->Illuminate\\Pipeline\\{closure}()
#28 /home/ubuntu/escolavistaalegre/backend/vendor/laravel/framework/src/Illuminate/Pipeline/Pipeline.php(183): Illuminate\\Routing\\Middleware\\SubstituteBindings->handle()
#29 /home/ubuntu/escolavistaalegre/backend/vendor/laravel/framework/src/Illuminate/Foundation/Http/Middleware/VerifyCsrfToken.php(78): Illuminate\\Pipeline\\Pipeline->Illuminate\\Pipeline\\{closure}()
#30 /home/ubuntu/escolavistaalegre/backend/vendor/laravel/framework/src/Illuminate/Pipeline/Pipeline.php(183): Illuminate\\Foundation\\Http\\Middleware\\VerifyCsrfToken->handle()
#31 /home/ubuntu/escolavistaalegre/backend/vendor/laravel/framework/src/Illuminate/View/Middleware/ShareErrorsFromSession.php(49): Illuminate\\Pipeline\\Pipeline->Illuminate\\Pipeline\\{closure}()
#32 /home/ubuntu/escolavistaalegre/backend/vendor/laravel/framework/src/Illuminate/Pipeline/Pipeline.php(183): Illuminate\\View\\Middleware\\ShareErrorsFromSession->handle()
#33 /home/ubuntu/escolavistaalegre/backend/vendor/laravel/framework/src/Illuminate/Session/Middleware/StartSession.php(121): Illuminate\\Pipeline\\Pipeline->Illuminate\\Pipeline\\{closure}()
#34 /home/ubuntu/escolavistaalegre/backend/vendor/laravel/framework/src/Illuminate/Session/Middleware/StartSession.php(64): Illuminate\\Session\\Middleware\\StartSession->handleStatefulRequest()
#35 /home/ubuntu/escolavistaalegre/backend/vendor/laravel/framework/src/Illuminate/Pipeline/Pipeline.php(183): Illuminate\\Session\\Middleware\\StartSession->handle()
#36 /home/ubuntu/escolavistaalegre/backend/vendor/laravel/framework/src/Illuminate/Cookie/Middleware/AddQueuedCookiesToResponse.php(37): Illuminate\\Pipeline\\Pipeline->Illuminate\\Pipeline\\{closure}()
#37 /home/ubuntu/escolavistaalegre/backend/vendor/laravel/framework/src/Illuminate/Pipeline/Pipeline.php(183): Illuminate\\Cookie\\Middleware\\AddQueuedCookiesToResponse->handle()
#38 /home/ubuntu/escolavistaalegre/backend/vendor/laravel/framework/src/Illuminate/Cookie/Middleware/EncryptCookies.php(67): Illuminate\\Pipeline\\Pipeline->Illuminate\\Pipeline\\{closure}()
#39 /home/ubuntu/escolavistaalegre/backend/vendor/laravel/framework/src/Illuminate/Pipeline/Pipeline.php(183): Illuminate\\Cookie\\Middleware\\EncryptCookies->handle()
#40 /home/ubuntu/escolavistaalegre/backend/vendor/laravel/framework/src/Illuminate/Pipeline/Pipeline.php(119): Illuminate\\Pipeline\\Pipeline->Illuminate\\Pipeline\\{closure}()
#41 /home/ubuntu/escolavistaalegre/backend/vendor/laravel/framework/src/Illuminate/Routing/Router.php(807): Illuminate\\Pipeline\\Pipeline->then()
#42 /home/ubuntu/escolavistaalegre/backend/vendor/laravel/framework/src/Illuminate/Routing/Router.php(784): Illuminate\\Routing\\Router->runRouteWithinStack()
#43 /home/ubuntu/escolavistaalegre/backend/vendor/laravel/framework/src/Illuminate/Routing/Router.php(748): Illuminate\\Routing\\Router->runRoute()
#44 /home/ubuntu/escolavistaalegre/backend/vendor/laravel/framework/src/Illuminate/Routing/Router.php(737): Illuminate\\Routing\\Router->dispatchToRoute()
#45 /home/ubuntu/escolavistaalegre/backend/vendor/laravel/framework/src/Illuminate/Foundation/Http/Kernel.php(200): Illuminate\\Routing\\Router->dispatch()
#46 /home/ubuntu/escolavistaalegre/backend/vendor/laravel/framework/src/Illuminate/Pipeline/Pipeline.php(144): Illuminate\\Foundation\\Http\\Kernel->Illuminate\\Foundation\\Http\\{closure}()
#47 /home/ubuntu/escolavistaalegre/backend/vendor/livewire/livewire/src/Features/SupportDisablingBackButtonCache/DisableBackButtonCacheMiddleware.php(19): Illuminate\\Pipeline\\Pipeline->Illuminate\\Pipeline\\{closure}()
#48 /home/ubuntu/escolavistaalegre/backend/vendor/laravel/framework/src/Illuminate/Pipeline/Pipeline.php(183): Livewire\\Features\\SupportDisablingBackButtonCache\\DisableBackButtonCacheMiddleware->handle()
#49 /home/ubuntu/escolavistaalegre/backend/vendor/laravel/framework/src/Illuminate/Foundation/Http/Middleware/TransformsRequest.php(21): Illuminate\\Pipeline\\Pipeline->Illuminate\\Pipeline\\{closure}()
#50 /home/ubuntu/escolavistaalegre/backend/vendor/laravel/framework/src/Illuminate/Foundation/Http/Middleware/ConvertEmptyStringsToNull.php(31): Illuminate\\Foundation\\Http\\Middleware\\TransformsRequest->handle()
#51 /home/ubuntu/escolavistaalegre/backend/vendor/laravel/framework/src/Illuminate/Pipeline/Pipeline.php(183): Illuminate\\Foundation\\Http\\Middleware\\ConvertEmptyStringsToNull->handle()
#52 /home/ubuntu/escolavistaalegre/backend/vendor/laravel/framework/src/Illuminate/Foundation/Http/Middleware/TransformsRequest.php(21): Illuminate\\Pipeline\\Pipeline->Illuminate\\Pipeline\\{closure}()
#53 /home/ubuntu/escolavistaalegre/backend/vendor/laravel/framework/src/Illuminate/Foundation/Http/Middleware/TrimStrings.php(40): Illuminate\\Foundation\\Http\\Middleware\\TransformsRequest->handle()
#54 /home/ubuntu/escolavistaalegre/backend/vendor/laravel/framework/src/Illuminate/Pipeline/Pipeline.php(183): Illuminate\\Foundation\\Http\\Middleware\\TrimStrings->handle()
#55 /home/ubuntu/escolavistaalegre/backend/vendor/laravel/framework/src/Illuminate/Foundation/Http/Middleware/ValidatePostSize.php(27): Illuminate\\Pipeline\\Pipeline->Illuminate\\Pipeline\\{closure}()
#56 /home/ubuntu/escolavistaalegre/backend/vendor/laravel/framework/src/Illuminate/Pipeline/Pipeline.php(183): Illuminate\\Foundation\\Http\\Middleware\\ValidatePostSize->handle()
#57 /home/ubuntu/escolavistaalegre/backend/vendor/laravel/framework/src/Illuminate/Foundation/Http/Middleware/PreventRequestsDuringMaintenance.php(99): Illuminate\\Pipeline\\Pipeline->Illuminate\\Pipeline\\{closure}()
#58 /home/ubuntu/escolavistaalegre/backend/vendor/laravel/framework/src/Illuminate/Pipeline/Pipeline.php(183): Illuminate\\Foundation\\Http\\Middleware\\PreventRequestsDuringMaintenance->handle()
#59 /home/ubuntu/escolavistaalegre/backend/vendor/laravel/framework/src/Illuminate/Http/Middleware/HandleCors.php(49): Illuminate\\Pipeline\\Pipeline->Illuminate\\Pipeline\\{closure}()
#60 /home/ubuntu/escolavistaalegre/backend/vendor/laravel/framework/src/Illuminate/Pipeline/Pipeline.php(183): Illuminate\\Http\\Middleware\\HandleCors->handle()
#61 /home/ubuntu/escolavistaalegre/backend/vendor/laravel/framework/src/Illuminate/Http/Middleware/TrustProxies.php(39): Illuminate\\Pipeline\\Pipeline->Illuminate\\Pipeline\\{closure}()
#62 /home/ubuntu/escolavistaalegre/backend/vendor/laravel/framework/src/Illuminate/Pipeline/Pipeline.php(183): Illuminate\\Http\\Middleware\\TrustProxies->handle()
#63 /home/ubuntu/escolavistaalegre/backend/vendor/laravel/framework/src/Illuminate/Pipeline/Pipeline.php(119): Illuminate\\Pipeline\\Pipeline->Illuminate\\Pipeline\\{closure}()
#64 /home/ubuntu/escolavistaalegre/backend/vendor/laravel/framework/src/Illuminate/Foundation/Http/Kernel.php(175): Illuminate\\Pipeline\\Pipeline->then()
#65 /home/ubuntu/escolavistaalegre/backend/vendor/laravel/framework/src/Illuminate/Foundation/Http/Kernel.php(144): Illuminate\\Foundation\\Http\\Kernel->sendRequestThroughRouter()
#66 /home/ubuntu/escolavistaalegre/backend/public/index.php(52): Illuminate\\Foundation\\Http\\Kernel->handle()
#67 /home/ubuntu/escolavistaalegre/backend/vendor/laravel/framework/src/Illuminate/Foundation/resources/server.php(16): require_once('...')
#68 {main}

[previous exception] [object] (Illuminate\\Foundation\\ViteManifestNotFoundException(code: 0): Vite manifest not found at: /home/ubuntu/escolavistaalegre/backend/public/build/manifest.json at /home/ubuntu/escolavistaalegre/backend/vendor/laravel/framework/src/Illuminate/Foundation/Vite.php:728)
[stacktrace]
#0 /home/ubuntu/escolavistaalegre/backend/vendor/laravel/framework/src/Illuminate/Foundation/Vite.php(293): Illuminate\\Foundation\\Vite->manifest()
#1 /home/ubuntu/escolavistaalegre/backend/storage/framework/views/73b68312f6fb1d7d030fa01615c1700a.php(7): Illuminate\\Foundation\\Vite->__invoke()
#2 /home/ubuntu/escolavistaalegre/backend/vendor/laravel/framework/src/Illuminate/Filesystem/Filesystem.php(123): require('...')
#3 /home/ubuntu/escolavistaalegre/backend/vendor/laravel/framework/src/Illuminate/Filesystem/Filesystem.php(124): Illuminate\\Filesystem\\Filesystem::Illuminate\\Filesystem\\{closure}()
#4 /home/ubuntu/escolavistaalegre/backend/vendor/laravel/framework/src/Illuminate/View/Engines/PhpEngine.php(58): Illuminate\\Filesystem\\Filesystem->getRequire()
#5 /home/ubuntu/escolavistaalegre/backend/vendor/livewire/livewire/src/Mechanisms/ExtendBlade/ExtendedCompilerEngine.php(22): Illuminate\\View\\Engines\\PhpEngine->evaluatePath()
#6 /home/ubuntu/escolavistaalegre/backend/vendor/laravel/framework/src/Illuminate/View/Engines/CompilerEngine.php(72): Livewire\\Mechanisms\\ExtendBlade\\ExtendedCompilerEngine->evaluatePath()
#7 /home/ubuntu/escolavistaalegre/backend/vendor/livewire/livewire/src/Mechanisms/ExtendBlade/ExtendedCompilerEngine.php(10): Illuminate\\View\\Engines\\CompilerEngine->get()
#8 /home/ubuntu/escolavistaalegre/backend/vendor/laravel/framework/src/Illuminate/View/View.php(207): Livewire\\Mechanisms\\ExtendBlade\\ExtendedCompilerEngine->get()
#9 /home/ubuntu/escolavistaalegre/backend/vendor/laravel/framework/src/Illuminate/View/View.php(190): Illuminate\\View\\View->getContents()
#10 /home/ubuntu/escolavistaalegre/backend/vendor/laravel/framework/src/Illuminate/View/View.php(159): Illuminate\\View\\View->renderContents()
#11 /home/ubuntu/escolavistaalegre/backend/storage/framework/views/b60b772f152d103dbc2ffe21a2dfce38.php(97): Illuminate\\View\\View->render()
#12 /home/ubuntu/escolavistaalegre/backend/vendor/laravel/framework/src/Illuminate/Filesystem/Filesystem.php(123): require('...')
#13 /home/ubuntu/escolavistaalegre/backend/vendor/laravel/framework/src/Illuminate/Filesystem/Filesystem.php(124): Illuminate\\Filesystem\\Filesystem::Illuminate\\Filesystem\\{closure}()
#14 /home/ubuntu/escolavistaalegre/backend/vendor/laravel/framework/src/Illuminate/View/Engines/PhpEngine.php(58): Illuminate\\Filesystem\\Filesystem->getRequire()
#15 /home/ubuntu/escolavistaalegre/backend/vendor/livewire/livewire/src/Mechanisms/ExtendBlade/ExtendedCompilerEngine.php(22): Illuminate\\View\\Engines\\PhpEngine->evaluatePath()
#16 /home/ubuntu/escolavistaalegre/backend/vendor/laravel/framework/src/Illuminate/View/Engines/CompilerEngine.php(72): Livewire\\Mechanisms\\ExtendBlade\\ExtendedCompilerEngine->evaluatePath()
#17 /home/ubuntu/escolavistaalegre/backend/vendor/livewire/livewire/src/Mechanisms/ExtendBlade/ExtendedCompilerEngine.php(10): Illuminate\\View\\Engines\\CompilerEngine->get()
#18 /home/ubuntu/escolavistaalegre/backend/vendor/laravel/framework/src/Illuminate/View/View.php(207): Livewire\\Mechanisms\\ExtendBlade\\ExtendedCompilerEngine->get()
#19 /home/ubuntu/escolavistaalegre/backend/vendor/laravel/framework/src/Illuminate/View/View.php(190): Illuminate\\View\\View->getContents()
#20 /home/ubuntu/escolavistaalegre/backend/vendor/laravel/framework/src/Illuminate/View/View.php(159): Illuminate\\View\\View->renderContents()
#21 /home/ubuntu/escolavistaalegre/backend/vendor/laravel/framework/src/Illuminate/Http/Response.php(69): Illuminate\\View\\View->render()
#22 /home/ubuntu/escolavistaalegre/backend/vendor/laravel/framework/src/Illuminate/Http/Response.php(35): Illuminate\\Http\\Response->setContent()
#23 /home/ubuntu/escolavistaalegre/backend/vendor/laravel/framework/src/Illuminate/Routing/Router.php(918): Illuminate\\Http\\Response->__construct()
#24 /home/ubuntu/escolavistaalegre/backend/vendor/laravel/framework/src/Illuminate/Routing/Router.php(885): Illuminate\\Routing\\Router::toResponse()
#25 /home/ubuntu/escolavistaalegre/backend/vendor/laravel/framework/src/Illuminate/Routing/Router.php(806): Illuminate\\Routing\\Router->prepareResponse()
#26 /home/ubuntu/escolavistaalegre/backend/vendor/laravel/framework/src/Illuminate/Pipeline/Pipeline.php(144): Illuminate\\Routing\\Router->Illuminate\\Routing\\{closure}()
#27 /home/ubuntu/escolavistaalegre/backend/vendor/laravel/framework/src/Illuminate/Routing/Middleware/SubstituteBindings.php(50): Illuminate\\Pipeline\\Pipeline->Illuminate\\Pipeline\\{closure}()
#28 /home/ubuntu/escolavistaalegre/backend/vendor/laravel/framework/src/Illuminate/Pipeline/Pipeline.php(183): Illuminate\\Routing\\Middleware\\SubstituteBindings->handle()
#29 /home/ubuntu/escolavistaalegre/backend/vendor/laravel/framework/src/Illuminate/Foundation/Http/Middleware/VerifyCsrfToken.php(78): Illuminate\\Pipeline\\Pipeline->Illuminate\\Pipeline\\{closure}()
#30 /home/ubuntu/escolavistaalegre/backend/vendor/laravel/framework/src/Illuminate/Pipeline/Pipeline.php(183): Illuminate\\Foundation\\Http\\Middleware\\VerifyCsrfToken->handle()
#31 /home/ubuntu/escolavistaalegre/backend/vendor/laravel/framework/src/Illuminate/View/Middleware/ShareErrorsFromSession.php(49): Illuminate\\Pipeline\\Pipeline->Illuminate\\Pipeline\\{closure}()
#32 /home/ubuntu/escolavistaalegre/backend/vendor/laravel/framework/src/Illuminate/Pipeline/Pipeline.php(183): Illuminate\\View\\Middleware\\ShareErrorsFromSession->handle()
#33 /home/ubuntu/escolavistaalegre/backend/vendor/laravel/framework/src/Illuminate/Session/Middleware/StartSession.php(121): Illuminate\\Pipeline\\Pipeline->Illuminate\\Pipeline\\{closure}()
#34 /home/ubuntu/escolavistaalegre/backend/vendor/laravel/framework/src/Illuminate/Session/Middleware/StartSession.php(64): Illuminate\\Session\\Middleware\\StartSession->handleStatefulRequest()
#35 /home/ubuntu/escolavistaalegre/backend/vendor/laravel/framework/src/Illuminate/Pipeline/Pipeline.php(183): Illuminate\\Session\\Middleware\\StartSession->handle()
#36 /home/ubuntu/escolavistaalegre/backend/vendor/laravel/framework/src/Illuminate/Cookie/Middleware/AddQueuedCookiesToResponse.php(37): Illuminate\\Pipeline\\Pipeline->Illuminate\\Pipeline\\{closure}()
#37 /home/ubuntu/escolavistaalegre/backend/vendor/laravel/framework/src/Illuminate/Pipeline/Pipeline.php(183): Illuminate\\Cookie\\Middleware\\AddQueuedCookiesToResponse->handle()
#38 /home/ubuntu/escolavistaalegre/backend/vendor/laravel/framework/src/Illuminate/Cookie/Middleware/EncryptCookies.php(67): Illuminate\\Pipeline\\Pipeline->Illuminate\\Pipeline\\{closure}()
#39 /home/ubuntu/escolavistaalegre/backend/vendor/laravel/framework/src/Illuminate/Pipeline/Pipeline.php(183): Illuminate\\Cookie\\Middleware\\EncryptCookies->handle()
#40 /home/ubuntu/escolavistaalegre/backend/vendor/laravel/framework/src/Illuminate/Pipeline/Pipeline.php(119): Illuminate\\Pipeline\\Pipeline->Illuminate\\Pipeline\\{closure}()
#41 /home/ubuntu/escolavistaalegre/backend/vendor/laravel/framework/src/Illuminate/Routing/Router.php(807): Illuminate\\Pipeline\\Pipeline->then()
#42 /home/ubuntu/escolavistaalegre/backend/vendor/laravel/framework/src/Illuminate/Routing/Router.php(784): Illuminate\\Routing\\Router->runRouteWithinStack()
#43 /home/ubuntu/escolavistaalegre/backend/vendor/laravel/framework/src/Illuminate/Routing/Router.php(748): Illuminate\\Routing\\Router->runRoute()
#44 /home/ubuntu/escolavistaalegre/backend/vendor/laravel/framework/src/Illuminate/Routing/Router.php(737): Illuminate\\Routing\\Router->dispatchToRoute()
#45 /home/ubuntu/escolavistaalegre/backend/vendor/laravel/framework/src/Illuminate/Foundation/Http/Kernel.php(200): Illuminate\\Routing\\Router->dispatch()
#46 /home/ubuntu/escolavistaalegre/backend/vendor/laravel/framework/src/Illuminate/Pipeline/Pipeline.php(144): Illuminate\\Foundation\\Http\\Kernel->Illuminate\\Foundation\\Http\\{closure}()
#47 /home/ubuntu/escolavistaalegre/backend/vendor/livewire/livewire/src/Features/SupportDisablingBackButtonCache/DisableBackButtonCacheMiddleware.php(19): Illuminate\\Pipeline\\Pipeline->Illuminate\\Pipeline\\{closure}()
#48 /home/ubuntu/escolavistaalegre/backend/vendor/laravel/framework/src/Illuminate/Pipeline/Pipeline.php(183): Livewire\\Features\\SupportDisablingBackButtonCache\\DisableBackButtonCacheMiddleware->handle()
#49 /home/ubuntu/escolavistaalegre/backend/vendor/laravel/framework/src/Illuminate/Foundation/Http/Middleware/TransformsRequest.php(21): Illuminate\\Pipeline\\Pipeline->Illuminate\\Pipeline\\{closure}()
#50 /home/ubuntu/escolavistaalegre/backend/vendor/laravel/framework/src/Illuminate/Foundation/Http/Middleware/ConvertEmptyStringsToNull.php(31): Illuminate\\Foundation\\Http\\Middleware\\TransformsRequest->handle()
#51 /home/ubuntu/escolavistaalegre/backend/vendor/laravel/framework/src/Illuminate/Pipeline/Pipeline.php(183): Illuminate\\Foundation\\Http\\Middleware\\ConvertEmptyStringsToNull->handle()
#52 /home/ubuntu/escolavistaalegre/backend/vendor/laravel/framework/src/Illuminate/Foundation/Http/Middleware/TransformsRequest.php(21): Illuminate\\Pipeline\\Pipeline->Illuminate\\Pipeline\\{closure}()
#53 /home/ubuntu/escolavistaalegre/backend/vendor/laravel/framework/src/Illuminate/Foundation/Http/Middleware/TrimStrings.php(40): Illuminate\\Foundation\\Http\\Middleware\\TransformsRequest->handle()
#54 /home/ubuntu/escolavistaalegre/backend/vendor/laravel/framework/src/Illuminate/Pipeline/Pipeline.php(183): Illuminate\\Foundation\\Http\\Middleware\\TrimStrings->handle()
#55 /home/ubuntu/escolavistaalegre/backend/vendor/laravel/framework/src/Illuminate/Foundation/Http/Middleware/ValidatePostSize.php(27): Illuminate\\Pipeline\\Pipeline->Illuminate\\Pipeline\\{closure}()
#56 /home/ubuntu/escolavistaalegre/backend/vendor/laravel/framework/src/Illuminate/Pipeline/Pipeline.php(183): Illuminate\\Foundation\\Http\\Middleware\\ValidatePostSize->handle()
#57 /home/ubuntu/escolavistaalegre/backend/vendor/laravel/framework/src/Illuminate/Foundation/Http/Middleware/PreventRequestsDuringMaintenance.php(99): Illuminate\\Pipeline\\Pipeline->Illuminate\\Pipeline\\{closure}()
#58 /home/ubuntu/escolavistaalegre/backend/vendor/laravel/framework/src/Illuminate/Pipeline/Pipeline.php(183): Illuminate\\Foundation\\Http\\Middleware\\PreventRequestsDuringMaintenance->handle()
#59 /home/ubuntu/escolavistaalegre/backend/vendor/laravel/framework/src/Illuminate/Http/Middleware/HandleCors.php(49): Illuminate\\Pipeline\\Pipeline->Illuminate\\Pipeline\\{closure}()
#60 /home/ubuntu/escolavistaalegre/backend/vendor/laravel/framework/src/Illuminate/Pipeline/Pipeline.php(183): Illuminate\\Http\\Middleware\\HandleCors->handle()
#61 /home/ubuntu/escolavistaalegre/backend/vendor/laravel/framework/src/Illuminate/Http/Middleware/TrustProxies.php(39): Illuminate\\Pipeline\\Pipeline->Illuminate\\Pipeline\\{closure}()
#62 /home/ubuntu/escolavistaalegre/backend/vendor/laravel/framework/src/Illuminate/Pipeline/Pipeline.php(183): Illuminate\\Http\\Middleware\\TrustProxies->handle()
#63 /home/ubuntu/escolavistaalegre/backend/vendor/laravel/framework/src/Illuminate/Pipeline/Pipeline.php(119): Illuminate\\Pipeline\\Pipeline->Illuminate\\Pipeline\\{closure}()
#64 /home/ubuntu/escolavistaalegre/backend/vendor/laravel/framework/src/Illuminate/Foundation/Http/Kernel.php(175): Illuminate\\Pipeline\\Pipeline->then()
#65 /home/ubuntu/escolavistaalegre/backend/vendor/laravel/framework/src/Illuminate/Foundation/Http/Kernel.php(144): Illuminate\\Foundation\\Http\\Kernel->sendRequestThroughRouter()
#66 /home/ubuntu/escolavistaalegre/backend/public/index.php(52): Illuminate\\Foundation\\Http\\Kernel->handle()
#67 /home/ubuntu/escolavistaalegre/backend/vendor/laravel/framework/src/Illuminate/Foundation/resources/server.php(16): require_once('...')
#68 {main}
"}
[2025-06-03 14:54:46] PROD.ERROR: Vite manifest not found at: /home/ubuntu/escolavistaalegre/backend/public/build/manifest.json {"view":{"view":"/home/ubuntu/escolavistaalegre/backend/resources/views/layouts/public.blade.php","data":[]},"exception":"[object] (Spatie\\LaravelIgnition\\Exceptions\\ViewException(code: 0): Vite manifest not found at: /home/ubuntu/escolavistaalegre/backend/public/build/manifest.json at /home/ubuntu/escolavistaalegre/backend/vendor/laravel/framework/src/Illuminate/Foundation/Vite.php:728)
[stacktrace]
#0 /home/ubuntu/escolavistaalegre/backend/vendor/laravel/framework/src/Illuminate/Foundation/Vite.php(293): Illuminate\\Foundation\\Vite->manifest()
#1 /home/ubuntu/escolavistaalegre/backend/resources/views/layouts/public.blade.php(7): Illuminate\\Foundation\\Vite->__invoke()
#2 /home/ubuntu/escolavistaalegre/backend/vendor/laravel/framework/src/Illuminate/Filesystem/Filesystem.php(123): require('...')
#3 /home/ubuntu/escolavistaalegre/backend/vendor/laravel/framework/src/Illuminate/Filesystem/Filesystem.php(124): Illuminate\\Filesystem\\Filesystem::Illuminate\\Filesystem\\{closure}()
#4 /home/ubuntu/escolavistaalegre/backend/vendor/laravel/framework/src/Illuminate/View/Engines/PhpEngine.php(58): Illuminate\\Filesystem\\Filesystem->getRequire()
#5 /home/ubuntu/escolavistaalegre/backend/vendor/livewire/livewire/src/Mechanisms/ExtendBlade/ExtendedCompilerEngine.php(22): Illuminate\\View\\Engines\\PhpEngine->evaluatePath()
#6 /home/ubuntu/escolavistaalegre/backend/vendor/laravel/framework/src/Illuminate/View/Engines/CompilerEngine.php(72): Livewire\\Mechanisms\\ExtendBlade\\ExtendedCompilerEngine->evaluatePath()
#7 /home/ubuntu/escolavistaalegre/backend/vendor/livewire/livewire/src/Mechanisms/ExtendBlade/ExtendedCompilerEngine.php(10): Illuminate\\View\\Engines\\CompilerEngine->get()
#8 /home/ubuntu/escolavistaalegre/backend/vendor/laravel/framework/src/Illuminate/View/View.php(207): Livewire\\Mechanisms\\ExtendBlade\\ExtendedCompilerEngine->get()
#9 /home/ubuntu/escolavistaalegre/backend/vendor/laravel/framework/src/Illuminate/View/View.php(190): Illuminate\\View\\View->getContents()
#10 /home/ubuntu/escolavistaalegre/backend/vendor/laravel/framework/src/Illuminate/View/View.php(159): Illuminate\\View\\View->renderContents()
#11 /home/ubuntu/escolavistaalegre/backend/resources/views/public/home.blade.php(97): Illuminate\\View\\View->render()
#12 /home/ubuntu/escolavistaalegre/backend/vendor/laravel/framework/src/Illuminate/Filesystem/Filesystem.php(123): require('...')
#13 /home/ubuntu/escolavistaalegre/backend/vendor/laravel/framework/src/Illuminate/Filesystem/Filesystem.php(124): Illuminate\\Filesystem\\Filesystem::Illuminate\\Filesystem\\{closure}()
#14 /home/ubuntu/escolavistaalegre/backend/vendor/laravel/framework/src/Illuminate/View/Engines/PhpEngine.php(58): Illuminate\\Filesystem\\Filesystem->getRequire()
#15 /home/ubuntu/escolavistaalegre/backend/vendor/livewire/livewire/src/Mechanisms/ExtendBlade/ExtendedCompilerEngine.php(22): Illuminate\\View\\Engines\\PhpEngine->evaluatePath()
#16 /home/ubuntu/escolavistaalegre/backend/vendor/laravel/framework/src/Illuminate/View/Engines/CompilerEngine.php(72): Livewire\\Mechanisms\\ExtendBlade\\ExtendedCompilerEngine->evaluatePath()
#17 /home/ubuntu/escolavistaalegre/backend/vendor/livewire/livewire/src/Mechanisms/ExtendBlade/ExtendedCompilerEngine.php(10): Illuminate\\View\\Engines\\CompilerEngine->get()
#18 /home/ubuntu/escolavistaalegre/backend/vendor/laravel/framework/src/Illuminate/View/View.php(207): Livewire\\Mechanisms\\ExtendBlade\\ExtendedCompilerEngine->get()
#19 /home/ubuntu/escolavistaalegre/backend/vendor/laravel/framework/src/Illuminate/View/View.php(190): Illuminate\\View\\View->getContents()
#20 /home/ubuntu/escolavistaalegre/backend/vendor/laravel/framework/src/Illuminate/View/View.php(159): Illuminate\\View\\View->renderContents()
#21 /home/ubuntu/escolavistaalegre/backend/vendor/laravel/framework/src/Illuminate/Http/Response.php(69): Illuminate\\View\\View->render()
#22 /home/ubuntu/escolavistaalegre/backend/vendor/laravel/framework/src/Illuminate/Http/Response.php(35): Illuminate\\Http\\Response->setContent()
#23 /home/ubuntu/escolavistaalegre/backend/vendor/laravel/framework/src/Illuminate/Routing/Router.php(918): Illuminate\\Http\\Response->__construct()
#24 /home/ubuntu/escolavistaalegre/backend/vendor/laravel/framework/src/Illuminate/Routing/Router.php(885): Illuminate\\Routing\\Router::toResponse()
#25 /home/ubuntu/escolavistaalegre/backend/vendor/laravel/framework/src/Illuminate/Routing/Router.php(806): Illuminate\\Routing\\Router->prepareResponse()
#26 /home/ubuntu/escolavistaalegre/backend/vendor/laravel/framework/src/Illuminate/Pipeline/Pipeline.php(144): Illuminate\\Routing\\Router->Illuminate\\Routing\\{closure}()
#27 /home/ubuntu/escolavistaalegre/backend/vendor/laravel/framework/src/Illuminate/Routing/Middleware/SubstituteBindings.php(50): Illuminate\\Pipeline\\Pipeline->Illuminate\\Pipeline\\{closure}()
#28 /home/ubuntu/escolavistaalegre/backend/vendor/laravel/framework/src/Illuminate/Pipeline/Pipeline.php(183): Illuminate\\Routing\\Middleware\\SubstituteBindings->handle()
#29 /home/ubuntu/escolavistaalegre/backend/vendor/laravel/framework/src/Illuminate/Foundation/Http/Middleware/VerifyCsrfToken.php(78): Illuminate\\Pipeline\\Pipeline->Illuminate\\Pipeline\\{closure}()
#30 /home/ubuntu/escolavistaalegre/backend/vendor/laravel/framework/src/Illuminate/Pipeline/Pipeline.php(183): Illuminate\\Foundation\\Http\\Middleware\\VerifyCsrfToken->handle()
#31 /home/ubuntu/escolavistaalegre/backend/vendor/laravel/framework/src/Illuminate/View/Middleware/ShareErrorsFromSession.php(49): Illuminate\\Pipeline\\Pipeline->Illuminate\\Pipeline\\{closure}()
#32 /home/ubuntu/escolavistaalegre/backend/vendor/laravel/framework/src/Illuminate/Pipeline/Pipeline.php(183): Illuminate\\View\\Middleware\\ShareErrorsFromSession->handle()
#33 /home/ubuntu/escolavistaalegre/backend/vendor/laravel/framework/src/Illuminate/Session/Middleware/StartSession.php(121): Illuminate\\Pipeline\\Pipeline->Illuminate\\Pipeline\\{closure}()
#34 /home/ubuntu/escolavistaalegre/backend/vendor/laravel/framework/src/Illuminate/Session/Middleware/StartSession.php(64): Illuminate\\Session\\Middleware\\StartSession->handleStatefulRequest()
#35 /home/ubuntu/escolavistaalegre/backend/vendor/laravel/framework/src/Illuminate/Pipeline/Pipeline.php(183): Illuminate\\Session\\Middleware\\StartSession->handle()
#36 /home/ubuntu/escolavistaalegre/backend/vendor/laravel/framework/src/Illuminate/Cookie/Middleware/AddQueuedCookiesToResponse.php(37): Illuminate\\Pipeline\\Pipeline->Illuminate\\Pipeline\\{closure}()
#37 /home/ubuntu/escolavistaalegre/backend/vendor/laravel/framework/src/Illuminate/Pipeline/Pipeline.php(183): Illuminate\\Cookie\\Middleware\\AddQueuedCookiesToResponse->handle()
#38 /home/ubuntu/escolavistaalegre/backend/vendor/laravel/framework/src/Illuminate/Cookie/Middleware/EncryptCookies.php(67): Illuminate\\Pipeline\\Pipeline->Illuminate\\Pipeline\\{closure}()
#39 /home/ubuntu/escolavistaalegre/backend/vendor/laravel/framework/src/Illuminate/Pipeline/Pipeline.php(183): Illuminate\\Cookie\\Middleware\\EncryptCookies->handle()
#40 /home/ubuntu/escolavistaalegre/backend/vendor/laravel/framework/src/Illuminate/Pipeline/Pipeline.php(119): Illuminate\\Pipeline\\Pipeline->Illuminate\\Pipeline\\{closure}()
#41 /home/ubuntu/escolavistaalegre/backend/vendor/laravel/framework/src/Illuminate/Routing/Router.php(807): Illuminate\\Pipeline\\Pipeline->then()
#42 /home/ubuntu/escolavistaalegre/backend/vendor/laravel/framework/src/Illuminate/Routing/Router.php(784): Illuminate\\Routing\\Router->runRouteWithinStack()
#43 /home/ubuntu/escolavistaalegre/backend/vendor/laravel/framework/src/Illuminate/Routing/Router.php(748): Illuminate\\Routing\\Router->runRoute()
#44 /home/ubuntu/escolavistaalegre/backend/vendor/laravel/framework/src/Illuminate/Routing/Router.php(737): Illuminate\\Routing\\Router->dispatchToRoute()
#45 /home/ubuntu/escolavistaalegre/backend/vendor/laravel/framework/src/Illuminate/Foundation/Http/Kernel.php(200): Illuminate\\Routing\\Router->dispatch()
#46 /home/ubuntu/escolavistaalegre/backend/vendor/laravel/framework/src/Illuminate/Pipeline/Pipeline.php(144): Illuminate\\Foundation\\Http\\Kernel->Illuminate\\Foundation\\Http\\{closure}()
#47 /home/ubuntu/escolavistaalegre/backend/vendor/livewire/livewire/src/Features/SupportDisablingBackButtonCache/DisableBackButtonCacheMiddleware.php(19): Illuminate\\Pipeline\\Pipeline->Illuminate\\Pipeline\\{closure}()
#48 /home/ubuntu/escolavistaalegre/backend/vendor/laravel/framework/src/Illuminate/Pipeline/Pipeline.php(183): Livewire\\Features\\SupportDisablingBackButtonCache\\DisableBackButtonCacheMiddleware->handle()
#49 /home/ubuntu/escolavistaalegre/backend/vendor/laravel/framework/src/Illuminate/Foundation/Http/Middleware/TransformsRequest.php(21): Illuminate\\Pipeline\\Pipeline->Illuminate\\Pipeline\\{closure}()
#50 /home/ubuntu/escolavistaalegre/backend/vendor/laravel/framework/src/Illuminate/Foundation/Http/Middleware/ConvertEmptyStringsToNull.php(31): Illuminate\\Foundation\\Http\\Middleware\\TransformsRequest->handle()
#51 /home/ubuntu/escolavistaalegre/backend/vendor/laravel/framework/src/Illuminate/Pipeline/Pipeline.php(183): Illuminate\\Foundation\\Http\\Middleware\\ConvertEmptyStringsToNull->handle()
#52 /home/ubuntu/escolavistaalegre/backend/vendor/laravel/framework/src/Illuminate/Foundation/Http/Middleware/TransformsRequest.php(21): Illuminate\\Pipeline\\Pipeline->Illuminate\\Pipeline\\{closure}()
#53 /home/ubuntu/escolavistaalegre/backend/vendor/laravel/framework/src/Illuminate/Foundation/Http/Middleware/TrimStrings.php(40): Illuminate\\Foundation\\Http\\Middleware\\TransformsRequest->handle()
#54 /home/ubuntu/escolavistaalegre/backend/vendor/laravel/framework/src/Illuminate/Pipeline/Pipeline.php(183): Illuminate\\Foundation\\Http\\Middleware\\TrimStrings->handle()
#55 /home/ubuntu/escolavistaalegre/backend/vendor/laravel/framework/src/Illuminate/Foundation/Http/Middleware/ValidatePostSize.php(27): Illuminate\\Pipeline\\Pipeline->Illuminate\\Pipeline\\{closure}()
#56 /home/ubuntu/escolavistaalegre/backend/vendor/laravel/framework/src/Illuminate/Pipeline/Pipeline.php(183): Illuminate\\Foundation\\Http\\Middleware\\ValidatePostSize->handle()
#57 /home/ubuntu/escolavistaalegre/backend/vendor/laravel/framework/src/Illuminate/Foundation/Http/Middleware/PreventRequestsDuringMaintenance.php(99): Illuminate\\Pipeline\\Pipeline->Illuminate\\Pipeline\\{closure}()
#58 /home/ubuntu/escolavistaalegre/backend/vendor/laravel/framework/src/Illuminate/Pipeline/Pipeline.php(183): Illuminate\\Foundation\\Http\\Middleware\\PreventRequestsDuringMaintenance->handle()
#59 /home/ubuntu/escolavistaalegre/backend/vendor/laravel/framework/src/Illuminate/Http/Middleware/HandleCors.php(49): Illuminate\\Pipeline\\Pipeline->Illuminate\\Pipeline\\{closure}()
#60 /home/ubuntu/escolavistaalegre/backend/vendor/laravel/framework/src/Illuminate/Pipeline/Pipeline.php(183): Illuminate\\Http\\Middleware\\HandleCors->handle()
#61 /home/ubuntu/escolavistaalegre/backend/vendor/laravel/framework/src/Illuminate/Http/Middleware/TrustProxies.php(39): Illuminate\\Pipeline\\Pipeline->Illuminate\\Pipeline\\{closure}()
#62 /home/ubuntu/escolavistaalegre/backend/vendor/laravel/framework/src/Illuminate/Pipeline/Pipeline.php(183): Illuminate\\Http\\Middleware\\TrustProxies->handle()
#63 /home/ubuntu/escolavistaalegre/backend/vendor/laravel/framework/src/Illuminate/Pipeline/Pipeline.php(119): Illuminate\\Pipeline\\Pipeline->Illuminate\\Pipeline\\{closure}()
#64 /home/ubuntu/escolavistaalegre/backend/vendor/laravel/framework/src/Illuminate/Foundation/Http/Kernel.php(175): Illuminate\\Pipeline\\Pipeline->then()
#65 /home/ubuntu/escolavistaalegre/backend/vendor/laravel/framework/src/Illuminate/Foundation/Http/Kernel.php(144): Illuminate\\Foundation\\Http\\Kernel->sendRequestThroughRouter()
#66 /home/ubuntu/escolavistaalegre/backend/public/index.php(52): Illuminate\\Foundation\\Http\\Kernel->handle()
#67 /home/ubuntu/escolavistaalegre/backend/vendor/laravel/framework/src/Illuminate/Foundation/resources/server.php(16): require_once('...')
#68 {main}

[previous exception] [object] (Illuminate\\Foundation\\ViteManifestNotFoundException(code: 0): Vite manifest not found at: /home/ubuntu/escolavistaalegre/backend/public/build/manifest.json at /home/ubuntu/escolavistaalegre/backend/vendor/laravel/framework/src/Illuminate/Foundation/Vite.php:728)
[stacktrace]
#0 /home/ubuntu/escolavistaalegre/backend/vendor/laravel/framework/src/Illuminate/Foundation/Vite.php(293): Illuminate\\Foundation\\Vite->manifest()
#1 /home/ubuntu/escolavistaalegre/backend/storage/framework/views/73b68312f6fb1d7d030fa01615c1700a.php(7): Illuminate\\Foundation\\Vite->__invoke()
#2 /home/ubuntu/escolavistaalegre/backend/vendor/laravel/framework/src/Illuminate/Filesystem/Filesystem.php(123): require('...')
#3 /home/ubuntu/escolavistaalegre/backend/vendor/laravel/framework/src/Illuminate/Filesystem/Filesystem.php(124): Illuminate\\Filesystem\\Filesystem::Illuminate\\Filesystem\\{closure}()
#4 /home/ubuntu/escolavistaalegre/backend/vendor/laravel/framework/src/Illuminate/View/Engines/PhpEngine.php(58): Illuminate\\Filesystem\\Filesystem->getRequire()
#5 /home/ubuntu/escolavistaalegre/backend/vendor/livewire/livewire/src/Mechanisms/ExtendBlade/ExtendedCompilerEngine.php(22): Illuminate\\View\\Engines\\PhpEngine->evaluatePath()
#6 /home/ubuntu/escolavistaalegre/backend/vendor/laravel/framework/src/Illuminate/View/Engines/CompilerEngine.php(72): Livewire\\Mechanisms\\ExtendBlade\\ExtendedCompilerEngine->evaluatePath()
#7 /home/ubuntu/escolavistaalegre/backend/vendor/livewire/livewire/src/Mechanisms/ExtendBlade/ExtendedCompilerEngine.php(10): Illuminate\\View\\Engines\\CompilerEngine->get()
#8 /home/ubuntu/escolavistaalegre/backend/vendor/laravel/framework/src/Illuminate/View/View.php(207): Livewire\\Mechanisms\\ExtendBlade\\ExtendedCompilerEngine->get()
#9 /home/ubuntu/escolavistaalegre/backend/vendor/laravel/framework/src/Illuminate/View/View.php(190): Illuminate\\View\\View->getContents()
#10 /home/ubuntu/escolavistaalegre/backend/vendor/laravel/framework/src/Illuminate/View/View.php(159): Illuminate\\View\\View->renderContents()
#11 /home/ubuntu/escolavistaalegre/backend/storage/framework/views/b60b772f152d103dbc2ffe21a2dfce38.php(97): Illuminate\\View\\View->render()
#12 /home/ubuntu/escolavistaalegre/backend/vendor/laravel/framework/src/Illuminate/Filesystem/Filesystem.php(123): require('...')
#13 /home/ubuntu/escolavistaalegre/backend/vendor/laravel/framework/src/Illuminate/Filesystem/Filesystem.php(124): Illuminate\\Filesystem\\Filesystem::Illuminate\\Filesystem\\{closure}()
#14 /home/ubuntu/escolavistaalegre/backend/vendor/laravel/framework/src/Illuminate/View/Engines/PhpEngine.php(58): Illuminate\\Filesystem\\Filesystem->getRequire()
#15 /home/ubuntu/escolavistaalegre/backend/vendor/livewire/livewire/src/Mechanisms/ExtendBlade/ExtendedCompilerEngine.php(22): Illuminate\\View\\Engines\\PhpEngine->evaluatePath()
#16 /home/ubuntu/escolavistaalegre/backend/vendor/laravel/framework/src/Illuminate/View/Engines/CompilerEngine.php(72): Livewire\\Mechanisms\\ExtendBlade\\ExtendedCompilerEngine->evaluatePath()
#17 /home/ubuntu/escolavistaalegre/backend/vendor/livewire/livewire/src/Mechanisms/ExtendBlade/ExtendedCompilerEngine.php(10): Illuminate\\View\\Engines\\CompilerEngine->get()
#18 /home/ubuntu/escolavistaalegre/backend/vendor/laravel/framework/src/Illuminate/View/View.php(207): Livewire\\Mechanisms\\ExtendBlade\\ExtendedCompilerEngine->get()
#19 /home/ubuntu/escolavistaalegre/backend/vendor/laravel/framework/src/Illuminate/View/View.php(190): Illuminate\\View\\View->getContents()
#20 /home/ubuntu/escolavistaalegre/backend/vendor/laravel/framework/src/Illuminate/View/View.php(159): Illuminate\\View\\View->renderContents()
#21 /home/ubuntu/escolavistaalegre/backend/vendor/laravel/framework/src/Illuminate/Http/Response.php(69): Illuminate\\View\\View->render()
#22 /home/ubuntu/escolavistaalegre/backend/vendor/laravel/framework/src/Illuminate/Http/Response.php(35): Illuminate\\Http\\Response->setContent()
#23 /home/ubuntu/escolavistaalegre/backend/vendor/laravel/framework/src/Illuminate/Routing/Router.php(918): Illuminate\\Http\\Response->__construct()
#24 /home/ubuntu/escolavistaalegre/backend/vendor/laravel/framework/src/Illuminate/Routing/Router.php(885): Illuminate\\Routing\\Router::toResponse()
#25 /home/ubuntu/escolavistaalegre/backend/vendor/laravel/framework/src/Illuminate/Routing/Router.php(806): Illuminate\\Routing\\Router->prepareResponse()
#26 /home/ubuntu/escolavistaalegre/backend/vendor/laravel/framework/src/Illuminate/Pipeline/Pipeline.php(144): Illuminate\\Routing\\Router->Illuminate\\Routing\\{closure}()
#27 /home/ubuntu/escolavistaalegre/backend/vendor/laravel/framework/src/Illuminate/Routing/Middleware/SubstituteBindings.php(50): Illuminate\\Pipeline\\Pipeline->Illuminate\\Pipeline\\{closure}()
#28 /home/ubuntu/escolavistaalegre/backend/vendor/laravel/framework/src/Illuminate/Pipeline/Pipeline.php(183): Illuminate\\Routing\\Middleware\\SubstituteBindings->handle()
#29 /home/ubuntu/escolavistaalegre/backend/vendor/laravel/framework/src/Illuminate/Foundation/Http/Middleware/VerifyCsrfToken.php(78): Illuminate\\Pipeline\\Pipeline->Illuminate\\Pipeline\\{closure}()
#30 /home/ubuntu/escolavistaalegre/backend/vendor/laravel/framework/src/Illuminate/Pipeline/Pipeline.php(183): Illuminate\\Foundation\\Http\\Middleware\\VerifyCsrfToken->handle()
#31 /home/ubuntu/escolavistaalegre/backend/vendor/laravel/framework/src/Illuminate/View/Middleware/ShareErrorsFromSession.php(49): Illuminate\\Pipeline\\Pipeline->Illuminate\\Pipeline\\{closure}()
#32 /home/ubuntu/escolavistaalegre/backend/vendor/laravel/framework/src/Illuminate/Pipeline/Pipeline.php(183): Illuminate\\View\\Middleware\\ShareErrorsFromSession->handle()
#33 /home/ubuntu/escolavistaalegre/backend/vendor/laravel/framework/src/Illuminate/Session/Middleware/StartSession.php(121): Illuminate\\Pipeline\\Pipeline->Illuminate\\Pipeline\\{closure}()
#34 /home/ubuntu/escolavistaalegre/backend/vendor/laravel/framework/src/Illuminate/Session/Middleware/StartSession.php(64): Illuminate\\Session\\Middleware\\StartSession->handleStatefulRequest()
#35 /home/ubuntu/escolavistaalegre/backend/vendor/laravel/framework/src/Illuminate/Pipeline/Pipeline.php(183): Illuminate\\Session\\Middleware\\StartSession->handle()
#36 /home/ubuntu/escolavistaalegre/backend/vendor/laravel/framework/src/Illuminate/Cookie/Middleware/AddQueuedCookiesToResponse.php(37): Illuminate\\Pipeline\\Pipeline->Illuminate\\Pipeline\\{closure}()
#37 /home/ubuntu/escolavistaalegre/backend/vendor/laravel/framework/src/Illuminate/Pipeline/Pipeline.php(183): Illuminate\\Cookie\\Middleware\\AddQueuedCookiesToResponse->handle()
#38 /home/ubuntu/escolavistaalegre/backend/vendor/laravel/framework/src/Illuminate/Cookie/Middleware/EncryptCookies.php(67): Illuminate\\Pipeline\\Pipeline->Illuminate\\Pipeline\\{closure}()
#39 /home/ubuntu/escolavistaalegre/backend/vendor/laravel/framework/src/Illuminate/Pipeline/Pipeline.php(183): Illuminate\\Cookie\\Middleware\\EncryptCookies->handle()
#40 /home/ubuntu/escolavistaalegre/backend/vendor/laravel/framework/src/Illuminate/Pipeline/Pipeline.php(119): Illuminate\\Pipeline\\Pipeline->Illuminate\\Pipeline\\{closure}()
#41 /home/ubuntu/escolavistaalegre/backend/vendor/laravel/framework/src/Illuminate/Routing/Router.php(807): Illuminate\\Pipeline\\Pipeline->then()
#42 /home/ubuntu/escolavistaalegre/backend/vendor/laravel/framework/src/Illuminate/Routing/Router.php(784): Illuminate\\Routing\\Router->runRouteWithinStack()
#43 /home/ubuntu/escolavistaalegre/backend/vendor/laravel/framework/src/Illuminate/Routing/Router.php(748): Illuminate\\Routing\\Router->runRoute()
#44 /home/ubuntu/escolavistaalegre/backend/vendor/laravel/framework/src/Illuminate/Routing/Router.php(737): Illuminate\\Routing\\Router->dispatchToRoute()
#45 /home/ubuntu/escolavistaalegre/backend/vendor/laravel/framework/src/Illuminate/Foundation/Http/Kernel.php(200): Illuminate\\Routing\\Router->dispatch()
#46 /home/ubuntu/escolavistaalegre/backend/vendor/laravel/framework/src/Illuminate/Pipeline/Pipeline.php(144): Illuminate\\Foundation\\Http\\Kernel->Illuminate\\Foundation\\Http\\{closure}()
#47 /home/ubuntu/escolavistaalegre/backend/vendor/livewire/livewire/src/Features/SupportDisablingBackButtonCache/DisableBackButtonCacheMiddleware.php(19): Illuminate\\Pipeline\\Pipeline->Illuminate\\Pipeline\\{closure}()
#48 /home/ubuntu/escolavistaalegre/backend/vendor/laravel/framework/src/Illuminate/Pipeline/Pipeline.php(183): Livewire\\Features\\SupportDisablingBackButtonCache\\DisableBackButtonCacheMiddleware->handle()
#49 /home/ubuntu/escolavistaalegre/backend/vendor/laravel/framework/src/Illuminate/Foundation/Http/Middleware/TransformsRequest.php(21): Illuminate\\Pipeline\\Pipeline->Illuminate\\Pipeline\\{closure}()
#50 /home/ubuntu/escolavistaalegre/backend/vendor/laravel/framework/src/Illuminate/Foundation/Http/Middleware/ConvertEmptyStringsToNull.php(31): Illuminate\\Foundation\\Http\\Middleware\\TransformsRequest->handle()
#51 /home/ubuntu/escolavistaalegre/backend/vendor/laravel/framework/src/Illuminate/Pipeline/Pipeline.php(183): Illuminate\\Foundation\\Http\\Middleware\\ConvertEmptyStringsToNull->handle()
#52 /home/ubuntu/escolavistaalegre/backend/vendor/laravel/framework/src/Illuminate/Foundation/Http/Middleware/TransformsRequest.php(21): Illuminate\\Pipeline\\Pipeline->Illuminate\\Pipeline\\{closure}()
#53 /home/ubuntu/escolavistaalegre/backend/vendor/laravel/framework/src/Illuminate/Foundation/Http/Middleware/TrimStrings.php(40): Illuminate\\Foundation\\Http\\Middleware\\TransformsRequest->handle()
#54 /home/ubuntu/escolavistaalegre/backend/vendor/laravel/framework/src/Illuminate/Pipeline/Pipeline.php(183): Illuminate\\Foundation\\Http\\Middleware\\TrimStrings->handle()
#55 /home/ubuntu/escolavistaalegre/backend/vendor/laravel/framework/src/Illuminate/Foundation/Http/Middleware/ValidatePostSize.php(27): Illuminate\\Pipeline\\Pipeline->Illuminate\\Pipeline\\{closure}()
#56 /home/ubuntu/escolavistaalegre/backend/vendor/laravel/framework/src/Illuminate/Pipeline/Pipeline.php(183): Illuminate\\Foundation\\Http\\Middleware\\ValidatePostSize->handle()
#57 /home/ubuntu/escolavistaalegre/backend/vendor/laravel/framework/src/Illuminate/Foundation/Http/Middleware/PreventRequestsDuringMaintenance.php(99): Illuminate\\Pipeline\\Pipeline->Illuminate\\Pipeline\\{closure}()
#58 /home/ubuntu/escolavistaalegre/backend/vendor/laravel/framework/src/Illuminate/Pipeline/Pipeline.php(183): Illuminate\\Foundation\\Http\\Middleware\\PreventRequestsDuringMaintenance->handle()
#59 /home/ubuntu/escolavistaalegre/backend/vendor/laravel/framework/src/Illuminate/Http/Middleware/HandleCors.php(49): Illuminate\\Pipeline\\Pipeline->Illuminate\\Pipeline\\{closure}()
#60 /home/ubuntu/escolavistaalegre/backend/vendor/laravel/framework/src/Illuminate/Pipeline/Pipeline.php(183): Illuminate\\Http\\Middleware\\HandleCors->handle()
#61 /home/ubuntu/escolavistaalegre/backend/vendor/laravel/framework/src/Illuminate/Http/Middleware/TrustProxies.php(39): Illuminate\\Pipeline\\Pipeline->Illuminate\\Pipeline\\{closure}()
#62 /home/ubuntu/escolavistaalegre/backend/vendor/laravel/framework/src/Illuminate/Pipeline/Pipeline.php(183): Illuminate\\Http\\Middleware\\TrustProxies->handle()
#63 /home/ubuntu/escolavistaalegre/backend/vendor/laravel/framework/src/Illuminate/Pipeline/Pipeline.php(119): Illuminate\\Pipeline\\Pipeline->Illuminate\\Pipeline\\{closure}()
#64 /home/ubuntu/escolavistaalegre/backend/vendor/laravel/framework/src/Illuminate/Foundation/Http/Kernel.php(175): Illuminate\\Pipeline\\Pipeline->then()
#65 /home/ubuntu/escolavistaalegre/backend/vendor/laravel/framework/src/Illuminate/Foundation/Http/Kernel.php(144): Illuminate\\Foundation\\Http\\Kernel->sendRequestThroughRouter()
#66 /home/ubuntu/escolavistaalegre/backend/public/index.php(52): Illuminate\\Foundation\\Http\\Kernel->handle()
#67 /home/ubuntu/escolavistaalegre/backend/vendor/laravel/framework/src/Illuminate/Foundation/resources/server.php(16): require_once('...')
#68 {main}
"}
[2025-06-03 14:54:48] PROD.ERROR: Vite manifest not found at: /home/ubuntu/escolavistaalegre/backend/public/build/manifest.json {"view":{"view":"/home/ubuntu/escolavistaalegre/backend/resources/views/layouts/public.blade.php","data":[]},"exception":"[object] (Spatie\\LaravelIgnition\\Exceptions\\ViewException(code: 0): Vite manifest not found at: /home/ubuntu/escolavistaalegre/backend/public/build/manifest.json at /home/ubuntu/escolavistaalegre/backend/vendor/laravel/framework/src/Illuminate/Foundation/Vite.php:728)
[stacktrace]
#0 /home/ubuntu/escolavistaalegre/backend/vendor/laravel/framework/src/Illuminate/Foundation/Vite.php(293): Illuminate\\Foundation\\Vite->manifest()
#1 /home/ubuntu/escolavistaalegre/backend/resources/views/layouts/public.blade.php(7): Illuminate\\Foundation\\Vite->__invoke()
#2 /home/ubuntu/escolavistaalegre/backend/vendor/laravel/framework/src/Illuminate/Filesystem/Filesystem.php(123): require('...')
#3 /home/ubuntu/escolavistaalegre/backend/vendor/laravel/framework/src/Illuminate/Filesystem/Filesystem.php(124): Illuminate\\Filesystem\\Filesystem::Illuminate\\Filesystem\\{closure}()
#4 /home/ubuntu/escolavistaalegre/backend/vendor/laravel/framework/src/Illuminate/View/Engines/PhpEngine.php(58): Illuminate\\Filesystem\\Filesystem->getRequire()
#5 /home/ubuntu/escolavistaalegre/backend/vendor/livewire/livewire/src/Mechanisms/ExtendBlade/ExtendedCompilerEngine.php(22): Illuminate\\View\\Engines\\PhpEngine->evaluatePath()
#6 /home/ubuntu/escolavistaalegre/backend/vendor/laravel/framework/src/Illuminate/View/Engines/CompilerEngine.php(72): Livewire\\Mechanisms\\ExtendBlade\\ExtendedCompilerEngine->evaluatePath()
#7 /home/ubuntu/escolavistaalegre/backend/vendor/livewire/livewire/src/Mechanisms/ExtendBlade/ExtendedCompilerEngine.php(10): Illuminate\\View\\Engines\\CompilerEngine->get()
#8 /home/ubuntu/escolavistaalegre/backend/vendor/laravel/framework/src/Illuminate/View/View.php(207): Livewire\\Mechanisms\\ExtendBlade\\ExtendedCompilerEngine->get()
#9 /home/ubuntu/escolavistaalegre/backend/vendor/laravel/framework/src/Illuminate/View/View.php(190): Illuminate\\View\\View->getContents()
#10 /home/ubuntu/escolavistaalegre/backend/vendor/laravel/framework/src/Illuminate/View/View.php(159): Illuminate\\View\\View->renderContents()
#11 /home/ubuntu/escolavistaalegre/backend/resources/views/public/home.blade.php(97): Illuminate\\View\\View->render()
#12 /home/ubuntu/escolavistaalegre/backend/vendor/laravel/framework/src/Illuminate/Filesystem/Filesystem.php(123): require('...')
#13 /home/ubuntu/escolavistaalegre/backend/vendor/laravel/framework/src/Illuminate/Filesystem/Filesystem.php(124): Illuminate\\Filesystem\\Filesystem::Illuminate\\Filesystem\\{closure}()
#14 /home/ubuntu/escolavistaalegre/backend/vendor/laravel/framework/src/Illuminate/View/Engines/PhpEngine.php(58): Illuminate\\Filesystem\\Filesystem->getRequire()
#15 /home/ubuntu/escolavistaalegre/backend/vendor/livewire/livewire/src/Mechanisms/ExtendBlade/ExtendedCompilerEngine.php(22): Illuminate\\View\\Engines\\PhpEngine->evaluatePath()
#16 /home/ubuntu/escolavistaalegre/backend/vendor/laravel/framework/src/Illuminate/View/Engines/CompilerEngine.php(72): Livewire\\Mechanisms\\ExtendBlade\\ExtendedCompilerEngine->evaluatePath()
#17 /home/ubuntu/escolavistaalegre/backend/vendor/livewire/livewire/src/Mechanisms/ExtendBlade/ExtendedCompilerEngine.php(10): Illuminate\\View\\Engines\\CompilerEngine->get()
#18 /home/ubuntu/escolavistaalegre/backend/vendor/laravel/framework/src/Illuminate/View/View.php(207): Livewire\\Mechanisms\\ExtendBlade\\ExtendedCompilerEngine->get()
#19 /home/ubuntu/escolavistaalegre/backend/vendor/laravel/framework/src/Illuminate/View/View.php(190): Illuminate\\View\\View->getContents()
#20 /home/ubuntu/escolavistaalegre/backend/vendor/laravel/framework/src/Illuminate/View/View.php(159): Illuminate\\View\\View->renderContents()
#21 /home/ubuntu/escolavistaalegre/backend/vendor/laravel/framework/src/Illuminate/Http/Response.php(69): Illuminate\\View\\View->render()
#22 /home/ubuntu/escolavistaalegre/backend/vendor/laravel/framework/src/Illuminate/Http/Response.php(35): Illuminate\\Http\\Response->setContent()
#23 /home/ubuntu/escolavistaalegre/backend/vendor/laravel/framework/src/Illuminate/Routing/Router.php(918): Illuminate\\Http\\Response->__construct()
#24 /home/ubuntu/escolavistaalegre/backend/vendor/laravel/framework/src/Illuminate/Routing/Router.php(885): Illuminate\\Routing\\Router::toResponse()
#25 /home/ubuntu/escolavistaalegre/backend/vendor/laravel/framework/src/Illuminate/Routing/Router.php(806): Illuminate\\Routing\\Router->prepareResponse()
#26 /home/ubuntu/escolavistaalegre/backend/vendor/laravel/framework/src/Illuminate/Pipeline/Pipeline.php(144): Illuminate\\Routing\\Router->Illuminate\\Routing\\{closure}()
#27 /home/ubuntu/escolavistaalegre/backend/vendor/laravel/framework/src/Illuminate/Routing/Middleware/SubstituteBindings.php(50): Illuminate\\Pipeline\\Pipeline->Illuminate\\Pipeline\\{closure}()
#28 /home/ubuntu/escolavistaalegre/backend/vendor/laravel/framework/src/Illuminate/Pipeline/Pipeline.php(183): Illuminate\\Routing\\Middleware\\SubstituteBindings->handle()
#29 /home/ubuntu/escolavistaalegre/backend/vendor/laravel/framework/src/Illuminate/Foundation/Http/Middleware/VerifyCsrfToken.php(78): Illuminate\\Pipeline\\Pipeline->Illuminate\\Pipeline\\{closure}()
#30 /home/ubuntu/escolavistaalegre/backend/vendor/laravel/framework/src/Illuminate/Pipeline/Pipeline.php(183): Illuminate\\Foundation\\Http\\Middleware\\VerifyCsrfToken->handle()
#31 /home/ubuntu/escolavistaalegre/backend/vendor/laravel/framework/src/Illuminate/View/Middleware/ShareErrorsFromSession.php(49): Illuminate\\Pipeline\\Pipeline->Illuminate\\Pipeline\\{closure}()
#32 /home/ubuntu/escolavistaalegre/backend/vendor/laravel/framework/src/Illuminate/Pipeline/Pipeline.php(183): Illuminate\\View\\Middleware\\ShareErrorsFromSession->handle()
#33 /home/ubuntu/escolavistaalegre/backend/vendor/laravel/framework/src/Illuminate/Session/Middleware/StartSession.php(121): Illuminate\\Pipeline\\Pipeline->Illuminate\\Pipeline\\{closure}()
#34 /home/ubuntu/escolavistaalegre/backend/vendor/laravel/framework/src/Illuminate/Session/Middleware/StartSession.php(64): Illuminate\\Session\\Middleware\\StartSession->handleStatefulRequest()
#35 /home/ubuntu/escolavistaalegre/backend/vendor/laravel/framework/src/Illuminate/Pipeline/Pipeline.php(183): Illuminate\\Session\\Middleware\\StartSession->handle()
#36 /home/ubuntu/escolavistaalegre/backend/vendor/laravel/framework/src/Illuminate/Cookie/Middleware/AddQueuedCookiesToResponse.php(37): Illuminate\\Pipeline\\Pipeline->Illuminate\\Pipeline\\{closure}()
#37 /home/ubuntu/escolavistaalegre/backend/vendor/laravel/framework/src/Illuminate/Pipeline/Pipeline.php(183): Illuminate\\Cookie\\Middleware\\AddQueuedCookiesToResponse->handle()
#38 /home/ubuntu/escolavistaalegre/backend/vendor/laravel/framework/src/Illuminate/Cookie/Middleware/EncryptCookies.php(67): Illuminate\\Pipeline\\Pipeline->Illuminate\\Pipeline\\{closure}()
#39 /home/ubuntu/escolavistaalegre/backend/vendor/laravel/framework/src/Illuminate/Pipeline/Pipeline.php(183): Illuminate\\Cookie\\Middleware\\EncryptCookies->handle()
#40 /home/ubuntu/escolavistaalegre/backend/vendor/laravel/framework/src/Illuminate/Pipeline/Pipeline.php(119): Illuminate\\Pipeline\\Pipeline->Illuminate\\Pipeline\\{closure}()
#41 /home/ubuntu/escolavistaalegre/backend/vendor/laravel/framework/src/Illuminate/Routing/Router.php(807): Illuminate\\Pipeline\\Pipeline->then()
#42 /home/ubuntu/escolavistaalegre/backend/vendor/laravel/framework/src/Illuminate/Routing/Router.php(784): Illuminate\\Routing\\Router->runRouteWithinStack()
#43 /home/ubuntu/escolavistaalegre/backend/vendor/laravel/framework/src/Illuminate/Routing/Router.php(748): Illuminate\\Routing\\Router->runRoute()
#44 /home/ubuntu/escolavistaalegre/backend/vendor/laravel/framework/src/Illuminate/Routing/Router.php(737): Illuminate\\Routing\\Router->dispatchToRoute()
#45 /home/ubuntu/escolavistaalegre/backend/vendor/laravel/framework/src/Illuminate/Foundation/Http/Kernel.php(200): Illuminate\\Routing\\Router->dispatch()
#46 /home/ubuntu/escolavistaalegre/backend/vendor/laravel/framework/src/Illuminate/Pipeline/Pipeline.php(144): Illuminate\\Foundation\\Http\\Kernel->Illuminate\\Foundation\\Http\\{closure}()
#47 /home/ubuntu/escolavistaalegre/backend/vendor/livewire/livewire/src/Features/SupportDisablingBackButtonCache/DisableBackButtonCacheMiddleware.php(19): Illuminate\\Pipeline\\Pipeline->Illuminate\\Pipeline\\{closure}()
#48 /home/ubuntu/escolavistaalegre/backend/vendor/laravel/framework/src/Illuminate/Pipeline/Pipeline.php(183): Livewire\\Features\\SupportDisablingBackButtonCache\\DisableBackButtonCacheMiddleware->handle()
#49 /home/ubuntu/escolavistaalegre/backend/vendor/laravel/framework/src/Illuminate/Foundation/Http/Middleware/TransformsRequest.php(21): Illuminate\\Pipeline\\Pipeline->Illuminate\\Pipeline\\{closure}()
#50 /home/ubuntu/escolavistaalegre/backend/vendor/laravel/framework/src/Illuminate/Foundation/Http/Middleware/ConvertEmptyStringsToNull.php(31): Illuminate\\Foundation\\Http\\Middleware\\TransformsRequest->handle()
#51 /home/ubuntu/escolavistaalegre/backend/vendor/laravel/framework/src/Illuminate/Pipeline/Pipeline.php(183): Illuminate\\Foundation\\Http\\Middleware\\ConvertEmptyStringsToNull->handle()
#52 /home/ubuntu/escolavistaalegre/backend/vendor/laravel/framework/src/Illuminate/Foundation/Http/Middleware/TransformsRequest.php(21): Illuminate\\Pipeline\\Pipeline->Illuminate\\Pipeline\\{closure}()
#53 /home/ubuntu/escolavistaalegre/backend/vendor/laravel/framework/src/Illuminate/Foundation/Http/Middleware/TrimStrings.php(40): Illuminate\\Foundation\\Http\\Middleware\\TransformsRequest->handle()
#54 /home/ubuntu/escolavistaalegre/backend/vendor/laravel/framework/src/Illuminate/Pipeline/Pipeline.php(183): Illuminate\\Foundation\\Http\\Middleware\\TrimStrings->handle()
#55 /home/ubuntu/escolavistaalegre/backend/vendor/laravel/framework/src/Illuminate/Foundation/Http/Middleware/ValidatePostSize.php(27): Illuminate\\Pipeline\\Pipeline->Illuminate\\Pipeline\\{closure}()
#56 /home/ubuntu/escolavistaalegre/backend/vendor/laravel/framework/src/Illuminate/Pipeline/Pipeline.php(183): Illuminate\\Foundation\\Http\\Middleware\\ValidatePostSize->handle()
#57 /home/ubuntu/escolavistaalegre/backend/vendor/laravel/framework/src/Illuminate/Foundation/Http/Middleware/PreventRequestsDuringMaintenance.php(99): Illuminate\\Pipeline\\Pipeline->Illuminate\\Pipeline\\{closure}()
#58 /home/ubuntu/escolavistaalegre/backend/vendor/laravel/framework/src/Illuminate/Pipeline/Pipeline.php(183): Illuminate\\Foundation\\Http\\Middleware\\PreventRequestsDuringMaintenance->handle()
#59 /home/ubuntu/escolavistaalegre/backend/vendor/laravel/framework/src/Illuminate/Http/Middleware/HandleCors.php(49): Illuminate\\Pipeline\\Pipeline->Illuminate\\Pipeline\\{closure}()
#60 /home/ubuntu/escolavistaalegre/backend/vendor/laravel/framework/src/Illuminate/Pipeline/Pipeline.php(183): Illuminate\\Http\\Middleware\\HandleCors->handle()
#61 /home/ubuntu/escolavistaalegre/backend/vendor/laravel/framework/src/Illuminate/Http/Middleware/TrustProxies.php(39): Illuminate\\Pipeline\\Pipeline->Illuminate\\Pipeline\\{closure}()
#62 /home/ubuntu/escolavistaalegre/backend/vendor/laravel/framework/src/Illuminate/Pipeline/Pipeline.php(183): Illuminate\\Http\\Middleware\\TrustProxies->handle()
#63 /home/ubuntu/escolavistaalegre/backend/vendor/laravel/framework/src/Illuminate/Pipeline/Pipeline.php(119): Illuminate\\Pipeline\\Pipeline->Illuminate\\Pipeline\\{closure}()
#64 /home/ubuntu/escolavistaalegre/backend/vendor/laravel/framework/src/Illuminate/Foundation/Http/Kernel.php(175): Illuminate\\Pipeline\\Pipeline->then()
#65 /home/ubuntu/escolavistaalegre/backend/vendor/laravel/framework/src/Illuminate/Foundation/Http/Kernel.php(144): Illuminate\\Foundation\\Http\\Kernel->sendRequestThroughRouter()
#66 /home/ubuntu/escolavistaalegre/backend/public/index.php(52): Illuminate\\Foundation\\Http\\Kernel->handle()
#67 /home/ubuntu/escolavistaalegre/backend/vendor/laravel/framework/src/Illuminate/Foundation/resources/server.php(16): require_once('...')
#68 {main}

[previous exception] [object] (Illuminate\\Foundation\\ViteManifestNotFoundException(code: 0): Vite manifest not found at: /home/ubuntu/escolavistaalegre/backend/public/build/manifest.json at /home/ubuntu/escolavistaalegre/backend/vendor/laravel/framework/src/Illuminate/Foundation/Vite.php:728)
[stacktrace]
#0 /home/ubuntu/escolavistaalegre/backend/vendor/laravel/framework/src/Illuminate/Foundation/Vite.php(293): Illuminate\\Foundation\\Vite->manifest()
#1 /home/ubuntu/escolavistaalegre/backend/storage/framework/views/73b68312f6fb1d7d030fa01615c1700a.php(7): Illuminate\\Foundation\\Vite->__invoke()
#2 /home/ubuntu/escolavistaalegre/backend/vendor/laravel/framework/src/Illuminate/Filesystem/Filesystem.php(123): require('...')
#3 /home/ubuntu/escolavistaalegre/backend/vendor/laravel/framework/src/Illuminate/Filesystem/Filesystem.php(124): Illuminate\\Filesystem\\Filesystem::Illuminate\\Filesystem\\{closure}()
#4 /home/ubuntu/escolavistaalegre/backend/vendor/laravel/framework/src/Illuminate/View/Engines/PhpEngine.php(58): Illuminate\\Filesystem\\Filesystem->getRequire()
#5 /home/ubuntu/escolavistaalegre/backend/vendor/livewire/livewire/src/Mechanisms/ExtendBlade/ExtendedCompilerEngine.php(22): Illuminate\\View\\Engines\\PhpEngine->evaluatePath()
#6 /home/ubuntu/escolavistaalegre/backend/vendor/laravel/framework/src/Illuminate/View/Engines/CompilerEngine.php(72): Livewire\\Mechanisms\\ExtendBlade\\ExtendedCompilerEngine->evaluatePath()
#7 /home/ubuntu/escolavistaalegre/backend/vendor/livewire/livewire/src/Mechanisms/ExtendBlade/ExtendedCompilerEngine.php(10): Illuminate\\View\\Engines\\CompilerEngine->get()
#8 /home/ubuntu/escolavistaalegre/backend/vendor/laravel/framework/src/Illuminate/View/View.php(207): Livewire\\Mechanisms\\ExtendBlade\\ExtendedCompilerEngine->get()
#9 /home/ubuntu/escolavistaalegre/backend/vendor/laravel/framework/src/Illuminate/View/View.php(190): Illuminate\\View\\View->getContents()
#10 /home/ubuntu/escolavistaalegre/backend/vendor/laravel/framework/src/Illuminate/View/View.php(159): Illuminate\\View\\View->renderContents()
#11 /home/ubuntu/escolavistaalegre/backend/storage/framework/views/b60b772f152d103dbc2ffe21a2dfce38.php(97): Illuminate\\View\\View->render()
#12 /home/ubuntu/escolavistaalegre/backend/vendor/laravel/framework/src/Illuminate/Filesystem/Filesystem.php(123): require('...')
#13 /home/ubuntu/escolavistaalegre/backend/vendor/laravel/framework/src/Illuminate/Filesystem/Filesystem.php(124): Illuminate\\Filesystem\\Filesystem::Illuminate\\Filesystem\\{closure}()
#14 /home/ubuntu/escolavistaalegre/backend/vendor/laravel/framework/src/Illuminate/View/Engines/PhpEngine.php(58): Illuminate\\Filesystem\\Filesystem->getRequire()
#15 /home/ubuntu/escolavistaalegre/backend/vendor/livewire/livewire/src/Mechanisms/ExtendBlade/ExtendedCompilerEngine.php(22): Illuminate\\View\\Engines\\PhpEngine->evaluatePath()
#16 /home/ubuntu/escolavistaalegre/backend/vendor/laravel/framework/src/Illuminate/View/Engines/CompilerEngine.php(72): Livewire\\Mechanisms\\ExtendBlade\\ExtendedCompilerEngine->evaluatePath()
#17 /home/ubuntu/escolavistaalegre/backend/vendor/livewire/livewire/src/Mechanisms/ExtendBlade/ExtendedCompilerEngine.php(10): Illuminate\\View\\Engines\\CompilerEngine->get()
#18 /home/ubuntu/escolavistaalegre/backend/vendor/laravel/framework/src/Illuminate/View/View.php(207): Livewire\\Mechanisms\\ExtendBlade\\ExtendedCompilerEngine->get()
#19 /home/ubuntu/escolavistaalegre/backend/vendor/laravel/framework/src/Illuminate/View/View.php(190): Illuminate\\View\\View->getContents()
#20 /home/ubuntu/escolavistaalegre/backend/vendor/laravel/framework/src/Illuminate/View/View.php(159): Illuminate\\View\\View->renderContents()
#21 /home/ubuntu/escolavistaalegre/backend/vendor/laravel/framework/src/Illuminate/Http/Response.php(69): Illuminate\\View\\View->render()
#22 /home/ubuntu/escolavistaalegre/backend/vendor/laravel/framework/src/Illuminate/Http/Response.php(35): Illuminate\\Http\\Response->setContent()
#23 /home/ubuntu/escolavistaalegre/backend/vendor/laravel/framework/src/Illuminate/Routing/Router.php(918): Illuminate\\Http\\Response->__construct()
#24 /home/ubuntu/escolavistaalegre/backend/vendor/laravel/framework/src/Illuminate/Routing/Router.php(885): Illuminate\\Routing\\Router::toResponse()
#25 /home/ubuntu/escolavistaalegre/backend/vendor/laravel/framework/src/Illuminate/Routing/Router.php(806): Illuminate\\Routing\\Router->prepareResponse()
#26 /home/ubuntu/escolavistaalegre/backend/vendor/laravel/framework/src/Illuminate/Pipeline/Pipeline.php(144): Illuminate\\Routing\\Router->Illuminate\\Routing\\{closure}()
#27 /home/ubuntu/escolavistaalegre/backend/vendor/laravel/framework/src/Illuminate/Routing/Middleware/SubstituteBindings.php(50): Illuminate\\Pipeline\\Pipeline->Illuminate\\Pipeline\\{closure}()
#28 /home/ubuntu/escolavistaalegre/backend/vendor/laravel/framework/src/Illuminate/Pipeline/Pipeline.php(183): Illuminate\\Routing\\Middleware\\SubstituteBindings->handle()
#29 /home/ubuntu/escolavistaalegre/backend/vendor/laravel/framework/src/Illuminate/Foundation/Http/Middleware/VerifyCsrfToken.php(78): Illuminate\\Pipeline\\Pipeline->Illuminate\\Pipeline\\{closure}()
#30 /home/ubuntu/escolavistaalegre/backend/vendor/laravel/framework/src/Illuminate/Pipeline/Pipeline.php(183): Illuminate\\Foundation\\Http\\Middleware\\VerifyCsrfToken->handle()
#31 /home/ubuntu/escolavistaalegre/backend/vendor/laravel/framework/src/Illuminate/View/Middleware/ShareErrorsFromSession.php(49): Illuminate\\Pipeline\\Pipeline->Illuminate\\Pipeline\\{closure}()
#32 /home/ubuntu/escolavistaalegre/backend/vendor/laravel/framework/src/Illuminate/Pipeline/Pipeline.php(183): Illuminate\\View\\Middleware\\ShareErrorsFromSession->handle()
#33 /home/ubuntu/escolavistaalegre/backend/vendor/laravel/framework/src/Illuminate/Session/Middleware/StartSession.php(121): Illuminate\\Pipeline\\Pipeline->Illuminate\\Pipeline\\{closure}()
#34 /home/ubuntu/escolavistaalegre/backend/vendor/laravel/framework/src/Illuminate/Session/Middleware/StartSession.php(64): Illuminate\\Session\\Middleware\\StartSession->handleStatefulRequest()
#35 /home/ubuntu/escolavistaalegre/backend/vendor/laravel/framework/src/Illuminate/Pipeline/Pipeline.php(183): Illuminate\\Session\\Middleware\\StartSession->handle()
#36 /home/ubuntu/escolavistaalegre/backend/vendor/laravel/framework/src/Illuminate/Cookie/Middleware/AddQueuedCookiesToResponse.php(37): Illuminate\\Pipeline\\Pipeline->Illuminate\\Pipeline\\{closure}()
#37 /home/ubuntu/escolavistaalegre/backend/vendor/laravel/framework/src/Illuminate/Pipeline/Pipeline.php(183): Illuminate\\Cookie\\Middleware\\AddQueuedCookiesToResponse->handle()
#38 /home/ubuntu/escolavistaalegre/backend/vendor/laravel/framework/src/Illuminate/Cookie/Middleware/EncryptCookies.php(67): Illuminate\\Pipeline\\Pipeline->Illuminate\\Pipeline\\{closure}()
#39 /home/ubuntu/escolavistaalegre/backend/vendor/laravel/framework/src/Illuminate/Pipeline/Pipeline.php(183): Illuminate\\Cookie\\Middleware\\EncryptCookies->handle()
#40 /home/ubuntu/escolavistaalegre/backend/vendor/laravel/framework/src/Illuminate/Pipeline/Pipeline.php(119): Illuminate\\Pipeline\\Pipeline->Illuminate\\Pipeline\\{closure}()
#41 /home/ubuntu/escolavistaalegre/backend/vendor/laravel/framework/src/Illuminate/Routing/Router.php(807): Illuminate\\Pipeline\\Pipeline->then()
#42 /home/ubuntu/escolavistaalegre/backend/vendor/laravel/framework/src/Illuminate/Routing/Router.php(784): Illuminate\\Routing\\Router->runRouteWithinStack()
#43 /home/ubuntu/escolavistaalegre/backend/vendor/laravel/framework/src/Illuminate/Routing/Router.php(748): Illuminate\\Routing\\Router->runRoute()
#44 /home/ubuntu/escolavistaalegre/backend/vendor/laravel/framework/src/Illuminate/Routing/Router.php(737): Illuminate\\Routing\\Router->dispatchToRoute()
#45 /home/ubuntu/escolavistaalegre/backend/vendor/laravel/framework/src/Illuminate/Foundation/Http/Kernel.php(200): Illuminate\\Routing\\Router->dispatch()
#46 /home/ubuntu/escolavistaalegre/backend/vendor/laravel/framework/src/Illuminate/Pipeline/Pipeline.php(144): Illuminate\\Foundation\\Http\\Kernel->Illuminate\\Foundation\\Http\\{closure}()
#47 /home/ubuntu/escolavistaalegre/backend/vendor/livewire/livewire/src/Features/SupportDisablingBackButtonCache/DisableBackButtonCacheMiddleware.php(19): Illuminate\\Pipeline\\Pipeline->Illuminate\\Pipeline\\{closure}()
#48 /home/ubuntu/escolavistaalegre/backend/vendor/laravel/framework/src/Illuminate/Pipeline/Pipeline.php(183): Livewire\\Features\\SupportDisablingBackButtonCache\\DisableBackButtonCacheMiddleware->handle()
#49 /home/ubuntu/escolavistaalegre/backend/vendor/laravel/framework/src/Illuminate/Foundation/Http/Middleware/TransformsRequest.php(21): Illuminate\\Pipeline\\Pipeline->Illuminate\\Pipeline\\{closure}()
#50 /home/ubuntu/escolavistaalegre/backend/vendor/laravel/framework/src/Illuminate/Foundation/Http/Middleware/ConvertEmptyStringsToNull.php(31): Illuminate\\Foundation\\Http\\Middleware\\TransformsRequest->handle()
#51 /home/ubuntu/escolavistaalegre/backend/vendor/laravel/framework/src/Illuminate/Pipeline/Pipeline.php(183): Illuminate\\Foundation\\Http\\Middleware\\ConvertEmptyStringsToNull->handle()
#52 /home/ubuntu/escolavistaalegre/backend/vendor/laravel/framework/src/Illuminate/Foundation/Http/Middleware/TransformsRequest.php(21): Illuminate\\Pipeline\\Pipeline->Illuminate\\Pipeline\\{closure}()
#53 /home/ubuntu/escolavistaalegre/backend/vendor/laravel/framework/src/Illuminate/Foundation/Http/Middleware/TrimStrings.php(40): Illuminate\\Foundation\\Http\\Middleware\\TransformsRequest->handle()
#54 /home/ubuntu/escolavistaalegre/backend/vendor/laravel/framework/src/Illuminate/Pipeline/Pipeline.php(183): Illuminate\\Foundation\\Http\\Middleware\\TrimStrings->handle()
#55 /home/ubuntu/escolavistaalegre/backend/vendor/laravel/framework/src/Illuminate/Foundation/Http/Middleware/ValidatePostSize.php(27): Illuminate\\Pipeline\\Pipeline->Illuminate\\Pipeline\\{closure}()
#56 /home/ubuntu/escolavistaalegre/backend/vendor/laravel/framework/src/Illuminate/Pipeline/Pipeline.php(183): Illuminate\\Foundation\\Http\\Middleware\\ValidatePostSize->handle()
#57 /home/ubuntu/escolavistaalegre/backend/vendor/laravel/framework/src/Illuminate/Foundation/Http/Middleware/PreventRequestsDuringMaintenance.php(99): Illuminate\\Pipeline\\Pipeline->Illuminate\\Pipeline\\{closure}()
#58 /home/ubuntu/escolavistaalegre/backend/vendor/laravel/framework/src/Illuminate/Pipeline/Pipeline.php(183): Illuminate\\Foundation\\Http\\Middleware\\PreventRequestsDuringMaintenance->handle()
#59 /home/ubuntu/escolavistaalegre/backend/vendor/laravel/framework/src/Illuminate/Http/Middleware/HandleCors.php(49): Illuminate\\Pipeline\\Pipeline->Illuminate\\Pipeline\\{closure}()
#60 /home/ubuntu/escolavistaalegre/backend/vendor/laravel/framework/src/Illuminate/Pipeline/Pipeline.php(183): Illuminate\\Http\\Middleware\\HandleCors->handle()
#61 /home/ubuntu/escolavistaalegre/backend/vendor/laravel/framework/src/Illuminate/Http/Middleware/TrustProxies.php(39): Illuminate\\Pipeline\\Pipeline->Illuminate\\Pipeline\\{closure}()
#62 /home/ubuntu/escolavistaalegre/backend/vendor/laravel/framework/src/Illuminate/Pipeline/Pipeline.php(183): Illuminate\\Http\\Middleware\\TrustProxies->handle()
#63 /home/ubuntu/escolavistaalegre/backend/vendor/laravel/framework/src/Illuminate/Pipeline/Pipeline.php(119): Illuminate\\Pipeline\\Pipeline->Illuminate\\Pipeline\\{closure}()
#64 /home/ubuntu/escolavistaalegre/backend/vendor/laravel/framework/src/Illuminate/Foundation/Http/Kernel.php(175): Illuminate\\Pipeline\\Pipeline->then()
#65 /home/ubuntu/escolavistaalegre/backend/vendor/laravel/framework/src/Illuminate/Foundation/Http/Kernel.php(144): Illuminate\\Foundation\\Http\\Kernel->sendRequestThroughRouter()
#66 /home/ubuntu/escolavistaalegre/backend/public/index.php(52): Illuminate\\Foundation\\Http\\Kernel->handle()
#67 /home/ubuntu/escolavistaalegre/backend/vendor/laravel/framework/src/Illuminate/Foundation/resources/server.php(16): require_once('...')
#68 {main}
"}
[2025-06-03 14:55:06] PROD.ERROR: Vite manifest not found at: /home/ubuntu/escolavistaalegre/backend/public/build/manifest.json {"view":{"view":"/home/ubuntu/escolavistaalegre/backend/resources/views/layouts/public.blade.php","data":[]},"exception":"[object] (Spatie\\LaravelIgnition\\Exceptions\\ViewException(code: 0): Vite manifest not found at: /home/ubuntu/escolavistaalegre/backend/public/build/manifest.json at /home/ubuntu/escolavistaalegre/backend/vendor/laravel/framework/src/Illuminate/Foundation/Vite.php:728)
[stacktrace]
#0 /home/ubuntu/escolavistaalegre/backend/vendor/laravel/framework/src/Illuminate/Foundation/Vite.php(293): Illuminate\\Foundation\\Vite->manifest()
#1 /home/ubuntu/escolavistaalegre/backend/resources/views/layouts/public.blade.php(7): Illuminate\\Foundation\\Vite->__invoke()
#2 /home/ubuntu/escolavistaalegre/backend/vendor/laravel/framework/src/Illuminate/Filesystem/Filesystem.php(123): require('...')
#3 /home/ubuntu/escolavistaalegre/backend/vendor/laravel/framework/src/Illuminate/Filesystem/Filesystem.php(124): Illuminate\\Filesystem\\Filesystem::Illuminate\\Filesystem\\{closure}()
#4 /home/ubuntu/escolavistaalegre/backend/vendor/laravel/framework/src/Illuminate/View/Engines/PhpEngine.php(58): Illuminate\\Filesystem\\Filesystem->getRequire()
#5 /home/ubuntu/escolavistaalegre/backend/vendor/livewire/livewire/src/Mechanisms/ExtendBlade/ExtendedCompilerEngine.php(22): Illuminate\\View\\Engines\\PhpEngine->evaluatePath()
#6 /home/ubuntu/escolavistaalegre/backend/vendor/laravel/framework/src/Illuminate/View/Engines/CompilerEngine.php(72): Livewire\\Mechanisms\\ExtendBlade\\ExtendedCompilerEngine->evaluatePath()
#7 /home/ubuntu/escolavistaalegre/backend/vendor/livewire/livewire/src/Mechanisms/ExtendBlade/ExtendedCompilerEngine.php(10): Illuminate\\View\\Engines\\CompilerEngine->get()
#8 /home/ubuntu/escolavistaalegre/backend/vendor/laravel/framework/src/Illuminate/View/View.php(207): Livewire\\Mechanisms\\ExtendBlade\\ExtendedCompilerEngine->get()
#9 /home/ubuntu/escolavistaalegre/backend/vendor/laravel/framework/src/Illuminate/View/View.php(190): Illuminate\\View\\View->getContents()
#10 /home/ubuntu/escolavistaalegre/backend/vendor/laravel/framework/src/Illuminate/View/View.php(159): Illuminate\\View\\View->renderContents()
#11 /home/ubuntu/escolavistaalegre/backend/resources/views/public/home.blade.php(97): Illuminate\\View\\View->render()
#12 /home/ubuntu/escolavistaalegre/backend/vendor/laravel/framework/src/Illuminate/Filesystem/Filesystem.php(123): require('...')
#13 /home/ubuntu/escolavistaalegre/backend/vendor/laravel/framework/src/Illuminate/Filesystem/Filesystem.php(124): Illuminate\\Filesystem\\Filesystem::Illuminate\\Filesystem\\{closure}()
#14 /home/ubuntu/escolavistaalegre/backend/vendor/laravel/framework/src/Illuminate/View/Engines/PhpEngine.php(58): Illuminate\\Filesystem\\Filesystem->getRequire()
#15 /home/ubuntu/escolavistaalegre/backend/vendor/livewire/livewire/src/Mechanisms/ExtendBlade/ExtendedCompilerEngine.php(22): Illuminate\\View\\Engines\\PhpEngine->evaluatePath()
#16 /home/ubuntu/escolavistaalegre/backend/vendor/laravel/framework/src/Illuminate/View/Engines/CompilerEngine.php(72): Livewire\\Mechanisms\\ExtendBlade\\ExtendedCompilerEngine->evaluatePath()
#17 /home/ubuntu/escolavistaalegre/backend/vendor/livewire/livewire/src/Mechanisms/ExtendBlade/ExtendedCompilerEngine.php(10): Illuminate\\View\\Engines\\CompilerEngine->get()
#18 /home/ubuntu/escolavistaalegre/backend/vendor/laravel/framework/src/Illuminate/View/View.php(207): Livewire\\Mechanisms\\ExtendBlade\\ExtendedCompilerEngine->get()
#19 /home/ubuntu/escolavistaalegre/backend/vendor/laravel/framework/src/Illuminate/View/View.php(190): Illuminate\\View\\View->getContents()
#20 /home/ubuntu/escolavistaalegre/backend/vendor/laravel/framework/src/Illuminate/View/View.php(159): Illuminate\\View\\View->renderContents()
#21 /home/ubuntu/escolavistaalegre/backend/vendor/laravel/framework/src/Illuminate/Http/Response.php(69): Illuminate\\View\\View->render()
#22 /home/ubuntu/escolavistaalegre/backend/vendor/laravel/framework/src/Illuminate/Http/Response.php(35): Illuminate\\Http\\Response->setContent()
#23 /home/ubuntu/escolavistaalegre/backend/vendor/laravel/framework/src/Illuminate/Routing/Router.php(918): Illuminate\\Http\\Response->__construct()
#24 /home/ubuntu/escolavistaalegre/backend/vendor/laravel/framework/src/Illuminate/Routing/Router.php(885): Illuminate\\Routing\\Router::toResponse()
#25 /home/ubuntu/escolavistaalegre/backend/vendor/laravel/framework/src/Illuminate/Routing/Router.php(806): Illuminate\\Routing\\Router->prepareResponse()
#26 /home/ubuntu/escolavistaalegre/backend/vendor/laravel/framework/src/Illuminate/Pipeline/Pipeline.php(144): Illuminate\\Routing\\Router->Illuminate\\Routing\\{closure}()
#27 /home/ubuntu/escolavistaalegre/backend/vendor/laravel/framework/src/Illuminate/Routing/Middleware/SubstituteBindings.php(50): Illuminate\\Pipeline\\Pipeline->Illuminate\\Pipeline\\{closure}()
#28 /home/ubuntu/escolavistaalegre/backend/vendor/laravel/framework/src/Illuminate/Pipeline/Pipeline.php(183): Illuminate\\Routing\\Middleware\\SubstituteBindings->handle()
#29 /home/ubuntu/escolavistaalegre/backend/vendor/laravel/framework/src/Illuminate/Foundation/Http/Middleware/VerifyCsrfToken.php(78): Illuminate\\Pipeline\\Pipeline->Illuminate\\Pipeline\\{closure}()
#30 /home/ubuntu/escolavistaalegre/backend/vendor/laravel/framework/src/Illuminate/Pipeline/Pipeline.php(183): Illuminate\\Foundation\\Http\\Middleware\\VerifyCsrfToken->handle()
#31 /home/ubuntu/escolavistaalegre/backend/vendor/laravel/framework/src/Illuminate/View/Middleware/ShareErrorsFromSession.php(49): Illuminate\\Pipeline\\Pipeline->Illuminate\\Pipeline\\{closure}()
#32 /home/ubuntu/escolavistaalegre/backend/vendor/laravel/framework/src/Illuminate/Pipeline/Pipeline.php(183): Illuminate\\View\\Middleware\\ShareErrorsFromSession->handle()
#33 /home/ubuntu/escolavistaalegre/backend/vendor/laravel/framework/src/Illuminate/Session/Middleware/StartSession.php(121): Illuminate\\Pipeline\\Pipeline->Illuminate\\Pipeline\\{closure}()
#34 /home/ubuntu/escolavistaalegre/backend/vendor/laravel/framework/src/Illuminate/Session/Middleware/StartSession.php(64): Illuminate\\Session\\Middleware\\StartSession->handleStatefulRequest()
#35 /home/ubuntu/escolavistaalegre/backend/vendor/laravel/framework/src/Illuminate/Pipeline/Pipeline.php(183): Illuminate\\Session\\Middleware\\StartSession->handle()
#36 /home/ubuntu/escolavistaalegre/backend/vendor/laravel/framework/src/Illuminate/Cookie/Middleware/AddQueuedCookiesToResponse.php(37): Illuminate\\Pipeline\\Pipeline->Illuminate\\Pipeline\\{closure}()
#37 /home/ubuntu/escolavistaalegre/backend/vendor/laravel/framework/src/Illuminate/Pipeline/Pipeline.php(183): Illuminate\\Cookie\\Middleware\\AddQueuedCookiesToResponse->handle()
#38 /home/ubuntu/escolavistaalegre/backend/vendor/laravel/framework/src/Illuminate/Cookie/Middleware/EncryptCookies.php(67): Illuminate\\Pipeline\\Pipeline->Illuminate\\Pipeline\\{closure}()
#39 /home/ubuntu/escolavistaalegre/backend/vendor/laravel/framework/src/Illuminate/Pipeline/Pipeline.php(183): Illuminate\\Cookie\\Middleware\\EncryptCookies->handle()
#40 /home/ubuntu/escolavistaalegre/backend/vendor/laravel/framework/src/Illuminate/Pipeline/Pipeline.php(119): Illuminate\\Pipeline\\Pipeline->Illuminate\\Pipeline\\{closure}()
#41 /home/ubuntu/escolavistaalegre/backend/vendor/laravel/framework/src/Illuminate/Routing/Router.php(807): Illuminate\\Pipeline\\Pipeline->then()
#42 /home/ubuntu/escolavistaalegre/backend/vendor/laravel/framework/src/Illuminate/Routing/Router.php(784): Illuminate\\Routing\\Router->runRouteWithinStack()
#43 /home/ubuntu/escolavistaalegre/backend/vendor/laravel/framework/src/Illuminate/Routing/Router.php(748): Illuminate\\Routing\\Router->runRoute()
#44 /home/ubuntu/escolavistaalegre/backend/vendor/laravel/framework/src/Illuminate/Routing/Router.php(737): Illuminate\\Routing\\Router->dispatchToRoute()
#45 /home/ubuntu/escolavistaalegre/backend/vendor/laravel/framework/src/Illuminate/Foundation/Http/Kernel.php(200): Illuminate\\Routing\\Router->dispatch()
#46 /home/ubuntu/escolavistaalegre/backend/vendor/laravel/framework/src/Illuminate/Pipeline/Pipeline.php(144): Illuminate\\Foundation\\Http\\Kernel->Illuminate\\Foundation\\Http\\{closure}()
#47 /home/ubuntu/escolavistaalegre/backend/vendor/livewire/livewire/src/Features/SupportDisablingBackButtonCache/DisableBackButtonCacheMiddleware.php(19): Illuminate\\Pipeline\\Pipeline->Illuminate\\Pipeline\\{closure}()
#48 /home/ubuntu/escolavistaalegre/backend/vendor/laravel/framework/src/Illuminate/Pipeline/Pipeline.php(183): Livewire\\Features\\SupportDisablingBackButtonCache\\DisableBackButtonCacheMiddleware->handle()
#49 /home/ubuntu/escolavistaalegre/backend/vendor/laravel/framework/src/Illuminate/Foundation/Http/Middleware/TransformsRequest.php(21): Illuminate\\Pipeline\\Pipeline->Illuminate\\Pipeline\\{closure}()
#50 /home/ubuntu/escolavistaalegre/backend/vendor/laravel/framework/src/Illuminate/Foundation/Http/Middleware/ConvertEmptyStringsToNull.php(31): Illuminate\\Foundation\\Http\\Middleware\\TransformsRequest->handle()
#51 /home/ubuntu/escolavistaalegre/backend/vendor/laravel/framework/src/Illuminate/Pipeline/Pipeline.php(183): Illuminate\\Foundation\\Http\\Middleware\\ConvertEmptyStringsToNull->handle()
#52 /home/ubuntu/escolavistaalegre/backend/vendor/laravel/framework/src/Illuminate/Foundation/Http/Middleware/TransformsRequest.php(21): Illuminate\\Pipeline\\Pipeline->Illuminate\\Pipeline\\{closure}()
#53 /home/ubuntu/escolavistaalegre/backend/vendor/laravel/framework/src/Illuminate/Foundation/Http/Middleware/TrimStrings.php(40): Illuminate\\Foundation\\Http\\Middleware\\TransformsRequest->handle()
#54 /home/ubuntu/escolavistaalegre/backend/vendor/laravel/framework/src/Illuminate/Pipeline/Pipeline.php(183): Illuminate\\Foundation\\Http\\Middleware\\TrimStrings->handle()
#55 /home/ubuntu/escolavistaalegre/backend/vendor/laravel/framework/src/Illuminate/Foundation/Http/Middleware/ValidatePostSize.php(27): Illuminate\\Pipeline\\Pipeline->Illuminate\\Pipeline\\{closure}()
#56 /home/ubuntu/escolavistaalegre/backend/vendor/laravel/framework/src/Illuminate/Pipeline/Pipeline.php(183): Illuminate\\Foundation\\Http\\Middleware\\ValidatePostSize->handle()
#57 /home/ubuntu/escolavistaalegre/backend/vendor/laravel/framework/src/Illuminate/Foundation/Http/Middleware/PreventRequestsDuringMaintenance.php(99): Illuminate\\Pipeline\\Pipeline->Illuminate\\Pipeline\\{closure}()
#58 /home/ubuntu/escolavistaalegre/backend/vendor/laravel/framework/src/Illuminate/Pipeline/Pipeline.php(183): Illuminate\\Foundation\\Http\\Middleware\\PreventRequestsDuringMaintenance->handle()
#59 /home/ubuntu/escolavistaalegre/backend/vendor/laravel/framework/src/Illuminate/Http/Middleware/HandleCors.php(49): Illuminate\\Pipeline\\Pipeline->Illuminate\\Pipeline\\{closure}()
#60 /home/ubuntu/escolavistaalegre/backend/vendor/laravel/framework/src/Illuminate/Pipeline/Pipeline.php(183): Illuminate\\Http\\Middleware\\HandleCors->handle()
#61 /home/ubuntu/escolavistaalegre/backend/vendor/laravel/framework/src/Illuminate/Http/Middleware/TrustProxies.php(39): Illuminate\\Pipeline\\Pipeline->Illuminate\\Pipeline\\{closure}()
#62 /home/ubuntu/escolavistaalegre/backend/vendor/laravel/framework/src/Illuminate/Pipeline/Pipeline.php(183): Illuminate\\Http\\Middleware\\TrustProxies->handle()
#63 /home/ubuntu/escolavistaalegre/backend/vendor/laravel/framework/src/Illuminate/Pipeline/Pipeline.php(119): Illuminate\\Pipeline\\Pipeline->Illuminate\\Pipeline\\{closure}()
#64 /home/ubuntu/escolavistaalegre/backend/vendor/laravel/framework/src/Illuminate/Foundation/Http/Kernel.php(175): Illuminate\\Pipeline\\Pipeline->then()
#65 /home/ubuntu/escolavistaalegre/backend/vendor/laravel/framework/src/Illuminate/Foundation/Http/Kernel.php(144): Illuminate\\Foundation\\Http\\Kernel->sendRequestThroughRouter()
#66 /home/ubuntu/escolavistaalegre/backend/public/index.php(52): Illuminate\\Foundation\\Http\\Kernel->handle()
#67 /home/ubuntu/escolavistaalegre/backend/vendor/laravel/framework/src/Illuminate/Foundation/resources/server.php(16): require_once('...')
#68 {main}

[previous exception] [object] (Illuminate\\Foundation\\ViteManifestNotFoundException(code: 0): Vite manifest not found at: /home/ubuntu/escolavistaalegre/backend/public/build/manifest.json at /home/ubuntu/escolavistaalegre/backend/vendor/laravel/framework/src/Illuminate/Foundation/Vite.php:728)
[stacktrace]
#0 /home/ubuntu/escolavistaalegre/backend/vendor/laravel/framework/src/Illuminate/Foundation/Vite.php(293): Illuminate\\Foundation\\Vite->manifest()
#1 /home/ubuntu/escolavistaalegre/backend/storage/framework/views/73b68312f6fb1d7d030fa01615c1700a.php(7): Illuminate\\Foundation\\Vite->__invoke()
#2 /home/ubuntu/escolavistaalegre/backend/vendor/laravel/framework/src/Illuminate/Filesystem/Filesystem.php(123): require('...')
#3 /home/ubuntu/escolavistaalegre/backend/vendor/laravel/framework/src/Illuminate/Filesystem/Filesystem.php(124): Illuminate\\Filesystem\\Filesystem::Illuminate\\Filesystem\\{closure}()
#4 /home/ubuntu/escolavistaalegre/backend/vendor/laravel/framework/src/Illuminate/View/Engines/PhpEngine.php(58): Illuminate\\Filesystem\\Filesystem->getRequire()
#5 /home/ubuntu/escolavistaalegre/backend/vendor/livewire/livewire/src/Mechanisms/ExtendBlade/ExtendedCompilerEngine.php(22): Illuminate\\View\\Engines\\PhpEngine->evaluatePath()
#6 /home/ubuntu/escolavistaalegre/backend/vendor/laravel/framework/src/Illuminate/View/Engines/CompilerEngine.php(72): Livewire\\Mechanisms\\ExtendBlade\\ExtendedCompilerEngine->evaluatePath()
#7 /home/ubuntu/escolavistaalegre/backend/vendor/livewire/livewire/src/Mechanisms/ExtendBlade/ExtendedCompilerEngine.php(10): Illuminate\\View\\Engines\\CompilerEngine->get()
#8 /home/ubuntu/escolavistaalegre/backend/vendor/laravel/framework/src/Illuminate/View/View.php(207): Livewire\\Mechanisms\\ExtendBlade\\ExtendedCompilerEngine->get()
#9 /home/ubuntu/escolavistaalegre/backend/vendor/laravel/framework/src/Illuminate/View/View.php(190): Illuminate\\View\\View->getContents()
#10 /home/ubuntu/escolavistaalegre/backend/vendor/laravel/framework/src/Illuminate/View/View.php(159): Illuminate\\View\\View->renderContents()
#11 /home/ubuntu/escolavistaalegre/backend/storage/framework/views/b60b772f152d103dbc2ffe21a2dfce38.php(97): Illuminate\\View\\View->render()
#12 /home/ubuntu/escolavistaalegre/backend/vendor/laravel/framework/src/Illuminate/Filesystem/Filesystem.php(123): require('...')
#13 /home/ubuntu/escolavistaalegre/backend/vendor/laravel/framework/src/Illuminate/Filesystem/Filesystem.php(124): Illuminate\\Filesystem\\Filesystem::Illuminate\\Filesystem\\{closure}()
#14 /home/ubuntu/escolavistaalegre/backend/vendor/laravel/framework/src/Illuminate/View/Engines/PhpEngine.php(58): Illuminate\\Filesystem\\Filesystem->getRequire()
#15 /home/ubuntu/escolavistaalegre/backend/vendor/livewire/livewire/src/Mechanisms/ExtendBlade/ExtendedCompilerEngine.php(22): Illuminate\\View\\Engines\\PhpEngine->evaluatePath()
#16 /home/ubuntu/escolavistaalegre/backend/vendor/laravel/framework/src/Illuminate/View/Engines/CompilerEngine.php(72): Livewire\\Mechanisms\\ExtendBlade\\ExtendedCompilerEngine->evaluatePath()
#17 /home/ubuntu/escolavistaalegre/backend/vendor/livewire/livewire/src/Mechanisms/ExtendBlade/ExtendedCompilerEngine.php(10): Illuminate\\View\\Engines\\CompilerEngine->get()
#18 /home/ubuntu/escolavistaalegre/backend/vendor/laravel/framework/src/Illuminate/View/View.php(207): Livewire\\Mechanisms\\ExtendBlade\\ExtendedCompilerEngine->get()
#19 /home/ubuntu/escolavistaalegre/backend/vendor/laravel/framework/src/Illuminate/View/View.php(190): Illuminate\\View\\View->getContents()
#20 /home/ubuntu/escolavistaalegre/backend/vendor/laravel/framework/src/Illuminate/View/View.php(159): Illuminate\\View\\View->renderContents()
#21 /home/ubuntu/escolavistaalegre/backend/vendor/laravel/framework/src/Illuminate/Http/Response.php(69): Illuminate\\View\\View->render()
#22 /home/ubuntu/escolavistaalegre/backend/vendor/laravel/framework/src/Illuminate/Http/Response.php(35): Illuminate\\Http\\Response->setContent()
#23 /home/ubuntu/escolavistaalegre/backend/vendor/laravel/framework/src/Illuminate/Routing/Router.php(918): Illuminate\\Http\\Response->__construct()
#24 /home/ubuntu/escolavistaalegre/backend/vendor/laravel/framework/src/Illuminate/Routing/Router.php(885): Illuminate\\Routing\\Router::toResponse()
#25 /home/ubuntu/escolavistaalegre/backend/vendor/laravel/framework/src/Illuminate/Routing/Router.php(806): Illuminate\\Routing\\Router->prepareResponse()
#26 /home/ubuntu/escolavistaalegre/backend/vendor/laravel/framework/src/Illuminate/Pipeline/Pipeline.php(144): Illuminate\\Routing\\Router->Illuminate\\Routing\\{closure}()
#27 /home/ubuntu/escolavistaalegre/backend/vendor/laravel/framework/src/Illuminate/Routing/Middleware/SubstituteBindings.php(50): Illuminate\\Pipeline\\Pipeline->Illuminate\\Pipeline\\{closure}()
#28 /home/ubuntu/escolavistaalegre/backend/vendor/laravel/framework/src/Illuminate/Pipeline/Pipeline.php(183): Illuminate\\Routing\\Middleware\\SubstituteBindings->handle()
#29 /home/ubuntu/escolavistaalegre/backend/vendor/laravel/framework/src/Illuminate/Foundation/Http/Middleware/VerifyCsrfToken.php(78): Illuminate\\Pipeline\\Pipeline->Illuminate\\Pipeline\\{closure}()
#30 /home/ubuntu/escolavistaalegre/backend/vendor/laravel/framework/src/Illuminate/Pipeline/Pipeline.php(183): Illuminate\\Foundation\\Http\\Middleware\\VerifyCsrfToken->handle()
#31 /home/ubuntu/escolavistaalegre/backend/vendor/laravel/framework/src/Illuminate/View/Middleware/ShareErrorsFromSession.php(49): Illuminate\\Pipeline\\Pipeline->Illuminate\\Pipeline\\{closure}()
#32 /home/ubuntu/escolavistaalegre/backend/vendor/laravel/framework/src/Illuminate/Pipeline/Pipeline.php(183): Illuminate\\View\\Middleware\\ShareErrorsFromSession->handle()
#33 /home/ubuntu/escolavistaalegre/backend/vendor/laravel/framework/src/Illuminate/Session/Middleware/StartSession.php(121): Illuminate\\Pipeline\\Pipeline->Illuminate\\Pipeline\\{closure}()
#34 /home/ubuntu/escolavistaalegre/backend/vendor/laravel/framework/src/Illuminate/Session/Middleware/StartSession.php(64): Illuminate\\Session\\Middleware\\StartSession->handleStatefulRequest()
#35 /home/ubuntu/escolavistaalegre/backend/vendor/laravel/framework/src/Illuminate/Pipeline/Pipeline.php(183): Illuminate\\Session\\Middleware\\StartSession->handle()
#36 /home/ubuntu/escolavistaalegre/backend/vendor/laravel/framework/src/Illuminate/Cookie/Middleware/AddQueuedCookiesToResponse.php(37): Illuminate\\Pipeline\\Pipeline->Illuminate\\Pipeline\\{closure}()
#37 /home/ubuntu/escolavistaalegre/backend/vendor/laravel/framework/src/Illuminate/Pipeline/Pipeline.php(183): Illuminate\\Cookie\\Middleware\\AddQueuedCookiesToResponse->handle()
#38 /home/ubuntu/escolavistaalegre/backend/vendor/laravel/framework/src/Illuminate/Cookie/Middleware/EncryptCookies.php(67): Illuminate\\Pipeline\\Pipeline->Illuminate\\Pipeline\\{closure}()
#39 /home/ubuntu/escolavistaalegre/backend/vendor/laravel/framework/src/Illuminate/Pipeline/Pipeline.php(183): Illuminate\\Cookie\\Middleware\\EncryptCookies->handle()
#40 /home/ubuntu/escolavistaalegre/backend/vendor/laravel/framework/src/Illuminate/Pipeline/Pipeline.php(119): Illuminate\\Pipeline\\Pipeline->Illuminate\\Pipeline\\{closure}()
#41 /home/ubuntu/escolavistaalegre/backend/vendor/laravel/framework/src/Illuminate/Routing/Router.php(807): Illuminate\\Pipeline\\Pipeline->then()
#42 /home/ubuntu/escolavistaalegre/backend/vendor/laravel/framework/src/Illuminate/Routing/Router.php(784): Illuminate\\Routing\\Router->runRouteWithinStack()
#43 /home/ubuntu/escolavistaalegre/backend/vendor/laravel/framework/src/Illuminate/Routing/Router.php(748): Illuminate\\Routing\\Router->runRoute()
#44 /home/ubuntu/escolavistaalegre/backend/vendor/laravel/framework/src/Illuminate/Routing/Router.php(737): Illuminate\\Routing\\Router->dispatchToRoute()
#45 /home/ubuntu/escolavistaalegre/backend/vendor/laravel/framework/src/Illuminate/Foundation/Http/Kernel.php(200): Illuminate\\Routing\\Router->dispatch()
#46 /home/ubuntu/escolavistaalegre/backend/vendor/laravel/framework/src/Illuminate/Pipeline/Pipeline.php(144): Illuminate\\Foundation\\Http\\Kernel->Illuminate\\Foundation\\Http\\{closure}()
#47 /home/ubuntu/escolavistaalegre/backend/vendor/livewire/livewire/src/Features/SupportDisablingBackButtonCache/DisableBackButtonCacheMiddleware.php(19): Illuminate\\Pipeline\\Pipeline->Illuminate\\Pipeline\\{closure}()
#48 /home/ubuntu/escolavistaalegre/backend/vendor/laravel/framework/src/Illuminate/Pipeline/Pipeline.php(183): Livewire\\Features\\SupportDisablingBackButtonCache\\DisableBackButtonCacheMiddleware->handle()
#49 /home/ubuntu/escolavistaalegre/backend/vendor/laravel/framework/src/Illuminate/Foundation/Http/Middleware/TransformsRequest.php(21): Illuminate\\Pipeline\\Pipeline->Illuminate\\Pipeline\\{closure}()
#50 /home/ubuntu/escolavistaalegre/backend/vendor/laravel/framework/src/Illuminate/Foundation/Http/Middleware/ConvertEmptyStringsToNull.php(31): Illuminate\\Foundation\\Http\\Middleware\\TransformsRequest->handle()
#51 /home/ubuntu/escolavistaalegre/backend/vendor/laravel/framework/src/Illuminate/Pipeline/Pipeline.php(183): Illuminate\\Foundation\\Http\\Middleware\\ConvertEmptyStringsToNull->handle()
#52 /home/ubuntu/escolavistaalegre/backend/vendor/laravel/framework/src/Illuminate/Foundation/Http/Middleware/TransformsRequest.php(21): Illuminate\\Pipeline\\Pipeline->Illuminate\\Pipeline\\{closure}()
#53 /home/ubuntu/escolavistaalegre/backend/vendor/laravel/framework/src/Illuminate/Foundation/Http/Middleware/TrimStrings.php(40): Illuminate\\Foundation\\Http\\Middleware\\TransformsRequest->handle()
#54 /home/ubuntu/escolavistaalegre/backend/vendor/laravel/framework/src/Illuminate/Pipeline/Pipeline.php(183): Illuminate\\Foundation\\Http\\Middleware\\TrimStrings->handle()
#55 /home/ubuntu/escolavistaalegre/backend/vendor/laravel/framework/src/Illuminate/Foundation/Http/Middleware/ValidatePostSize.php(27): Illuminate\\Pipeline\\Pipeline->Illuminate\\Pipeline\\{closure}()
#56 /home/ubuntu/escolavistaalegre/backend/vendor/laravel/framework/src/Illuminate/Pipeline/Pipeline.php(183): Illuminate\\Foundation\\Http\\Middleware\\ValidatePostSize->handle()
#57 /home/ubuntu/escolavistaalegre/backend/vendor/laravel/framework/src/Illuminate/Foundation/Http/Middleware/PreventRequestsDuringMaintenance.php(99): Illuminate\\Pipeline\\Pipeline->Illuminate\\Pipeline\\{closure}()
#58 /home/ubuntu/escolavistaalegre/backend/vendor/laravel/framework/src/Illuminate/Pipeline/Pipeline.php(183): Illuminate\\Foundation\\Http\\Middleware\\PreventRequestsDuringMaintenance->handle()
#59 /home/ubuntu/escolavistaalegre/backend/vendor/laravel/framework/src/Illuminate/Http/Middleware/HandleCors.php(49): Illuminate\\Pipeline\\Pipeline->Illuminate\\Pipeline\\{closure}()
#60 /home/ubuntu/escolavistaalegre/backend/vendor/laravel/framework/src/Illuminate/Pipeline/Pipeline.php(183): Illuminate\\Http\\Middleware\\HandleCors->handle()
#61 /home/ubuntu/escolavistaalegre/backend/vendor/laravel/framework/src/Illuminate/Http/Middleware/TrustProxies.php(39): Illuminate\\Pipeline\\Pipeline->Illuminate\\Pipeline\\{closure}()
#62 /home/ubuntu/escolavistaalegre/backend/vendor/laravel/framework/src/Illuminate/Pipeline/Pipeline.php(183): Illuminate\\Http\\Middleware\\TrustProxies->handle()
#63 /home/ubuntu/escolavistaalegre/backend/vendor/laravel/framework/src/Illuminate/Pipeline/Pipeline.php(119): Illuminate\\Pipeline\\Pipeline->Illuminate\\Pipeline\\{closure}()
#64 /home/ubuntu/escolavistaalegre/backend/vendor/laravel/framework/src/Illuminate/Foundation/Http/Kernel.php(175): Illuminate\\Pipeline\\Pipeline->then()
#65 /home/ubuntu/escolavistaalegre/backend/vendor/laravel/framework/src/Illuminate/Foundation/Http/Kernel.php(144): Illuminate\\Foundation\\Http\\Kernel->sendRequestThroughRouter()
#66 /home/ubuntu/escolavistaalegre/backend/public/index.php(52): Illuminate\\Foundation\\Http\\Kernel->handle()
#67 /home/ubuntu/escolavistaalegre/backend/vendor/laravel/framework/src/Illuminate/Foundation/resources/server.php(16): require_once('...')
#68 {main}
"}
[2025-06-03 14:55:06] PROD.ERROR: Vite manifest not found at: /home/ubuntu/escolavistaalegre/backend/public/build/manifest.json {"view":{"view":"/home/ubuntu/escolavistaalegre/backend/resources/views/layouts/public.blade.php","data":[]},"exception":"[object] (Spatie\\LaravelIgnition\\Exceptions\\ViewException(code: 0): Vite manifest not found at: /home/ubuntu/escolavistaalegre/backend/public/build/manifest.json at /home/ubuntu/escolavistaalegre/backend/vendor/laravel/framework/src/Illuminate/Foundation/Vite.php:728)
[stacktrace]
#0 /home/ubuntu/escolavistaalegre/backend/vendor/laravel/framework/src/Illuminate/Foundation/Vite.php(293): Illuminate\\Foundation\\Vite->manifest()
#1 /home/ubuntu/escolavistaalegre/backend/resources/views/layouts/public.blade.php(7): Illuminate\\Foundation\\Vite->__invoke()
#2 /home/ubuntu/escolavistaalegre/backend/vendor/laravel/framework/src/Illuminate/Filesystem/Filesystem.php(123): require('...')
#3 /home/ubuntu/escolavistaalegre/backend/vendor/laravel/framework/src/Illuminate/Filesystem/Filesystem.php(124): Illuminate\\Filesystem\\Filesystem::Illuminate\\Filesystem\\{closure}()
#4 /home/ubuntu/escolavistaalegre/backend/vendor/laravel/framework/src/Illuminate/View/Engines/PhpEngine.php(58): Illuminate\\Filesystem\\Filesystem->getRequire()
#5 /home/ubuntu/escolavistaalegre/backend/vendor/livewire/livewire/src/Mechanisms/ExtendBlade/ExtendedCompilerEngine.php(22): Illuminate\\View\\Engines\\PhpEngine->evaluatePath()
#6 /home/ubuntu/escolavistaalegre/backend/vendor/laravel/framework/src/Illuminate/View/Engines/CompilerEngine.php(72): Livewire\\Mechanisms\\ExtendBlade\\ExtendedCompilerEngine->evaluatePath()
#7 /home/ubuntu/escolavistaalegre/backend/vendor/livewire/livewire/src/Mechanisms/ExtendBlade/ExtendedCompilerEngine.php(10): Illuminate\\View\\Engines\\CompilerEngine->get()
#8 /home/ubuntu/escolavistaalegre/backend/vendor/laravel/framework/src/Illuminate/View/View.php(207): Livewire\\Mechanisms\\ExtendBlade\\ExtendedCompilerEngine->get()
#9 /home/ubuntu/escolavistaalegre/backend/vendor/laravel/framework/src/Illuminate/View/View.php(190): Illuminate\\View\\View->getContents()
#10 /home/ubuntu/escolavistaalegre/backend/vendor/laravel/framework/src/Illuminate/View/View.php(159): Illuminate\\View\\View->renderContents()
#11 /home/ubuntu/escolavistaalegre/backend/resources/views/public/home.blade.php(97): Illuminate\\View\\View->render()
#12 /home/ubuntu/escolavistaalegre/backend/vendor/laravel/framework/src/Illuminate/Filesystem/Filesystem.php(123): require('...')
#13 /home/ubuntu/escolavistaalegre/backend/vendor/laravel/framework/src/Illuminate/Filesystem/Filesystem.php(124): Illuminate\\Filesystem\\Filesystem::Illuminate\\Filesystem\\{closure}()
#14 /home/ubuntu/escolavistaalegre/backend/vendor/laravel/framework/src/Illuminate/View/Engines/PhpEngine.php(58): Illuminate\\Filesystem\\Filesystem->getRequire()
#15 /home/ubuntu/escolavistaalegre/backend/vendor/livewire/livewire/src/Mechanisms/ExtendBlade/ExtendedCompilerEngine.php(22): Illuminate\\View\\Engines\\PhpEngine->evaluatePath()
#16 /home/ubuntu/escolavistaalegre/backend/vendor/laravel/framework/src/Illuminate/View/Engines/CompilerEngine.php(72): Livewire\\Mechanisms\\ExtendBlade\\ExtendedCompilerEngine->evaluatePath()
#17 /home/ubuntu/escolavistaalegre/backend/vendor/livewire/livewire/src/Mechanisms/ExtendBlade/ExtendedCompilerEngine.php(10): Illuminate\\View\\Engines\\CompilerEngine->get()
#18 /home/ubuntu/escolavistaalegre/backend/vendor/laravel/framework/src/Illuminate/View/View.php(207): Livewire\\Mechanisms\\ExtendBlade\\ExtendedCompilerEngine->get()
#19 /home/ubuntu/escolavistaalegre/backend/vendor/laravel/framework/src/Illuminate/View/View.php(190): Illuminate\\View\\View->getContents()
#20 /home/ubuntu/escolavistaalegre/backend/vendor/laravel/framework/src/Illuminate/View/View.php(159): Illuminate\\View\\View->renderContents()
#21 /home/ubuntu/escolavistaalegre/backend/vendor/laravel/framework/src/Illuminate/Http/Response.php(69): Illuminate\\View\\View->render()
#22 /home/ubuntu/escolavistaalegre/backend/vendor/laravel/framework/src/Illuminate/Http/Response.php(35): Illuminate\\Http\\Response->setContent()
#23 /home/ubuntu/escolavistaalegre/backend/vendor/laravel/framework/src/Illuminate/Routing/Router.php(918): Illuminate\\Http\\Response->__construct()
#24 /home/ubuntu/escolavistaalegre/backend/vendor/laravel/framework/src/Illuminate/Routing/Router.php(885): Illuminate\\Routing\\Router::toResponse()
#25 /home/ubuntu/escolavistaalegre/backend/vendor/laravel/framework/src/Illuminate/Routing/Router.php(806): Illuminate\\Routing\\Router->prepareResponse()
#26 /home/ubuntu/escolavistaalegre/backend/vendor/laravel/framework/src/Illuminate/Pipeline/Pipeline.php(144): Illuminate\\Routing\\Router->Illuminate\\Routing\\{closure}()
#27 /home/ubuntu/escolavistaalegre/backend/vendor/laravel/framework/src/Illuminate/Routing/Middleware/SubstituteBindings.php(50): Illuminate\\Pipeline\\Pipeline->Illuminate\\Pipeline\\{closure}()
#28 /home/ubuntu/escolavistaalegre/backend/vendor/laravel/framework/src/Illuminate/Pipeline/Pipeline.php(183): Illuminate\\Routing\\Middleware\\SubstituteBindings->handle()
#29 /home/ubuntu/escolavistaalegre/backend/vendor/laravel/framework/src/Illuminate/Foundation/Http/Middleware/VerifyCsrfToken.php(78): Illuminate\\Pipeline\\Pipeline->Illuminate\\Pipeline\\{closure}()
#30 /home/ubuntu/escolavistaalegre/backend/vendor/laravel/framework/src/Illuminate/Pipeline/Pipeline.php(183): Illuminate\\Foundation\\Http\\Middleware\\VerifyCsrfToken->handle()
#31 /home/ubuntu/escolavistaalegre/backend/vendor/laravel/framework/src/Illuminate/View/Middleware/ShareErrorsFromSession.php(49): Illuminate\\Pipeline\\Pipeline->Illuminate\\Pipeline\\{closure}()
#32 /home/ubuntu/escolavistaalegre/backend/vendor/laravel/framework/src/Illuminate/Pipeline/Pipeline.php(183): Illuminate\\View\\Middleware\\ShareErrorsFromSession->handle()
#33 /home/ubuntu/escolavistaalegre/backend/vendor/laravel/framework/src/Illuminate/Session/Middleware/StartSession.php(121): Illuminate\\Pipeline\\Pipeline->Illuminate\\Pipeline\\{closure}()
#34 /home/ubuntu/escolavistaalegre/backend/vendor/laravel/framework/src/Illuminate/Session/Middleware/StartSession.php(64): Illuminate\\Session\\Middleware\\StartSession->handleStatefulRequest()
#35 /home/ubuntu/escolavistaalegre/backend/vendor/laravel/framework/src/Illuminate/Pipeline/Pipeline.php(183): Illuminate\\Session\\Middleware\\StartSession->handle()
#36 /home/ubuntu/escolavistaalegre/backend/vendor/laravel/framework/src/Illuminate/Cookie/Middleware/AddQueuedCookiesToResponse.php(37): Illuminate\\Pipeline\\Pipeline->Illuminate\\Pipeline\\{closure}()
#37 /home/ubuntu/escolavistaalegre/backend/vendor/laravel/framework/src/Illuminate/Pipeline/Pipeline.php(183): Illuminate\\Cookie\\Middleware\\AddQueuedCookiesToResponse->handle()
#38 /home/ubuntu/escolavistaalegre/backend/vendor/laravel/framework/src/Illuminate/Cookie/Middleware/EncryptCookies.php(67): Illuminate\\Pipeline\\Pipeline->Illuminate\\Pipeline\\{closure}()
#39 /home/ubuntu/escolavistaalegre/backend/vendor/laravel/framework/src/Illuminate/Pipeline/Pipeline.php(183): Illuminate\\Cookie\\Middleware\\EncryptCookies->handle()
#40 /home/ubuntu/escolavistaalegre/backend/vendor/laravel/framework/src/Illuminate/Pipeline/Pipeline.php(119): Illuminate\\Pipeline\\Pipeline->Illuminate\\Pipeline\\{closure}()
#41 /home/ubuntu/escolavistaalegre/backend/vendor/laravel/framework/src/Illuminate/Routing/Router.php(807): Illuminate\\Pipeline\\Pipeline->then()
#42 /home/ubuntu/escolavistaalegre/backend/vendor/laravel/framework/src/Illuminate/Routing/Router.php(784): Illuminate\\Routing\\Router->runRouteWithinStack()
#43 /home/ubuntu/escolavistaalegre/backend/vendor/laravel/framework/src/Illuminate/Routing/Router.php(748): Illuminate\\Routing\\Router->runRoute()
#44 /home/ubuntu/escolavistaalegre/backend/vendor/laravel/framework/src/Illuminate/Routing/Router.php(737): Illuminate\\Routing\\Router->dispatchToRoute()
#45 /home/ubuntu/escolavistaalegre/backend/vendor/laravel/framework/src/Illuminate/Foundation/Http/Kernel.php(200): Illuminate\\Routing\\Router->dispatch()
#46 /home/ubuntu/escolavistaalegre/backend/vendor/laravel/framework/src/Illuminate/Pipeline/Pipeline.php(144): Illuminate\\Foundation\\Http\\Kernel->Illuminate\\Foundation\\Http\\{closure}()
#47 /home/ubuntu/escolavistaalegre/backend/vendor/livewire/livewire/src/Features/SupportDisablingBackButtonCache/DisableBackButtonCacheMiddleware.php(19): Illuminate\\Pipeline\\Pipeline->Illuminate\\Pipeline\\{closure}()
#48 /home/ubuntu/escolavistaalegre/backend/vendor/laravel/framework/src/Illuminate/Pipeline/Pipeline.php(183): Livewire\\Features\\SupportDisablingBackButtonCache\\DisableBackButtonCacheMiddleware->handle()
#49 /home/ubuntu/escolavistaalegre/backend/vendor/laravel/framework/src/Illuminate/Foundation/Http/Middleware/TransformsRequest.php(21): Illuminate\\Pipeline\\Pipeline->Illuminate\\Pipeline\\{closure}()
#50 /home/ubuntu/escolavistaalegre/backend/vendor/laravel/framework/src/Illuminate/Foundation/Http/Middleware/ConvertEmptyStringsToNull.php(31): Illuminate\\Foundation\\Http\\Middleware\\TransformsRequest->handle()
#51 /home/ubuntu/escolavistaalegre/backend/vendor/laravel/framework/src/Illuminate/Pipeline/Pipeline.php(183): Illuminate\\Foundation\\Http\\Middleware\\ConvertEmptyStringsToNull->handle()
#52 /home/ubuntu/escolavistaalegre/backend/vendor/laravel/framework/src/Illuminate/Foundation/Http/Middleware/TransformsRequest.php(21): Illuminate\\Pipeline\\Pipeline->Illuminate\\Pipeline\\{closure}()
#53 /home/ubuntu/escolavistaalegre/backend/vendor/laravel/framework/src/Illuminate/Foundation/Http/Middleware/TrimStrings.php(40): Illuminate\\Foundation\\Http\\Middleware\\TransformsRequest->handle()
#54 /home/ubuntu/escolavistaalegre/backend/vendor/laravel/framework/src/Illuminate/Pipeline/Pipeline.php(183): Illuminate\\Foundation\\Http\\Middleware\\TrimStrings->handle()
#55 /home/ubuntu/escolavistaalegre/backend/vendor/laravel/framework/src/Illuminate/Foundation/Http/Middleware/ValidatePostSize.php(27): Illuminate\\Pipeline\\Pipeline->Illuminate\\Pipeline\\{closure}()
#56 /home/ubuntu/escolavistaalegre/backend/vendor/laravel/framework/src/Illuminate/Pipeline/Pipeline.php(183): Illuminate\\Foundation\\Http\\Middleware\\ValidatePostSize->handle()
#57 /home/ubuntu/escolavistaalegre/backend/vendor/laravel/framework/src/Illuminate/Foundation/Http/Middleware/PreventRequestsDuringMaintenance.php(99): Illuminate\\Pipeline\\Pipeline->Illuminate\\Pipeline\\{closure}()
#58 /home/ubuntu/escolavistaalegre/backend/vendor/laravel/framework/src/Illuminate/Pipeline/Pipeline.php(183): Illuminate\\Foundation\\Http\\Middleware\\PreventRequestsDuringMaintenance->handle()
#59 /home/ubuntu/escolavistaalegre/backend/vendor/laravel/framework/src/Illuminate/Http/Middleware/HandleCors.php(49): Illuminate\\Pipeline\\Pipeline->Illuminate\\Pipeline\\{closure}()
#60 /home/ubuntu/escolavistaalegre/backend/vendor/laravel/framework/src/Illuminate/Pipeline/Pipeline.php(183): Illuminate\\Http\\Middleware\\HandleCors->handle()
#61 /home/ubuntu/escolavistaalegre/backend/vendor/laravel/framework/src/Illuminate/Http/Middleware/TrustProxies.php(39): Illuminate\\Pipeline\\Pipeline->Illuminate\\Pipeline\\{closure}()
#62 /home/ubuntu/escolavistaalegre/backend/vendor/laravel/framework/src/Illuminate/Pipeline/Pipeline.php(183): Illuminate\\Http\\Middleware\\TrustProxies->handle()
#63 /home/ubuntu/escolavistaalegre/backend/vendor/laravel/framework/src/Illuminate/Pipeline/Pipeline.php(119): Illuminate\\Pipeline\\Pipeline->Illuminate\\Pipeline\\{closure}()
#64 /home/ubuntu/escolavistaalegre/backend/vendor/laravel/framework/src/Illuminate/Foundation/Http/Kernel.php(175): Illuminate\\Pipeline\\Pipeline->then()
#65 /home/ubuntu/escolavistaalegre/backend/vendor/laravel/framework/src/Illuminate/Foundation/Http/Kernel.php(144): Illuminate\\Foundation\\Http\\Kernel->sendRequestThroughRouter()
#66 /home/ubuntu/escolavistaalegre/backend/public/index.php(52): Illuminate\\Foundation\\Http\\Kernel->handle()
#67 /home/ubuntu/escolavistaalegre/backend/vendor/laravel/framework/src/Illuminate/Foundation/resources/server.php(16): require_once('...')
#68 {main}

[previous exception] [object] (Illuminate\\Foundation\\ViteManifestNotFoundException(code: 0): Vite manifest not found at: /home/ubuntu/escolavistaalegre/backend/public/build/manifest.json at /home/ubuntu/escolavistaalegre/backend/vendor/laravel/framework/src/Illuminate/Foundation/Vite.php:728)
[stacktrace]
#0 /home/ubuntu/escolavistaalegre/backend/vendor/laravel/framework/src/Illuminate/Foundation/Vite.php(293): Illuminate\\Foundation\\Vite->manifest()
#1 /home/ubuntu/escolavistaalegre/backend/storage/framework/views/73b68312f6fb1d7d030fa01615c1700a.php(7): Illuminate\\Foundation\\Vite->__invoke()
#2 /home/ubuntu/escolavistaalegre/backend/vendor/laravel/framework/src/Illuminate/Filesystem/Filesystem.php(123): require('...')
#3 /home/ubuntu/escolavistaalegre/backend/vendor/laravel/framework/src/Illuminate/Filesystem/Filesystem.php(124): Illuminate\\Filesystem\\Filesystem::Illuminate\\Filesystem\\{closure}()
#4 /home/ubuntu/escolavistaalegre/backend/vendor/laravel/framework/src/Illuminate/View/Engines/PhpEngine.php(58): Illuminate\\Filesystem\\Filesystem->getRequire()
#5 /home/ubuntu/escolavistaalegre/backend/vendor/livewire/livewire/src/Mechanisms/ExtendBlade/ExtendedCompilerEngine.php(22): Illuminate\\View\\Engines\\PhpEngine->evaluatePath()
#6 /home/ubuntu/escolavistaalegre/backend/vendor/laravel/framework/src/Illuminate/View/Engines/CompilerEngine.php(72): Livewire\\Mechanisms\\ExtendBlade\\ExtendedCompilerEngine->evaluatePath()
#7 /home/ubuntu/escolavistaalegre/backend/vendor/livewire/livewire/src/Mechanisms/ExtendBlade/ExtendedCompilerEngine.php(10): Illuminate\\View\\Engines\\CompilerEngine->get()
#8 /home/ubuntu/escolavistaalegre/backend/vendor/laravel/framework/src/Illuminate/View/View.php(207): Livewire\\Mechanisms\\ExtendBlade\\ExtendedCompilerEngine->get()
#9 /home/ubuntu/escolavistaalegre/backend/vendor/laravel/framework/src/Illuminate/View/View.php(190): Illuminate\\View\\View->getContents()
#10 /home/ubuntu/escolavistaalegre/backend/vendor/laravel/framework/src/Illuminate/View/View.php(159): Illuminate\\View\\View->renderContents()
#11 /home/ubuntu/escolavistaalegre/backend/storage/framework/views/b60b772f152d103dbc2ffe21a2dfce38.php(97): Illuminate\\View\\View->render()
#12 /home/ubuntu/escolavistaalegre/backend/vendor/laravel/framework/src/Illuminate/Filesystem/Filesystem.php(123): require('...')
#13 /home/ubuntu/escolavistaalegre/backend/vendor/laravel/framework/src/Illuminate/Filesystem/Filesystem.php(124): Illuminate\\Filesystem\\Filesystem::Illuminate\\Filesystem\\{closure}()
#14 /home/ubuntu/escolavistaalegre/backend/vendor/laravel/framework/src/Illuminate/View/Engines/PhpEngine.php(58): Illuminate\\Filesystem\\Filesystem->getRequire()
#15 /home/ubuntu/escolavistaalegre/backend/vendor/livewire/livewire/src/Mechanisms/ExtendBlade/ExtendedCompilerEngine.php(22): Illuminate\\View\\Engines\\PhpEngine->evaluatePath()
#16 /home/ubuntu/escolavistaalegre/backend/vendor/laravel/framework/src/Illuminate/View/Engines/CompilerEngine.php(72): Livewire\\Mechanisms\\ExtendBlade\\ExtendedCompilerEngine->evaluatePath()
#17 /home/ubuntu/escolavistaalegre/backend/vendor/livewire/livewire/src/Mechanisms/ExtendBlade/ExtendedCompilerEngine.php(10): Illuminate\\View\\Engines\\CompilerEngine->get()
#18 /home/ubuntu/escolavistaalegre/backend/vendor/laravel/framework/src/Illuminate/View/View.php(207): Livewire\\Mechanisms\\ExtendBlade\\ExtendedCompilerEngine->get()
#19 /home/ubuntu/escolavistaalegre/backend/vendor/laravel/framework/src/Illuminate/View/View.php(190): Illuminate\\View\\View->getContents()
#20 /home/ubuntu/escolavistaalegre/backend/vendor/laravel/framework/src/Illuminate/View/View.php(159): Illuminate\\View\\View->renderContents()
#21 /home/ubuntu/escolavistaalegre/backend/vendor/laravel/framework/src/Illuminate/Http/Response.php(69): Illuminate\\View\\View->render()
#22 /home/ubuntu/escolavistaalegre/backend/vendor/laravel/framework/src/Illuminate/Http/Response.php(35): Illuminate\\Http\\Response->setContent()
#23 /home/ubuntu/escolavistaalegre/backend/vendor/laravel/framework/src/Illuminate/Routing/Router.php(918): Illuminate\\Http\\Response->__construct()
#24 /home/ubuntu/escolavistaalegre/backend/vendor/laravel/framework/src/Illuminate/Routing/Router.php(885): Illuminate\\Routing\\Router::toResponse()
#25 /home/ubuntu/escolavistaalegre/backend/vendor/laravel/framework/src/Illuminate/Routing/Router.php(806): Illuminate\\Routing\\Router->prepareResponse()
#26 /home/ubuntu/escolavistaalegre/backend/vendor/laravel/framework/src/Illuminate/Pipeline/Pipeline.php(144): Illuminate\\Routing\\Router->Illuminate\\Routing\\{closure}()
#27 /home/ubuntu/escolavistaalegre/backend/vendor/laravel/framework/src/Illuminate/Routing/Middleware/SubstituteBindings.php(50): Illuminate\\Pipeline\\Pipeline->Illuminate\\Pipeline\\{closure}()
#28 /home/ubuntu/escolavistaalegre/backend/vendor/laravel/framework/src/Illuminate/Pipeline/Pipeline.php(183): Illuminate\\Routing\\Middleware\\SubstituteBindings->handle()
#29 /home/ubuntu/escolavistaalegre/backend/vendor/laravel/framework/src/Illuminate/Foundation/Http/Middleware/VerifyCsrfToken.php(78): Illuminate\\Pipeline\\Pipeline->Illuminate\\Pipeline\\{closure}()
#30 /home/ubuntu/escolavistaalegre/backend/vendor/laravel/framework/src/Illuminate/Pipeline/Pipeline.php(183): Illuminate\\Foundation\\Http\\Middleware\\VerifyCsrfToken->handle()
#31 /home/ubuntu/escolavistaalegre/backend/vendor/laravel/framework/src/Illuminate/View/Middleware/ShareErrorsFromSession.php(49): Illuminate\\Pipeline\\Pipeline->Illuminate\\Pipeline\\{closure}()
#32 /home/ubuntu/escolavistaalegre/backend/vendor/laravel/framework/src/Illuminate/Pipeline/Pipeline.php(183): Illuminate\\View\\Middleware\\ShareErrorsFromSession->handle()
#33 /home/ubuntu/escolavistaalegre/backend/vendor/laravel/framework/src/Illuminate/Session/Middleware/StartSession.php(121): Illuminate\\Pipeline\\Pipeline->Illuminate\\Pipeline\\{closure}()
#34 /home/ubuntu/escolavistaalegre/backend/vendor/laravel/framework/src/Illuminate/Session/Middleware/StartSession.php(64): Illuminate\\Session\\Middleware\\StartSession->handleStatefulRequest()
#35 /home/ubuntu/escolavistaalegre/backend/vendor/laravel/framework/src/Illuminate/Pipeline/Pipeline.php(183): Illuminate\\Session\\Middleware\\StartSession->handle()
#36 /home/ubuntu/escolavistaalegre/backend/vendor/laravel/framework/src/Illuminate/Cookie/Middleware/AddQueuedCookiesToResponse.php(37): Illuminate\\Pipeline\\Pipeline->Illuminate\\Pipeline\\{closure}()
#37 /home/ubuntu/escolavistaalegre/backend/vendor/laravel/framework/src/Illuminate/Pipeline/Pipeline.php(183): Illuminate\\Cookie\\Middleware\\AddQueuedCookiesToResponse->handle()
#38 /home/ubuntu/escolavistaalegre/backend/vendor/laravel/framework/src/Illuminate/Cookie/Middleware/EncryptCookies.php(67): Illuminate\\Pipeline\\Pipeline->Illuminate\\Pipeline\\{closure}()
#39 /home/ubuntu/escolavistaalegre/backend/vendor/laravel/framework/src/Illuminate/Pipeline/Pipeline.php(183): Illuminate\\Cookie\\Middleware\\EncryptCookies->handle()
#40 /home/ubuntu/escolavistaalegre/backend/vendor/laravel/framework/src/Illuminate/Pipeline/Pipeline.php(119): Illuminate\\Pipeline\\Pipeline->Illuminate\\Pipeline\\{closure}()
#41 /home/ubuntu/escolavistaalegre/backend/vendor/laravel/framework/src/Illuminate/Routing/Router.php(807): Illuminate\\Pipeline\\Pipeline->then()
#42 /home/ubuntu/escolavistaalegre/backend/vendor/laravel/framework/src/Illuminate/Routing/Router.php(784): Illuminate\\Routing\\Router->runRouteWithinStack()
#43 /home/ubuntu/escolavistaalegre/backend/vendor/laravel/framework/src/Illuminate/Routing/Router.php(748): Illuminate\\Routing\\Router->runRoute()
#44 /home/ubuntu/escolavistaalegre/backend/vendor/laravel/framework/src/Illuminate/Routing/Router.php(737): Illuminate\\Routing\\Router->dispatchToRoute()
#45 /home/ubuntu/escolavistaalegre/backend/vendor/laravel/framework/src/Illuminate/Foundation/Http/Kernel.php(200): Illuminate\\Routing\\Router->dispatch()
#46 /home/ubuntu/escolavistaalegre/backend/vendor/laravel/framework/src/Illuminate/Pipeline/Pipeline.php(144): Illuminate\\Foundation\\Http\\Kernel->Illuminate\\Foundation\\Http\\{closure}()
#47 /home/ubuntu/escolavistaalegre/backend/vendor/livewire/livewire/src/Features/SupportDisablingBackButtonCache/DisableBackButtonCacheMiddleware.php(19): Illuminate\\Pipeline\\Pipeline->Illuminate\\Pipeline\\{closure}()
#48 /home/ubuntu/escolavistaalegre/backend/vendor/laravel/framework/src/Illuminate/Pipeline/Pipeline.php(183): Livewire\\Features\\SupportDisablingBackButtonCache\\DisableBackButtonCacheMiddleware->handle()
#49 /home/ubuntu/escolavistaalegre/backend/vendor/laravel/framework/src/Illuminate/Foundation/Http/Middleware/TransformsRequest.php(21): Illuminate\\Pipeline\\Pipeline->Illuminate\\Pipeline\\{closure}()
#50 /home/ubuntu/escolavistaalegre/backend/vendor/laravel/framework/src/Illuminate/Foundation/Http/Middleware/ConvertEmptyStringsToNull.php(31): Illuminate\\Foundation\\Http\\Middleware\\TransformsRequest->handle()
#51 /home/ubuntu/escolavistaalegre/backend/vendor/laravel/framework/src/Illuminate/Pipeline/Pipeline.php(183): Illuminate\\Foundation\\Http\\Middleware\\ConvertEmptyStringsToNull->handle()
#52 /home/ubuntu/escolavistaalegre/backend/vendor/laravel/framework/src/Illuminate/Foundation/Http/Middleware/TransformsRequest.php(21): Illuminate\\Pipeline\\Pipeline->Illuminate\\Pipeline\\{closure}()
#53 /home/ubuntu/escolavistaalegre/backend/vendor/laravel/framework/src/Illuminate/Foundation/Http/Middleware/TrimStrings.php(40): Illuminate\\Foundation\\Http\\Middleware\\TransformsRequest->handle()
#54 /home/ubuntu/escolavistaalegre/backend/vendor/laravel/framework/src/Illuminate/Pipeline/Pipeline.php(183): Illuminate\\Foundation\\Http\\Middleware\\TrimStrings->handle()
#55 /home/ubuntu/escolavistaalegre/backend/vendor/laravel/framework/src/Illuminate/Foundation/Http/Middleware/ValidatePostSize.php(27): Illuminate\\Pipeline\\Pipeline->Illuminate\\Pipeline\\{closure}()
#56 /home/ubuntu/escolavistaalegre/backend/vendor/laravel/framework/src/Illuminate/Pipeline/Pipeline.php(183): Illuminate\\Foundation\\Http\\Middleware\\ValidatePostSize->handle()
#57 /home/ubuntu/escolavistaalegre/backend/vendor/laravel/framework/src/Illuminate/Foundation/Http/Middleware/PreventRequestsDuringMaintenance.php(99): Illuminate\\Pipeline\\Pipeline->Illuminate\\Pipeline\\{closure}()
#58 /home/ubuntu/escolavistaalegre/backend/vendor/laravel/framework/src/Illuminate/Pipeline/Pipeline.php(183): Illuminate\\Foundation\\Http\\Middleware\\PreventRequestsDuringMaintenance->handle()
#59 /home/ubuntu/escolavistaalegre/backend/vendor/laravel/framework/src/Illuminate/Http/Middleware/HandleCors.php(49): Illuminate\\Pipeline\\Pipeline->Illuminate\\Pipeline\\{closure}()
#60 /home/ubuntu/escolavistaalegre/backend/vendor/laravel/framework/src/Illuminate/Pipeline/Pipeline.php(183): Illuminate\\Http\\Middleware\\HandleCors->handle()
#61 /home/ubuntu/escolavistaalegre/backend/vendor/laravel/framework/src/Illuminate/Http/Middleware/TrustProxies.php(39): Illuminate\\Pipeline\\Pipeline->Illuminate\\Pipeline\\{closure}()
#62 /home/ubuntu/escolavistaalegre/backend/vendor/laravel/framework/src/Illuminate/Pipeline/Pipeline.php(183): Illuminate\\Http\\Middleware\\TrustProxies->handle()
#63 /home/ubuntu/escolavistaalegre/backend/vendor/laravel/framework/src/Illuminate/Pipeline/Pipeline.php(119): Illuminate\\Pipeline\\Pipeline->Illuminate\\Pipeline\\{closure}()
#64 /home/ubuntu/escolavistaalegre/backend/vendor/laravel/framework/src/Illuminate/Foundation/Http/Kernel.php(175): Illuminate\\Pipeline\\Pipeline->then()
#65 /home/ubuntu/escolavistaalegre/backend/vendor/laravel/framework/src/Illuminate/Foundation/Http/Kernel.php(144): Illuminate\\Foundation\\Http\\Kernel->sendRequestThroughRouter()
#66 /home/ubuntu/escolavistaalegre/backend/public/index.php(52): Illuminate\\Foundation\\Http\\Kernel->handle()
#67 /home/ubuntu/escolavistaalegre/backend/vendor/laravel/framework/src/Illuminate/Foundation/resources/server.php(16): require_once('...')
#68 {main}
"}
[2025-06-03 14:55:24] PROD.ERROR: Vite manifest not found at: /home/ubuntu/escolavistaalegre/backend/public/build/manifest.json {"view":{"view":"/home/ubuntu/escolavistaalegre/backend/resources/views/layouts/public.blade.php","data":[]},"exception":"[object] (Spatie\\LaravelIgnition\\Exceptions\\ViewException(code: 0): Vite manifest not found at: /home/ubuntu/escolavistaalegre/backend/public/build/manifest.json at /home/ubuntu/escolavistaalegre/backend/vendor/laravel/framework/src/Illuminate/Foundation/Vite.php:728)
[stacktrace]
#0 /home/ubuntu/escolavistaalegre/backend/vendor/laravel/framework/src/Illuminate/Foundation/Vite.php(293): Illuminate\\Foundation\\Vite->manifest()
#1 /home/ubuntu/escolavistaalegre/backend/resources/views/layouts/public.blade.php(7): Illuminate\\Foundation\\Vite->__invoke()
#2 /home/ubuntu/escolavistaalegre/backend/vendor/laravel/framework/src/Illuminate/Filesystem/Filesystem.php(123): require('...')
#3 /home/ubuntu/escolavistaalegre/backend/vendor/laravel/framework/src/Illuminate/Filesystem/Filesystem.php(124): Illuminate\\Filesystem\\Filesystem::Illuminate\\Filesystem\\{closure}()
#4 /home/ubuntu/escolavistaalegre/backend/vendor/laravel/framework/src/Illuminate/View/Engines/PhpEngine.php(58): Illuminate\\Filesystem\\Filesystem->getRequire()
#5 /home/ubuntu/escolavistaalegre/backend/vendor/livewire/livewire/src/Mechanisms/ExtendBlade/ExtendedCompilerEngine.php(22): Illuminate\\View\\Engines\\PhpEngine->evaluatePath()
#6 /home/ubuntu/escolavistaalegre/backend/vendor/laravel/framework/src/Illuminate/View/Engines/CompilerEngine.php(72): Livewire\\Mechanisms\\ExtendBlade\\ExtendedCompilerEngine->evaluatePath()
#7 /home/ubuntu/escolavistaalegre/backend/vendor/livewire/livewire/src/Mechanisms/ExtendBlade/ExtendedCompilerEngine.php(10): Illuminate\\View\\Engines\\CompilerEngine->get()
#8 /home/ubuntu/escolavistaalegre/backend/vendor/laravel/framework/src/Illuminate/View/View.php(207): Livewire\\Mechanisms\\ExtendBlade\\ExtendedCompilerEngine->get()
#9 /home/ubuntu/escolavistaalegre/backend/vendor/laravel/framework/src/Illuminate/View/View.php(190): Illuminate\\View\\View->getContents()
#10 /home/ubuntu/escolavistaalegre/backend/vendor/laravel/framework/src/Illuminate/View/View.php(159): Illuminate\\View\\View->renderContents()
#11 /home/ubuntu/escolavistaalegre/backend/resources/views/public/home.blade.php(97): Illuminate\\View\\View->render()
#12 /home/ubuntu/escolavistaalegre/backend/vendor/laravel/framework/src/Illuminate/Filesystem/Filesystem.php(123): require('...')
#13 /home/ubuntu/escolavistaalegre/backend/vendor/laravel/framework/src/Illuminate/Filesystem/Filesystem.php(124): Illuminate\\Filesystem\\Filesystem::Illuminate\\Filesystem\\{closure}()
#14 /home/ubuntu/escolavistaalegre/backend/vendor/laravel/framework/src/Illuminate/View/Engines/PhpEngine.php(58): Illuminate\\Filesystem\\Filesystem->getRequire()
#15 /home/ubuntu/escolavistaalegre/backend/vendor/livewire/livewire/src/Mechanisms/ExtendBlade/ExtendedCompilerEngine.php(22): Illuminate\\View\\Engines\\PhpEngine->evaluatePath()
#16 /home/ubuntu/escolavistaalegre/backend/vendor/laravel/framework/src/Illuminate/View/Engines/CompilerEngine.php(72): Livewire\\Mechanisms\\ExtendBlade\\ExtendedCompilerEngine->evaluatePath()
#17 /home/ubuntu/escolavistaalegre/backend/vendor/livewire/livewire/src/Mechanisms/ExtendBlade/ExtendedCompilerEngine.php(10): Illuminate\\View\\Engines\\CompilerEngine->get()
#18 /home/ubuntu/escolavistaalegre/backend/vendor/laravel/framework/src/Illuminate/View/View.php(207): Livewire\\Mechanisms\\ExtendBlade\\ExtendedCompilerEngine->get()
#19 /home/ubuntu/escolavistaalegre/backend/vendor/laravel/framework/src/Illuminate/View/View.php(190): Illuminate\\View\\View->getContents()
#20 /home/ubuntu/escolavistaalegre/backend/vendor/laravel/framework/src/Illuminate/View/View.php(159): Illuminate\\View\\View->renderContents()
#21 /home/ubuntu/escolavistaalegre/backend/vendor/laravel/framework/src/Illuminate/Http/Response.php(69): Illuminate\\View\\View->render()
#22 /home/ubuntu/escolavistaalegre/backend/vendor/laravel/framework/src/Illuminate/Http/Response.php(35): Illuminate\\Http\\Response->setContent()
#23 /home/ubuntu/escolavistaalegre/backend/vendor/laravel/framework/src/Illuminate/Routing/Router.php(918): Illuminate\\Http\\Response->__construct()
#24 /home/ubuntu/escolavistaalegre/backend/vendor/laravel/framework/src/Illuminate/Routing/Router.php(885): Illuminate\\Routing\\Router::toResponse()
#25 /home/ubuntu/escolavistaalegre/backend/vendor/laravel/framework/src/Illuminate/Routing/Router.php(806): Illuminate\\Routing\\Router->prepareResponse()
#26 /home/ubuntu/escolavistaalegre/backend/vendor/laravel/framework/src/Illuminate/Pipeline/Pipeline.php(144): Illuminate\\Routing\\Router->Illuminate\\Routing\\{closure}()
#27 /home/ubuntu/escolavistaalegre/backend/vendor/laravel/framework/src/Illuminate/Routing/Middleware/SubstituteBindings.php(50): Illuminate\\Pipeline\\Pipeline->Illuminate\\Pipeline\\{closure}()
#28 /home/ubuntu/escolavistaalegre/backend/vendor/laravel/framework/src/Illuminate/Pipeline/Pipeline.php(183): Illuminate\\Routing\\Middleware\\SubstituteBindings->handle()
#29 /home/ubuntu/escolavistaalegre/backend/vendor/laravel/framework/src/Illuminate/Foundation/Http/Middleware/VerifyCsrfToken.php(78): Illuminate\\Pipeline\\Pipeline->Illuminate\\Pipeline\\{closure}()
#30 /home/ubuntu/escolavistaalegre/backend/vendor/laravel/framework/src/Illuminate/Pipeline/Pipeline.php(183): Illuminate\\Foundation\\Http\\Middleware\\VerifyCsrfToken->handle()
#31 /home/ubuntu/escolavistaalegre/backend/vendor/laravel/framework/src/Illuminate/View/Middleware/ShareErrorsFromSession.php(49): Illuminate\\Pipeline\\Pipeline->Illuminate\\Pipeline\\{closure}()
#32 /home/ubuntu/escolavistaalegre/backend/vendor/laravel/framework/src/Illuminate/Pipeline/Pipeline.php(183): Illuminate\\View\\Middleware\\ShareErrorsFromSession->handle()
#33 /home/ubuntu/escolavistaalegre/backend/vendor/laravel/framework/src/Illuminate/Session/Middleware/StartSession.php(121): Illuminate\\Pipeline\\Pipeline->Illuminate\\Pipeline\\{closure}()
#34 /home/ubuntu/escolavistaalegre/backend/vendor/laravel/framework/src/Illuminate/Session/Middleware/StartSession.php(64): Illuminate\\Session\\Middleware\\StartSession->handleStatefulRequest()
#35 /home/ubuntu/escolavistaalegre/backend/vendor/laravel/framework/src/Illuminate/Pipeline/Pipeline.php(183): Illuminate\\Session\\Middleware\\StartSession->handle()
#36 /home/ubuntu/escolavistaalegre/backend/vendor/laravel/framework/src/Illuminate/Cookie/Middleware/AddQueuedCookiesToResponse.php(37): Illuminate\\Pipeline\\Pipeline->Illuminate\\Pipeline\\{closure}()
#37 /home/ubuntu/escolavistaalegre/backend/vendor/laravel/framework/src/Illuminate/Pipeline/Pipeline.php(183): Illuminate\\Cookie\\Middleware\\AddQueuedCookiesToResponse->handle()
#38 /home/ubuntu/escolavistaalegre/backend/vendor/laravel/framework/src/Illuminate/Cookie/Middleware/EncryptCookies.php(67): Illuminate\\Pipeline\\Pipeline->Illuminate\\Pipeline\\{closure}()
#39 /home/ubuntu/escolavistaalegre/backend/vendor/laravel/framework/src/Illuminate/Pipeline/Pipeline.php(183): Illuminate\\Cookie\\Middleware\\EncryptCookies->handle()
#40 /home/ubuntu/escolavistaalegre/backend/vendor/laravel/framework/src/Illuminate/Pipeline/Pipeline.php(119): Illuminate\\Pipeline\\Pipeline->Illuminate\\Pipeline\\{closure}()
#41 /home/ubuntu/escolavistaalegre/backend/vendor/laravel/framework/src/Illuminate/Routing/Router.php(807): Illuminate\\Pipeline\\Pipeline->then()
#42 /home/ubuntu/escolavistaalegre/backend/vendor/laravel/framework/src/Illuminate/Routing/Router.php(784): Illuminate\\Routing\\Router->runRouteWithinStack()
#43 /home/ubuntu/escolavistaalegre/backend/vendor/laravel/framework/src/Illuminate/Routing/Router.php(748): Illuminate\\Routing\\Router->runRoute()
#44 /home/ubuntu/escolavistaalegre/backend/vendor/laravel/framework/src/Illuminate/Routing/Router.php(737): Illuminate\\Routing\\Router->dispatchToRoute()
#45 /home/ubuntu/escolavistaalegre/backend/vendor/laravel/framework/src/Illuminate/Foundation/Http/Kernel.php(200): Illuminate\\Routing\\Router->dispatch()
#46 /home/ubuntu/escolavistaalegre/backend/vendor/laravel/framework/src/Illuminate/Pipeline/Pipeline.php(144): Illuminate\\Foundation\\Http\\Kernel->Illuminate\\Foundation\\Http\\{closure}()
#47 /home/ubuntu/escolavistaalegre/backend/vendor/livewire/livewire/src/Features/SupportDisablingBackButtonCache/DisableBackButtonCacheMiddleware.php(19): Illuminate\\Pipeline\\Pipeline->Illuminate\\Pipeline\\{closure}()
#48 /home/ubuntu/escolavistaalegre/backend/vendor/laravel/framework/src/Illuminate/Pipeline/Pipeline.php(183): Livewire\\Features\\SupportDisablingBackButtonCache\\DisableBackButtonCacheMiddleware->handle()
#49 /home/ubuntu/escolavistaalegre/backend/vendor/laravel/framework/src/Illuminate/Foundation/Http/Middleware/TransformsRequest.php(21): Illuminate\\Pipeline\\Pipeline->Illuminate\\Pipeline\\{closure}()
#50 /home/ubuntu/escolavistaalegre/backend/vendor/laravel/framework/src/Illuminate/Foundation/Http/Middleware/ConvertEmptyStringsToNull.php(31): Illuminate\\Foundation\\Http\\Middleware\\TransformsRequest->handle()
#51 /home/ubuntu/escolavistaalegre/backend/vendor/laravel/framework/src/Illuminate/Pipeline/Pipeline.php(183): Illuminate\\Foundation\\Http\\Middleware\\ConvertEmptyStringsToNull->handle()
#52 /home/ubuntu/escolavistaalegre/backend/vendor/laravel/framework/src/Illuminate/Foundation/Http/Middleware/TransformsRequest.php(21): Illuminate\\Pipeline\\Pipeline->Illuminate\\Pipeline\\{closure}()
#53 /home/ubuntu/escolavistaalegre/backend/vendor/laravel/framework/src/Illuminate/Foundation/Http/Middleware/TrimStrings.php(40): Illuminate\\Foundation\\Http\\Middleware\\TransformsRequest->handle()
#54 /home/ubuntu/escolavistaalegre/backend/vendor/laravel/framework/src/Illuminate/Pipeline/Pipeline.php(183): Illuminate\\Foundation\\Http\\Middleware\\TrimStrings->handle()
#55 /home/ubuntu/escolavistaalegre/backend/vendor/laravel/framework/src/Illuminate/Foundation/Http/Middleware/ValidatePostSize.php(27): Illuminate\\Pipeline\\Pipeline->Illuminate\\Pipeline\\{closure}()
#56 /home/ubuntu/escolavistaalegre/backend/vendor/laravel/framework/src/Illuminate/Pipeline/Pipeline.php(183): Illuminate\\Foundation\\Http\\Middleware\\ValidatePostSize->handle()
#57 /home/ubuntu/escolavistaalegre/backend/vendor/laravel/framework/src/Illuminate/Foundation/Http/Middleware/PreventRequestsDuringMaintenance.php(99): Illuminate\\Pipeline\\Pipeline->Illuminate\\Pipeline\\{closure}()
#58 /home/ubuntu/escolavistaalegre/backend/vendor/laravel/framework/src/Illuminate/Pipeline/Pipeline.php(183): Illuminate\\Foundation\\Http\\Middleware\\PreventRequestsDuringMaintenance->handle()
#59 /home/ubuntu/escolavistaalegre/backend/vendor/laravel/framework/src/Illuminate/Http/Middleware/HandleCors.php(49): Illuminate\\Pipeline\\Pipeline->Illuminate\\Pipeline\\{closure}()
#60 /home/ubuntu/escolavistaalegre/backend/vendor/laravel/framework/src/Illuminate/Pipeline/Pipeline.php(183): Illuminate\\Http\\Middleware\\HandleCors->handle()
#61 /home/ubuntu/escolavistaalegre/backend/vendor/laravel/framework/src/Illuminate/Http/Middleware/TrustProxies.php(39): Illuminate\\Pipeline\\Pipeline->Illuminate\\Pipeline\\{closure}()
#62 /home/ubuntu/escolavistaalegre/backend/vendor/laravel/framework/src/Illuminate/Pipeline/Pipeline.php(183): Illuminate\\Http\\Middleware\\TrustProxies->handle()
#63 /home/ubuntu/escolavistaalegre/backend/vendor/laravel/framework/src/Illuminate/Pipeline/Pipeline.php(119): Illuminate\\Pipeline\\Pipeline->Illuminate\\Pipeline\\{closure}()
#64 /home/ubuntu/escolavistaalegre/backend/vendor/laravel/framework/src/Illuminate/Foundation/Http/Kernel.php(175): Illuminate\\Pipeline\\Pipeline->then()
#65 /home/ubuntu/escolavistaalegre/backend/vendor/laravel/framework/src/Illuminate/Foundation/Http/Kernel.php(144): Illuminate\\Foundation\\Http\\Kernel->sendRequestThroughRouter()
#66 /home/ubuntu/escolavistaalegre/backend/public/index.php(52): Illuminate\\Foundation\\Http\\Kernel->handle()
#67 /home/ubuntu/escolavistaalegre/backend/vendor/laravel/framework/src/Illuminate/Foundation/resources/server.php(16): require_once('...')
#68 {main}

[previous exception] [object] (Illuminate\\Foundation\\ViteManifestNotFoundException(code: 0): Vite manifest not found at: /home/ubuntu/escolavistaalegre/backend/public/build/manifest.json at /home/ubuntu/escolavistaalegre/backend/vendor/laravel/framework/src/Illuminate/Foundation/Vite.php:728)
[stacktrace]
#0 /home/ubuntu/escolavistaalegre/backend/vendor/laravel/framework/src/Illuminate/Foundation/Vite.php(293): Illuminate\\Foundation\\Vite->manifest()
#1 /home/ubuntu/escolavistaalegre/backend/storage/framework/views/73b68312f6fb1d7d030fa01615c1700a.php(7): Illuminate\\Foundation\\Vite->__invoke()
#2 /home/ubuntu/escolavistaalegre/backend/vendor/laravel/framework/src/Illuminate/Filesystem/Filesystem.php(123): require('...')
#3 /home/ubuntu/escolavistaalegre/backend/vendor/laravel/framework/src/Illuminate/Filesystem/Filesystem.php(124): Illuminate\\Filesystem\\Filesystem::Illuminate\\Filesystem\\{closure}()
#4 /home/ubuntu/escolavistaalegre/backend/vendor/laravel/framework/src/Illuminate/View/Engines/PhpEngine.php(58): Illuminate\\Filesystem\\Filesystem->getRequire()
#5 /home/ubuntu/escolavistaalegre/backend/vendor/livewire/livewire/src/Mechanisms/ExtendBlade/ExtendedCompilerEngine.php(22): Illuminate\\View\\Engines\\PhpEngine->evaluatePath()
#6 /home/ubuntu/escolavistaalegre/backend/vendor/laravel/framework/src/Illuminate/View/Engines/CompilerEngine.php(72): Livewire\\Mechanisms\\ExtendBlade\\ExtendedCompilerEngine->evaluatePath()
#7 /home/ubuntu/escolavistaalegre/backend/vendor/livewire/livewire/src/Mechanisms/ExtendBlade/ExtendedCompilerEngine.php(10): Illuminate\\View\\Engines\\CompilerEngine->get()
#8 /home/ubuntu/escolavistaalegre/backend/vendor/laravel/framework/src/Illuminate/View/View.php(207): Livewire\\Mechanisms\\ExtendBlade\\ExtendedCompilerEngine->get()
#9 /home/ubuntu/escolavistaalegre/backend/vendor/laravel/framework/src/Illuminate/View/View.php(190): Illuminate\\View\\View->getContents()
#10 /home/ubuntu/escolavistaalegre/backend/vendor/laravel/framework/src/Illuminate/View/View.php(159): Illuminate\\View\\View->renderContents()
#11 /home/ubuntu/escolavistaalegre/backend/storage/framework/views/b60b772f152d103dbc2ffe21a2dfce38.php(97): Illuminate\\View\\View->render()
#12 /home/ubuntu/escolavistaalegre/backend/vendor/laravel/framework/src/Illuminate/Filesystem/Filesystem.php(123): require('...')
#13 /home/ubuntu/escolavistaalegre/backend/vendor/laravel/framework/src/Illuminate/Filesystem/Filesystem.php(124): Illuminate\\Filesystem\\Filesystem::Illuminate\\Filesystem\\{closure}()
#14 /home/ubuntu/escolavistaalegre/backend/vendor/laravel/framework/src/Illuminate/View/Engines/PhpEngine.php(58): Illuminate\\Filesystem\\Filesystem->getRequire()
#15 /home/ubuntu/escolavistaalegre/backend/vendor/livewire/livewire/src/Mechanisms/ExtendBlade/ExtendedCompilerEngine.php(22): Illuminate\\View\\Engines\\PhpEngine->evaluatePath()
#16 /home/ubuntu/escolavistaalegre/backend/vendor/laravel/framework/src/Illuminate/View/Engines/CompilerEngine.php(72): Livewire\\Mechanisms\\ExtendBlade\\ExtendedCompilerEngine->evaluatePath()
#17 /home/ubuntu/escolavistaalegre/backend/vendor/livewire/livewire/src/Mechanisms/ExtendBlade/ExtendedCompilerEngine.php(10): Illuminate\\View\\Engines\\CompilerEngine->get()
#18 /home/ubuntu/escolavistaalegre/backend/vendor/laravel/framework/src/Illuminate/View/View.php(207): Livewire\\Mechanisms\\ExtendBlade\\ExtendedCompilerEngine->get()
#19 /home/ubuntu/escolavistaalegre/backend/vendor/laravel/framework/src/Illuminate/View/View.php(190): Illuminate\\View\\View->getContents()
#20 /home/ubuntu/escolavistaalegre/backend/vendor/laravel/framework/src/Illuminate/View/View.php(159): Illuminate\\View\\View->renderContents()
#21 /home/ubuntu/escolavistaalegre/backend/vendor/laravel/framework/src/Illuminate/Http/Response.php(69): Illuminate\\View\\View->render()
#22 /home/ubuntu/escolavistaalegre/backend/vendor/laravel/framework/src/Illuminate/Http/Response.php(35): Illuminate\\Http\\Response->setContent()
#23 /home/ubuntu/escolavistaalegre/backend/vendor/laravel/framework/src/Illuminate/Routing/Router.php(918): Illuminate\\Http\\Response->__construct()
#24 /home/ubuntu/escolavistaalegre/backend/vendor/laravel/framework/src/Illuminate/Routing/Router.php(885): Illuminate\\Routing\\Router::toResponse()
#25 /home/ubuntu/escolavistaalegre/backend/vendor/laravel/framework/src/Illuminate/Routing/Router.php(806): Illuminate\\Routing\\Router->prepareResponse()
#26 /home/ubuntu/escolavistaalegre/backend/vendor/laravel/framework/src/Illuminate/Pipeline/Pipeline.php(144): Illuminate\\Routing\\Router->Illuminate\\Routing\\{closure}()
#27 /home/ubuntu/escolavistaalegre/backend/vendor/laravel/framework/src/Illuminate/Routing/Middleware/SubstituteBindings.php(50): Illuminate\\Pipeline\\Pipeline->Illuminate\\Pipeline\\{closure}()
#28 /home/ubuntu/escolavistaalegre/backend/vendor/laravel/framework/src/Illuminate/Pipeline/Pipeline.php(183): Illuminate\\Routing\\Middleware\\SubstituteBindings->handle()
#29 /home/ubuntu/escolavistaalegre/backend/vendor/laravel/framework/src/Illuminate/Foundation/Http/Middleware/VerifyCsrfToken.php(78): Illuminate\\Pipeline\\Pipeline->Illuminate\\Pipeline\\{closure}()
#30 /home/ubuntu/escolavistaalegre/backend/vendor/laravel/framework/src/Illuminate/Pipeline/Pipeline.php(183): Illuminate\\Foundation\\Http\\Middleware\\VerifyCsrfToken->handle()
#31 /home/ubuntu/escolavistaalegre/backend/vendor/laravel/framework/src/Illuminate/View/Middleware/ShareErrorsFromSession.php(49): Illuminate\\Pipeline\\Pipeline->Illuminate\\Pipeline\\{closure}()
#32 /home/ubuntu/escolavistaalegre/backend/vendor/laravel/framework/src/Illuminate/Pipeline/Pipeline.php(183): Illuminate\\View\\Middleware\\ShareErrorsFromSession->handle()
#33 /home/ubuntu/escolavistaalegre/backend/vendor/laravel/framework/src/Illuminate/Session/Middleware/StartSession.php(121): Illuminate\\Pipeline\\Pipeline->Illuminate\\Pipeline\\{closure}()
#34 /home/ubuntu/escolavistaalegre/backend/vendor/laravel/framework/src/Illuminate/Session/Middleware/StartSession.php(64): Illuminate\\Session\\Middleware\\StartSession->handleStatefulRequest()
#35 /home/ubuntu/escolavistaalegre/backend/vendor/laravel/framework/src/Illuminate/Pipeline/Pipeline.php(183): Illuminate\\Session\\Middleware\\StartSession->handle()
#36 /home/ubuntu/escolavistaalegre/backend/vendor/laravel/framework/src/Illuminate/Cookie/Middleware/AddQueuedCookiesToResponse.php(37): Illuminate\\Pipeline\\Pipeline->Illuminate\\Pipeline\\{closure}()
#37 /home/ubuntu/escolavistaalegre/backend/vendor/laravel/framework/src/Illuminate/Pipeline/Pipeline.php(183): Illuminate\\Cookie\\Middleware\\AddQueuedCookiesToResponse->handle()
#38 /home/ubuntu/escolavistaalegre/backend/vendor/laravel/framework/src/Illuminate/Cookie/Middleware/EncryptCookies.php(67): Illuminate\\Pipeline\\Pipeline->Illuminate\\Pipeline\\{closure}()
#39 /home/ubuntu/escolavistaalegre/backend/vendor/laravel/framework/src/Illuminate/Pipeline/Pipeline.php(183): Illuminate\\Cookie\\Middleware\\EncryptCookies->handle()
#40 /home/ubuntu/escolavistaalegre/backend/vendor/laravel/framework/src/Illuminate/Pipeline/Pipeline.php(119): Illuminate\\Pipeline\\Pipeline->Illuminate\\Pipeline\\{closure}()
#41 /home/ubuntu/escolavistaalegre/backend/vendor/laravel/framework/src/Illuminate/Routing/Router.php(807): Illuminate\\Pipeline\\Pipeline->then()
#42 /home/ubuntu/escolavistaalegre/backend/vendor/laravel/framework/src/Illuminate/Routing/Router.php(784): Illuminate\\Routing\\Router->runRouteWithinStack()
#43 /home/ubuntu/escolavistaalegre/backend/vendor/laravel/framework/src/Illuminate/Routing/Router.php(748): Illuminate\\Routing\\Router->runRoute()
#44 /home/ubuntu/escolavistaalegre/backend/vendor/laravel/framework/src/Illuminate/Routing/Router.php(737): Illuminate\\Routing\\Router->dispatchToRoute()
#45 /home/ubuntu/escolavistaalegre/backend/vendor/laravel/framework/src/Illuminate/Foundation/Http/Kernel.php(200): Illuminate\\Routing\\Router->dispatch()
#46 /home/ubuntu/escolavistaalegre/backend/vendor/laravel/framework/src/Illuminate/Pipeline/Pipeline.php(144): Illuminate\\Foundation\\Http\\Kernel->Illuminate\\Foundation\\Http\\{closure}()
#47 /home/ubuntu/escolavistaalegre/backend/vendor/livewire/livewire/src/Features/SupportDisablingBackButtonCache/DisableBackButtonCacheMiddleware.php(19): Illuminate\\Pipeline\\Pipeline->Illuminate\\Pipeline\\{closure}()
#48 /home/ubuntu/escolavistaalegre/backend/vendor/laravel/framework/src/Illuminate/Pipeline/Pipeline.php(183): Livewire\\Features\\SupportDisablingBackButtonCache\\DisableBackButtonCacheMiddleware->handle()
#49 /home/ubuntu/escolavistaalegre/backend/vendor/laravel/framework/src/Illuminate/Foundation/Http/Middleware/TransformsRequest.php(21): Illuminate\\Pipeline\\Pipeline->Illuminate\\Pipeline\\{closure}()
#50 /home/ubuntu/escolavistaalegre/backend/vendor/laravel/framework/src/Illuminate/Foundation/Http/Middleware/ConvertEmptyStringsToNull.php(31): Illuminate\\Foundation\\Http\\Middleware\\TransformsRequest->handle()
#51 /home/ubuntu/escolavistaalegre/backend/vendor/laravel/framework/src/Illuminate/Pipeline/Pipeline.php(183): Illuminate\\Foundation\\Http\\Middleware\\ConvertEmptyStringsToNull->handle()
#52 /home/ubuntu/escolavistaalegre/backend/vendor/laravel/framework/src/Illuminate/Foundation/Http/Middleware/TransformsRequest.php(21): Illuminate\\Pipeline\\Pipeline->Illuminate\\Pipeline\\{closure}()
#53 /home/ubuntu/escolavistaalegre/backend/vendor/laravel/framework/src/Illuminate/Foundation/Http/Middleware/TrimStrings.php(40): Illuminate\\Foundation\\Http\\Middleware\\TransformsRequest->handle()
#54 /home/ubuntu/escolavistaalegre/backend/vendor/laravel/framework/src/Illuminate/Pipeline/Pipeline.php(183): Illuminate\\Foundation\\Http\\Middleware\\TrimStrings->handle()
#55 /home/ubuntu/escolavistaalegre/backend/vendor/laravel/framework/src/Illuminate/Foundation/Http/Middleware/ValidatePostSize.php(27): Illuminate\\Pipeline\\Pipeline->Illuminate\\Pipeline\\{closure}()
#56 /home/ubuntu/escolavistaalegre/backend/vendor/laravel/framework/src/Illuminate/Pipeline/Pipeline.php(183): Illuminate\\Foundation\\Http\\Middleware\\ValidatePostSize->handle()
#57 /home/ubuntu/escolavistaalegre/backend/vendor/laravel/framework/src/Illuminate/Foundation/Http/Middleware/PreventRequestsDuringMaintenance.php(99): Illuminate\\Pipeline\\Pipeline->Illuminate\\Pipeline\\{closure}()
#58 /home/ubuntu/escolavistaalegre/backend/vendor/laravel/framework/src/Illuminate/Pipeline/Pipeline.php(183): Illuminate\\Foundation\\Http\\Middleware\\PreventRequestsDuringMaintenance->handle()
#59 /home/ubuntu/escolavistaalegre/backend/vendor/laravel/framework/src/Illuminate/Http/Middleware/HandleCors.php(49): Illuminate\\Pipeline\\Pipeline->Illuminate\\Pipeline\\{closure}()
#60 /home/ubuntu/escolavistaalegre/backend/vendor/laravel/framework/src/Illuminate/Pipeline/Pipeline.php(183): Illuminate\\Http\\Middleware\\HandleCors->handle()
#61 /home/ubuntu/escolavistaalegre/backend/vendor/laravel/framework/src/Illuminate/Http/Middleware/TrustProxies.php(39): Illuminate\\Pipeline\\Pipeline->Illuminate\\Pipeline\\{closure}()
#62 /home/ubuntu/escolavistaalegre/backend/vendor/laravel/framework/src/Illuminate/Pipeline/Pipeline.php(183): Illuminate\\Http\\Middleware\\TrustProxies->handle()
#63 /home/ubuntu/escolavistaalegre/backend/vendor/laravel/framework/src/Illuminate/Pipeline/Pipeline.php(119): Illuminate\\Pipeline\\Pipeline->Illuminate\\Pipeline\\{closure}()
#64 /home/ubuntu/escolavistaalegre/backend/vendor/laravel/framework/src/Illuminate/Foundation/Http/Kernel.php(175): Illuminate\\Pipeline\\Pipeline->then()
#65 /home/ubuntu/escolavistaalegre/backend/vendor/laravel/framework/src/Illuminate/Foundation/Http/Kernel.php(144): Illuminate\\Foundation\\Http\\Kernel->sendRequestThroughRouter()
#66 /home/ubuntu/escolavistaalegre/backend/public/index.php(52): Illuminate\\Foundation\\Http\\Kernel->handle()
#67 /home/ubuntu/escolavistaalegre/backend/vendor/laravel/framework/src/Illuminate/Foundation/resources/server.php(16): require_once('...')
#68 {main}
"}
[2025-06-03 14:58:01] PROD.ERROR: Vite manifest not found at: /home/ubuntu/escolavistaalegre/backend/public/build/manifest.json {"view":{"view":"/home/ubuntu/escolavistaalegre/backend/resources/views/layouts/public.blade.php","data":[]},"exception":"[object] (Spatie\\LaravelIgnition\\Exceptions\\ViewException(code: 0): Vite manifest not found at: /home/ubuntu/escolavistaalegre/backend/public/build/manifest.json at /home/ubuntu/escolavistaalegre/backend/vendor/laravel/framework/src/Illuminate/Foundation/Vite.php:728)
[stacktrace]
#0 /home/ubuntu/escolavistaalegre/backend/vendor/laravel/framework/src/Illuminate/Foundation/Vite.php(293): Illuminate\\Foundation\\Vite->manifest()
#1 /home/ubuntu/escolavistaalegre/backend/resources/views/layouts/public.blade.php(7): Illuminate\\Foundation\\Vite->__invoke()
#2 /home/ubuntu/escolavistaalegre/backend/vendor/laravel/framework/src/Illuminate/Filesystem/Filesystem.php(123): require('...')
#3 /home/ubuntu/escolavistaalegre/backend/vendor/laravel/framework/src/Illuminate/Filesystem/Filesystem.php(124): Illuminate\\Filesystem\\Filesystem::Illuminate\\Filesystem\\{closure}()
#4 /home/ubuntu/escolavistaalegre/backend/vendor/laravel/framework/src/Illuminate/View/Engines/PhpEngine.php(58): Illuminate\\Filesystem\\Filesystem->getRequire()
#5 /home/ubuntu/escolavistaalegre/backend/vendor/livewire/livewire/src/Mechanisms/ExtendBlade/ExtendedCompilerEngine.php(22): Illuminate\\View\\Engines\\PhpEngine->evaluatePath()
#6 /home/ubuntu/escolavistaalegre/backend/vendor/laravel/framework/src/Illuminate/View/Engines/CompilerEngine.php(72): Livewire\\Mechanisms\\ExtendBlade\\ExtendedCompilerEngine->evaluatePath()
#7 /home/ubuntu/escolavistaalegre/backend/vendor/livewire/livewire/src/Mechanisms/ExtendBlade/ExtendedCompilerEngine.php(10): Illuminate\\View\\Engines\\CompilerEngine->get()
#8 /home/ubuntu/escolavistaalegre/backend/vendor/laravel/framework/src/Illuminate/View/View.php(207): Livewire\\Mechanisms\\ExtendBlade\\ExtendedCompilerEngine->get()
#9 /home/ubuntu/escolavistaalegre/backend/vendor/laravel/framework/src/Illuminate/View/View.php(190): Illuminate\\View\\View->getContents()
#10 /home/ubuntu/escolavistaalegre/backend/vendor/laravel/framework/src/Illuminate/View/View.php(159): Illuminate\\View\\View->renderContents()
#11 /home/ubuntu/escolavistaalegre/backend/resources/views/public/home.blade.php(97): Illuminate\\View\\View->render()
#12 /home/ubuntu/escolavistaalegre/backend/vendor/laravel/framework/src/Illuminate/Filesystem/Filesystem.php(123): require('...')
#13 /home/ubuntu/escolavistaalegre/backend/vendor/laravel/framework/src/Illuminate/Filesystem/Filesystem.php(124): Illuminate\\Filesystem\\Filesystem::Illuminate\\Filesystem\\{closure}()
#14 /home/ubuntu/escolavistaalegre/backend/vendor/laravel/framework/src/Illuminate/View/Engines/PhpEngine.php(58): Illuminate\\Filesystem\\Filesystem->getRequire()
#15 /home/ubuntu/escolavistaalegre/backend/vendor/livewire/livewire/src/Mechanisms/ExtendBlade/ExtendedCompilerEngine.php(22): Illuminate\\View\\Engines\\PhpEngine->evaluatePath()
#16 /home/ubuntu/escolavistaalegre/backend/vendor/laravel/framework/src/Illuminate/View/Engines/CompilerEngine.php(72): Livewire\\Mechanisms\\ExtendBlade\\ExtendedCompilerEngine->evaluatePath()
#17 /home/ubuntu/escolavistaalegre/backend/vendor/livewire/livewire/src/Mechanisms/ExtendBlade/ExtendedCompilerEngine.php(10): Illuminate\\View\\Engines\\CompilerEngine->get()
#18 /home/ubuntu/escolavistaalegre/backend/vendor/laravel/framework/src/Illuminate/View/View.php(207): Livewire\\Mechanisms\\ExtendBlade\\ExtendedCompilerEngine->get()
#19 /home/ubuntu/escolavistaalegre/backend/vendor/laravel/framework/src/Illuminate/View/View.php(190): Illuminate\\View\\View->getContents()
#20 /home/ubuntu/escolavistaalegre/backend/vendor/laravel/framework/src/Illuminate/View/View.php(159): Illuminate\\View\\View->renderContents()
#21 /home/ubuntu/escolavistaalegre/backend/vendor/laravel/framework/src/Illuminate/Http/Response.php(69): Illuminate\\View\\View->render()
#22 /home/ubuntu/escolavistaalegre/backend/vendor/laravel/framework/src/Illuminate/Http/Response.php(35): Illuminate\\Http\\Response->setContent()
#23 /home/ubuntu/escolavistaalegre/backend/vendor/laravel/framework/src/Illuminate/Routing/Router.php(918): Illuminate\\Http\\Response->__construct()
#24 /home/ubuntu/escolavistaalegre/backend/vendor/laravel/framework/src/Illuminate/Routing/Router.php(885): Illuminate\\Routing\\Router::toResponse()
#25 /home/ubuntu/escolavistaalegre/backend/vendor/laravel/framework/src/Illuminate/Routing/Router.php(806): Illuminate\\Routing\\Router->prepareResponse()
#26 /home/ubuntu/escolavistaalegre/backend/vendor/laravel/framework/src/Illuminate/Pipeline/Pipeline.php(144): Illuminate\\Routing\\Router->Illuminate\\Routing\\{closure}()
#27 /home/ubuntu/escolavistaalegre/backend/vendor/laravel/framework/src/Illuminate/Routing/Middleware/SubstituteBindings.php(50): Illuminate\\Pipeline\\Pipeline->Illuminate\\Pipeline\\{closure}()
#28 /home/ubuntu/escolavistaalegre/backend/vendor/laravel/framework/src/Illuminate/Pipeline/Pipeline.php(183): Illuminate\\Routing\\Middleware\\SubstituteBindings->handle()
#29 /home/ubuntu/escolavistaalegre/backend/vendor/laravel/framework/src/Illuminate/Foundation/Http/Middleware/VerifyCsrfToken.php(78): Illuminate\\Pipeline\\Pipeline->Illuminate\\Pipeline\\{closure}()
#30 /home/ubuntu/escolavistaalegre/backend/vendor/laravel/framework/src/Illuminate/Pipeline/Pipeline.php(183): Illuminate\\Foundation\\Http\\Middleware\\VerifyCsrfToken->handle()
#31 /home/ubuntu/escolavistaalegre/backend/vendor/laravel/framework/src/Illuminate/View/Middleware/ShareErrorsFromSession.php(49): Illuminate\\Pipeline\\Pipeline->Illuminate\\Pipeline\\{closure}()
#32 /home/ubuntu/escolavistaalegre/backend/vendor/laravel/framework/src/Illuminate/Pipeline/Pipeline.php(183): Illuminate\\View\\Middleware\\ShareErrorsFromSession->handle()
#33 /home/ubuntu/escolavistaalegre/backend/vendor/laravel/framework/src/Illuminate/Session/Middleware/StartSession.php(121): Illuminate\\Pipeline\\Pipeline->Illuminate\\Pipeline\\{closure}()
#34 /home/ubuntu/escolavistaalegre/backend/vendor/laravel/framework/src/Illuminate/Session/Middleware/StartSession.php(64): Illuminate\\Session\\Middleware\\StartSession->handleStatefulRequest()
#35 /home/ubuntu/escolavistaalegre/backend/vendor/laravel/framework/src/Illuminate/Pipeline/Pipeline.php(183): Illuminate\\Session\\Middleware\\StartSession->handle()
#36 /home/ubuntu/escolavistaalegre/backend/vendor/laravel/framework/src/Illuminate/Cookie/Middleware/AddQueuedCookiesToResponse.php(37): Illuminate\\Pipeline\\Pipeline->Illuminate\\Pipeline\\{closure}()
#37 /home/ubuntu/escolavistaalegre/backend/vendor/laravel/framework/src/Illuminate/Pipeline/Pipeline.php(183): Illuminate\\Cookie\\Middleware\\AddQueuedCookiesToResponse->handle()
#38 /home/ubuntu/escolavistaalegre/backend/vendor/laravel/framework/src/Illuminate/Cookie/Middleware/EncryptCookies.php(67): Illuminate\\Pipeline\\Pipeline->Illuminate\\Pipeline\\{closure}()
#39 /home/ubuntu/escolavistaalegre/backend/vendor/laravel/framework/src/Illuminate/Pipeline/Pipeline.php(183): Illuminate\\Cookie\\Middleware\\EncryptCookies->handle()
#40 /home/ubuntu/escolavistaalegre/backend/vendor/laravel/framework/src/Illuminate/Pipeline/Pipeline.php(119): Illuminate\\Pipeline\\Pipeline->Illuminate\\Pipeline\\{closure}()
#41 /home/ubuntu/escolavistaalegre/backend/vendor/laravel/framework/src/Illuminate/Routing/Router.php(807): Illuminate\\Pipeline\\Pipeline->then()
#42 /home/ubuntu/escolavistaalegre/backend/vendor/laravel/framework/src/Illuminate/Routing/Router.php(784): Illuminate\\Routing\\Router->runRouteWithinStack()
#43 /home/ubuntu/escolavistaalegre/backend/vendor/laravel/framework/src/Illuminate/Routing/Router.php(748): Illuminate\\Routing\\Router->runRoute()
#44 /home/ubuntu/escolavistaalegre/backend/vendor/laravel/framework/src/Illuminate/Routing/Router.php(737): Illuminate\\Routing\\Router->dispatchToRoute()
#45 /home/ubuntu/escolavistaalegre/backend/vendor/laravel/framework/src/Illuminate/Foundation/Http/Kernel.php(200): Illuminate\\Routing\\Router->dispatch()
#46 /home/ubuntu/escolavistaalegre/backend/vendor/laravel/framework/src/Illuminate/Pipeline/Pipeline.php(144): Illuminate\\Foundation\\Http\\Kernel->Illuminate\\Foundation\\Http\\{closure}()
#47 /home/ubuntu/escolavistaalegre/backend/vendor/livewire/livewire/src/Features/SupportDisablingBackButtonCache/DisableBackButtonCacheMiddleware.php(19): Illuminate\\Pipeline\\Pipeline->Illuminate\\Pipeline\\{closure}()
#48 /home/ubuntu/escolavistaalegre/backend/vendor/laravel/framework/src/Illuminate/Pipeline/Pipeline.php(183): Livewire\\Features\\SupportDisablingBackButtonCache\\DisableBackButtonCacheMiddleware->handle()
#49 /home/ubuntu/escolavistaalegre/backend/vendor/laravel/framework/src/Illuminate/Foundation/Http/Middleware/TransformsRequest.php(21): Illuminate\\Pipeline\\Pipeline->Illuminate\\Pipeline\\{closure}()
#50 /home/ubuntu/escolavistaalegre/backend/vendor/laravel/framework/src/Illuminate/Foundation/Http/Middleware/ConvertEmptyStringsToNull.php(31): Illuminate\\Foundation\\Http\\Middleware\\TransformsRequest->handle()
#51 /home/ubuntu/escolavistaalegre/backend/vendor/laravel/framework/src/Illuminate/Pipeline/Pipeline.php(183): Illuminate\\Foundation\\Http\\Middleware\\ConvertEmptyStringsToNull->handle()
#52 /home/ubuntu/escolavistaalegre/backend/vendor/laravel/framework/src/Illuminate/Foundation/Http/Middleware/TransformsRequest.php(21): Illuminate\\Pipeline\\Pipeline->Illuminate\\Pipeline\\{closure}()
#53 /home/ubuntu/escolavistaalegre/backend/vendor/laravel/framework/src/Illuminate/Foundation/Http/Middleware/TrimStrings.php(40): Illuminate\\Foundation\\Http\\Middleware\\TransformsRequest->handle()
#54 /home/ubuntu/escolavistaalegre/backend/vendor/laravel/framework/src/Illuminate/Pipeline/Pipeline.php(183): Illuminate\\Foundation\\Http\\Middleware\\TrimStrings->handle()
#55 /home/ubuntu/escolavistaalegre/backend/vendor/laravel/framework/src/Illuminate/Foundation/Http/Middleware/ValidatePostSize.php(27): Illuminate\\Pipeline\\Pipeline->Illuminate\\Pipeline\\{closure}()
#56 /home/ubuntu/escolavistaalegre/backend/vendor/laravel/framework/src/Illuminate/Pipeline/Pipeline.php(183): Illuminate\\Foundation\\Http\\Middleware\\ValidatePostSize->handle()
#57 /home/ubuntu/escolavistaalegre/backend/vendor/laravel/framework/src/Illuminate/Foundation/Http/Middleware/PreventRequestsDuringMaintenance.php(99): Illuminate\\Pipeline\\Pipeline->Illuminate\\Pipeline\\{closure}()
#58 /home/ubuntu/escolavistaalegre/backend/vendor/laravel/framework/src/Illuminate/Pipeline/Pipeline.php(183): Illuminate\\Foundation\\Http\\Middleware\\PreventRequestsDuringMaintenance->handle()
#59 /home/ubuntu/escolavistaalegre/backend/vendor/laravel/framework/src/Illuminate/Http/Middleware/HandleCors.php(49): Illuminate\\Pipeline\\Pipeline->Illuminate\\Pipeline\\{closure}()
#60 /home/ubuntu/escolavistaalegre/backend/vendor/laravel/framework/src/Illuminate/Pipeline/Pipeline.php(183): Illuminate\\Http\\Middleware\\HandleCors->handle()
#61 /home/ubuntu/escolavistaalegre/backend/vendor/laravel/framework/src/Illuminate/Http/Middleware/TrustProxies.php(39): Illuminate\\Pipeline\\Pipeline->Illuminate\\Pipeline\\{closure}()
#62 /home/ubuntu/escolavistaalegre/backend/vendor/laravel/framework/src/Illuminate/Pipeline/Pipeline.php(183): Illuminate\\Http\\Middleware\\TrustProxies->handle()
#63 /home/ubuntu/escolavistaalegre/backend/vendor/laravel/framework/src/Illuminate/Pipeline/Pipeline.php(119): Illuminate\\Pipeline\\Pipeline->Illuminate\\Pipeline\\{closure}()
#64 /home/ubuntu/escolavistaalegre/backend/vendor/laravel/framework/src/Illuminate/Foundation/Http/Kernel.php(175): Illuminate\\Pipeline\\Pipeline->then()
#65 /home/ubuntu/escolavistaalegre/backend/vendor/laravel/framework/src/Illuminate/Foundation/Http/Kernel.php(144): Illuminate\\Foundation\\Http\\Kernel->sendRequestThroughRouter()
#66 /home/ubuntu/escolavistaalegre/backend/public/index.php(52): Illuminate\\Foundation\\Http\\Kernel->handle()
#67 /home/ubuntu/escolavistaalegre/backend/vendor/laravel/framework/src/Illuminate/Foundation/resources/server.php(16): require_once('...')
#68 {main}

[previous exception] [object] (Illuminate\\Foundation\\ViteManifestNotFoundException(code: 0): Vite manifest not found at: /home/ubuntu/escolavistaalegre/backend/public/build/manifest.json at /home/ubuntu/escolavistaalegre/backend/vendor/laravel/framework/src/Illuminate/Foundation/Vite.php:728)
[stacktrace]
#0 /home/ubuntu/escolavistaalegre/backend/vendor/laravel/framework/src/Illuminate/Foundation/Vite.php(293): Illuminate\\Foundation\\Vite->manifest()
#1 /home/ubuntu/escolavistaalegre/backend/storage/framework/views/73b68312f6fb1d7d030fa01615c1700a.php(7): Illuminate\\Foundation\\Vite->__invoke()
#2 /home/ubuntu/escolavistaalegre/backend/vendor/laravel/framework/src/Illuminate/Filesystem/Filesystem.php(123): require('...')
#3 /home/ubuntu/escolavistaalegre/backend/vendor/laravel/framework/src/Illuminate/Filesystem/Filesystem.php(124): Illuminate\\Filesystem\\Filesystem::Illuminate\\Filesystem\\{closure}()
#4 /home/ubuntu/escolavistaalegre/backend/vendor/laravel/framework/src/Illuminate/View/Engines/PhpEngine.php(58): Illuminate\\Filesystem\\Filesystem->getRequire()
#5 /home/ubuntu/escolavistaalegre/backend/vendor/livewire/livewire/src/Mechanisms/ExtendBlade/ExtendedCompilerEngine.php(22): Illuminate\\View\\Engines\\PhpEngine->evaluatePath()
#6 /home/ubuntu/escolavistaalegre/backend/vendor/laravel/framework/src/Illuminate/View/Engines/CompilerEngine.php(72): Livewire\\Mechanisms\\ExtendBlade\\ExtendedCompilerEngine->evaluatePath()
#7 /home/ubuntu/escolavistaalegre/backend/vendor/livewire/livewire/src/Mechanisms/ExtendBlade/ExtendedCompilerEngine.php(10): Illuminate\\View\\Engines\\CompilerEngine->get()
#8 /home/ubuntu/escolavistaalegre/backend/vendor/laravel/framework/src/Illuminate/View/View.php(207): Livewire\\Mechanisms\\ExtendBlade\\ExtendedCompilerEngine->get()
#9 /home/ubuntu/escolavistaalegre/backend/vendor/laravel/framework/src/Illuminate/View/View.php(190): Illuminate\\View\\View->getContents()
#10 /home/ubuntu/escolavistaalegre/backend/vendor/laravel/framework/src/Illuminate/View/View.php(159): Illuminate\\View\\View->renderContents()
#11 /home/ubuntu/escolavistaalegre/backend/storage/framework/views/b60b772f152d103dbc2ffe21a2dfce38.php(97): Illuminate\\View\\View->render()
#12 /home/ubuntu/escolavistaalegre/backend/vendor/laravel/framework/src/Illuminate/Filesystem/Filesystem.php(123): require('...')
#13 /home/ubuntu/escolavistaalegre/backend/vendor/laravel/framework/src/Illuminate/Filesystem/Filesystem.php(124): Illuminate\\Filesystem\\Filesystem::Illuminate\\Filesystem\\{closure}()
#14 /home/ubuntu/escolavistaalegre/backend/vendor/laravel/framework/src/Illuminate/View/Engines/PhpEngine.php(58): Illuminate\\Filesystem\\Filesystem->getRequire()
#15 /home/ubuntu/escolavistaalegre/backend/vendor/livewire/livewire/src/Mechanisms/ExtendBlade/ExtendedCompilerEngine.php(22): Illuminate\\View\\Engines\\PhpEngine->evaluatePath()
#16 /home/ubuntu/escolavistaalegre/backend/vendor/laravel/framework/src/Illuminate/View/Engines/CompilerEngine.php(72): Livewire\\Mechanisms\\ExtendBlade\\ExtendedCompilerEngine->evaluatePath()
#17 /home/ubuntu/escolavistaalegre/backend/vendor/livewire/livewire/src/Mechanisms/ExtendBlade/ExtendedCompilerEngine.php(10): Illuminate\\View\\Engines\\CompilerEngine->get()
#18 /home/ubuntu/escolavistaalegre/backend/vendor/laravel/framework/src/Illuminate/View/View.php(207): Livewire\\Mechanisms\\ExtendBlade\\ExtendedCompilerEngine->get()
#19 /home/ubuntu/escolavistaalegre/backend/vendor/laravel/framework/src/Illuminate/View/View.php(190): Illuminate\\View\\View->getContents()
#20 /home/ubuntu/escolavistaalegre/backend/vendor/laravel/framework/src/Illuminate/View/View.php(159): Illuminate\\View\\View->renderContents()
#21 /home/ubuntu/escolavistaalegre/backend/vendor/laravel/framework/src/Illuminate/Http/Response.php(69): Illuminate\\View\\View->render()
#22 /home/ubuntu/escolavistaalegre/backend/vendor/laravel/framework/src/Illuminate/Http/Response.php(35): Illuminate\\Http\\Response->setContent()
#23 /home/ubuntu/escolavistaalegre/backend/vendor/laravel/framework/src/Illuminate/Routing/Router.php(918): Illuminate\\Http\\Response->__construct()
#24 /home/ubuntu/escolavistaalegre/backend/vendor/laravel/framework/src/Illuminate/Routing/Router.php(885): Illuminate\\Routing\\Router::toResponse()
#25 /home/ubuntu/escolavistaalegre/backend/vendor/laravel/framework/src/Illuminate/Routing/Router.php(806): Illuminate\\Routing\\Router->prepareResponse()
#26 /home/ubuntu/escolavistaalegre/backend/vendor/laravel/framework/src/Illuminate/Pipeline/Pipeline.php(144): Illuminate\\Routing\\Router->Illuminate\\Routing\\{closure}()
#27 /home/ubuntu/escolavistaalegre/backend/vendor/laravel/framework/src/Illuminate/Routing/Middleware/SubstituteBindings.php(50): Illuminate\\Pipeline\\Pipeline->Illuminate\\Pipeline\\{closure}()
#28 /home/ubuntu/escolavistaalegre/backend/vendor/laravel/framework/src/Illuminate/Pipeline/Pipeline.php(183): Illuminate\\Routing\\Middleware\\SubstituteBindings->handle()
#29 /home/ubuntu/escolavistaalegre/backend/vendor/laravel/framework/src/Illuminate/Foundation/Http/Middleware/VerifyCsrfToken.php(78): Illuminate\\Pipeline\\Pipeline->Illuminate\\Pipeline\\{closure}()
#30 /home/ubuntu/escolavistaalegre/backend/vendor/laravel/framework/src/Illuminate/Pipeline/Pipeline.php(183): Illuminate\\Foundation\\Http\\Middleware\\VerifyCsrfToken->handle()
#31 /home/ubuntu/escolavistaalegre/backend/vendor/laravel/framework/src/Illuminate/View/Middleware/ShareErrorsFromSession.php(49): Illuminate\\Pipeline\\Pipeline->Illuminate\\Pipeline\\{closure}()
#32 /home/ubuntu/escolavistaalegre/backend/vendor/laravel/framework/src/Illuminate/Pipeline/Pipeline.php(183): Illuminate\\View\\Middleware\\ShareErrorsFromSession->handle()
#33 /home/ubuntu/escolavistaalegre/backend/vendor/laravel/framework/src/Illuminate/Session/Middleware/StartSession.php(121): Illuminate\\Pipeline\\Pipeline->Illuminate\\Pipeline\\{closure}()
#34 /home/ubuntu/escolavistaalegre/backend/vendor/laravel/framework/src/Illuminate/Session/Middleware/StartSession.php(64): Illuminate\\Session\\Middleware\\StartSession->handleStatefulRequest()
#35 /home/ubuntu/escolavistaalegre/backend/vendor/laravel/framework/src/Illuminate/Pipeline/Pipeline.php(183): Illuminate\\Session\\Middleware\\StartSession->handle()
#36 /home/ubuntu/escolavistaalegre/backend/vendor/laravel/framework/src/Illuminate/Cookie/Middleware/AddQueuedCookiesToResponse.php(37): Illuminate\\Pipeline\\Pipeline->Illuminate\\Pipeline\\{closure}()
#37 /home/ubuntu/escolavistaalegre/backend/vendor/laravel/framework/src/Illuminate/Pipeline/Pipeline.php(183): Illuminate\\Cookie\\Middleware\\AddQueuedCookiesToResponse->handle()
#38 /home/ubuntu/escolavistaalegre/backend/vendor/laravel/framework/src/Illuminate/Cookie/Middleware/EncryptCookies.php(67): Illuminate\\Pipeline\\Pipeline->Illuminate\\Pipeline\\{closure}()
#39 /home/ubuntu/escolavistaalegre/backend/vendor/laravel/framework/src/Illuminate/Pipeline/Pipeline.php(183): Illuminate\\Cookie\\Middleware\\EncryptCookies->handle()
#40 /home/ubuntu/escolavistaalegre/backend/vendor/laravel/framework/src/Illuminate/Pipeline/Pipeline.php(119): Illuminate\\Pipeline\\Pipeline->Illuminate\\Pipeline\\{closure}()
#41 /home/ubuntu/escolavistaalegre/backend/vendor/laravel/framework/src/Illuminate/Routing/Router.php(807): Illuminate\\Pipeline\\Pipeline->then()
#42 /home/ubuntu/escolavistaalegre/backend/vendor/laravel/framework/src/Illuminate/Routing/Router.php(784): Illuminate\\Routing\\Router->runRouteWithinStack()
#43 /home/ubuntu/escolavistaalegre/backend/vendor/laravel/framework/src/Illuminate/Routing/Router.php(748): Illuminate\\Routing\\Router->runRoute()
#44 /home/ubuntu/escolavistaalegre/backend/vendor/laravel/framework/src/Illuminate/Routing/Router.php(737): Illuminate\\Routing\\Router->dispatchToRoute()
#45 /home/ubuntu/escolavistaalegre/backend/vendor/laravel/framework/src/Illuminate/Foundation/Http/Kernel.php(200): Illuminate\\Routing\\Router->dispatch()
#46 /home/ubuntu/escolavistaalegre/backend/vendor/laravel/framework/src/Illuminate/Pipeline/Pipeline.php(144): Illuminate\\Foundation\\Http\\Kernel->Illuminate\\Foundation\\Http\\{closure}()
#47 /home/ubuntu/escolavistaalegre/backend/vendor/livewire/livewire/src/Features/SupportDisablingBackButtonCache/DisableBackButtonCacheMiddleware.php(19): Illuminate\\Pipeline\\Pipeline->Illuminate\\Pipeline\\{closure}()
#48 /home/ubuntu/escolavistaalegre/backend/vendor/laravel/framework/src/Illuminate/Pipeline/Pipeline.php(183): Livewire\\Features\\SupportDisablingBackButtonCache\\DisableBackButtonCacheMiddleware->handle()
#49 /home/ubuntu/escolavistaalegre/backend/vendor/laravel/framework/src/Illuminate/Foundation/Http/Middleware/TransformsRequest.php(21): Illuminate\\Pipeline\\Pipeline->Illuminate\\Pipeline\\{closure}()
#50 /home/ubuntu/escolavistaalegre/backend/vendor/laravel/framework/src/Illuminate/Foundation/Http/Middleware/ConvertEmptyStringsToNull.php(31): Illuminate\\Foundation\\Http\\Middleware\\TransformsRequest->handle()
#51 /home/ubuntu/escolavistaalegre/backend/vendor/laravel/framework/src/Illuminate/Pipeline/Pipeline.php(183): Illuminate\\Foundation\\Http\\Middleware\\ConvertEmptyStringsToNull->handle()
#52 /home/ubuntu/escolavistaalegre/backend/vendor/laravel/framework/src/Illuminate/Foundation/Http/Middleware/TransformsRequest.php(21): Illuminate\\Pipeline\\Pipeline->Illuminate\\Pipeline\\{closure}()
#53 /home/ubuntu/escolavistaalegre/backend/vendor/laravel/framework/src/Illuminate/Foundation/Http/Middleware/TrimStrings.php(40): Illuminate\\Foundation\\Http\\Middleware\\TransformsRequest->handle()
#54 /home/ubuntu/escolavistaalegre/backend/vendor/laravel/framework/src/Illuminate/Pipeline/Pipeline.php(183): Illuminate\\Foundation\\Http\\Middleware\\TrimStrings->handle()
#55 /home/ubuntu/escolavistaalegre/backend/vendor/laravel/framework/src/Illuminate/Foundation/Http/Middleware/ValidatePostSize.php(27): Illuminate\\Pipeline\\Pipeline->Illuminate\\Pipeline\\{closure}()
#56 /home/ubuntu/escolavistaalegre/backend/vendor/laravel/framework/src/Illuminate/Pipeline/Pipeline.php(183): Illuminate\\Foundation\\Http\\Middleware\\ValidatePostSize->handle()
#57 /home/ubuntu/escolavistaalegre/backend/vendor/laravel/framework/src/Illuminate/Foundation/Http/Middleware/PreventRequestsDuringMaintenance.php(99): Illuminate\\Pipeline\\Pipeline->Illuminate\\Pipeline\\{closure}()
#58 /home/ubuntu/escolavistaalegre/backend/vendor/laravel/framework/src/Illuminate/Pipeline/Pipeline.php(183): Illuminate\\Foundation\\Http\\Middleware\\PreventRequestsDuringMaintenance->handle()
#59 /home/ubuntu/escolavistaalegre/backend/vendor/laravel/framework/src/Illuminate/Http/Middleware/HandleCors.php(49): Illuminate\\Pipeline\\Pipeline->Illuminate\\Pipeline\\{closure}()
#60 /home/ubuntu/escolavistaalegre/backend/vendor/laravel/framework/src/Illuminate/Pipeline/Pipeline.php(183): Illuminate\\Http\\Middleware\\HandleCors->handle()
#61 /home/ubuntu/escolavistaalegre/backend/vendor/laravel/framework/src/Illuminate/Http/Middleware/TrustProxies.php(39): Illuminate\\Pipeline\\Pipeline->Illuminate\\Pipeline\\{closure}()
#62 /home/ubuntu/escolavistaalegre/backend/vendor/laravel/framework/src/Illuminate/Pipeline/Pipeline.php(183): Illuminate\\Http\\Middleware\\TrustProxies->handle()
#63 /home/ubuntu/escolavistaalegre/backend/vendor/laravel/framework/src/Illuminate/Pipeline/Pipeline.php(119): Illuminate\\Pipeline\\Pipeline->Illuminate\\Pipeline\\{closure}()
#64 /home/ubuntu/escolavistaalegre/backend/vendor/laravel/framework/src/Illuminate/Foundation/Http/Kernel.php(175): Illuminate\\Pipeline\\Pipeline->then()
#65 /home/ubuntu/escolavistaalegre/backend/vendor/laravel/framework/src/Illuminate/Foundation/Http/Kernel.php(144): Illuminate\\Foundation\\Http\\Kernel->sendRequestThroughRouter()
#66 /home/ubuntu/escolavistaalegre/backend/public/index.php(52): Illuminate\\Foundation\\Http\\Kernel->handle()
#67 /home/ubuntu/escolavistaalegre/backend/vendor/laravel/framework/src/Illuminate/Foundation/resources/server.php(16): require_once('...')
#68 {main}
"}
[2025-06-03 15:21:28] PROD.ERROR: Vite manifest not found at: /home/ubuntu/escolavistaalegre/backend/public/build/manifest.json {"view":{"view":"/home/ubuntu/escolavistaalegre/backend/resources/views/layouts/public.blade.php","data":[]},"exception":"[object] (Spatie\\LaravelIgnition\\Exceptions\\ViewException(code: 0): Vite manifest not found at: /home/ubuntu/escolavistaalegre/backend/public/build/manifest.json at /home/ubuntu/escolavistaalegre/backend/vendor/laravel/framework/src/Illuminate/Foundation/Vite.php:728)
[stacktrace]
#0 /home/ubuntu/escolavistaalegre/backend/vendor/laravel/framework/src/Illuminate/Foundation/Vite.php(293): Illuminate\\Foundation\\Vite->manifest()
#1 /home/ubuntu/escolavistaalegre/backend/resources/views/layouts/public.blade.php(12): Illuminate\\Foundation\\Vite->__invoke()
#2 /home/ubuntu/escolavistaalegre/backend/vendor/laravel/framework/src/Illuminate/Filesystem/Filesystem.php(123): require('...')
#3 /home/ubuntu/escolavistaalegre/backend/vendor/laravel/framework/src/Illuminate/Filesystem/Filesystem.php(124): Illuminate\\Filesystem\\Filesystem::Illuminate\\Filesystem\\{closure}()
#4 /home/ubuntu/escolavistaalegre/backend/vendor/laravel/framework/src/Illuminate/View/Engines/PhpEngine.php(58): Illuminate\\Filesystem\\Filesystem->getRequire()
#5 /home/ubuntu/escolavistaalegre/backend/vendor/livewire/livewire/src/Mechanisms/ExtendBlade/ExtendedCompilerEngine.php(22): Illuminate\\View\\Engines\\PhpEngine->evaluatePath()
#6 /home/ubuntu/escolavistaalegre/backend/vendor/laravel/framework/src/Illuminate/View/Engines/CompilerEngine.php(72): Livewire\\Mechanisms\\ExtendBlade\\ExtendedCompilerEngine->evaluatePath()
#7 /home/ubuntu/escolavistaalegre/backend/vendor/livewire/livewire/src/Mechanisms/ExtendBlade/ExtendedCompilerEngine.php(10): Illuminate\\View\\Engines\\CompilerEngine->get()
#8 /home/ubuntu/escolavistaalegre/backend/vendor/laravel/framework/src/Illuminate/View/View.php(207): Livewire\\Mechanisms\\ExtendBlade\\ExtendedCompilerEngine->get()
#9 /home/ubuntu/escolavistaalegre/backend/vendor/laravel/framework/src/Illuminate/View/View.php(190): Illuminate\\View\\View->getContents()
#10 /home/ubuntu/escolavistaalegre/backend/vendor/laravel/framework/src/Illuminate/View/View.php(159): Illuminate\\View\\View->renderContents()
#11 /home/ubuntu/escolavistaalegre/backend/resources/views/public/home.blade.php(183): Illuminate\\View\\View->render()
#12 /home/ubuntu/escolavistaalegre/backend/vendor/laravel/framework/src/Illuminate/Filesystem/Filesystem.php(123): require('...')
#13 /home/ubuntu/escolavistaalegre/backend/vendor/laravel/framework/src/Illuminate/Filesystem/Filesystem.php(124): Illuminate\\Filesystem\\Filesystem::Illuminate\\Filesystem\\{closure}()
#14 /home/ubuntu/escolavistaalegre/backend/vendor/laravel/framework/src/Illuminate/View/Engines/PhpEngine.php(58): Illuminate\\Filesystem\\Filesystem->getRequire()
#15 /home/ubuntu/escolavistaalegre/backend/vendor/livewire/livewire/src/Mechanisms/ExtendBlade/ExtendedCompilerEngine.php(22): Illuminate\\View\\Engines\\PhpEngine->evaluatePath()
#16 /home/ubuntu/escolavistaalegre/backend/vendor/laravel/framework/src/Illuminate/View/Engines/CompilerEngine.php(72): Livewire\\Mechanisms\\ExtendBlade\\ExtendedCompilerEngine->evaluatePath()
#17 /home/ubuntu/escolavistaalegre/backend/vendor/livewire/livewire/src/Mechanisms/ExtendBlade/ExtendedCompilerEngine.php(10): Illuminate\\View\\Engines\\CompilerEngine->get()
#18 /home/ubuntu/escolavistaalegre/backend/vendor/laravel/framework/src/Illuminate/View/View.php(207): Livewire\\Mechanisms\\ExtendBlade\\ExtendedCompilerEngine->get()
#19 /home/ubuntu/escolavistaalegre/backend/vendor/laravel/framework/src/Illuminate/View/View.php(190): Illuminate\\View\\View->getContents()
#20 /home/ubuntu/escolavistaalegre/backend/vendor/laravel/framework/src/Illuminate/View/View.php(159): Illuminate\\View\\View->renderContents()
#21 /home/ubuntu/escolavistaalegre/backend/vendor/laravel/framework/src/Illuminate/Http/Response.php(69): Illuminate\\View\\View->render()
#22 /home/ubuntu/escolavistaalegre/backend/vendor/laravel/framework/src/Illuminate/Http/Response.php(35): Illuminate\\Http\\Response->setContent()
#23 /home/ubuntu/escolavistaalegre/backend/vendor/laravel/framework/src/Illuminate/Routing/Router.php(918): Illuminate\\Http\\Response->__construct()
#24 /home/ubuntu/escolavistaalegre/backend/vendor/laravel/framework/src/Illuminate/Routing/Router.php(885): Illuminate\\Routing\\Router::toResponse()
#25 /home/ubuntu/escolavistaalegre/backend/vendor/laravel/framework/src/Illuminate/Routing/Router.php(806): Illuminate\\Routing\\Router->prepareResponse()
#26 /home/ubuntu/escolavistaalegre/backend/vendor/laravel/framework/src/Illuminate/Pipeline/Pipeline.php(144): Illuminate\\Routing\\Router->Illuminate\\Routing\\{closure}()
#27 /home/ubuntu/escolavistaalegre/backend/vendor/laravel/framework/src/Illuminate/Routing/Middleware/SubstituteBindings.php(50): Illuminate\\Pipeline\\Pipeline->Illuminate\\Pipeline\\{closure}()
#28 /home/ubuntu/escolavistaalegre/backend/vendor/laravel/framework/src/Illuminate/Pipeline/Pipeline.php(183): Illuminate\\Routing\\Middleware\\SubstituteBindings->handle()
#29 /home/ubuntu/escolavistaalegre/backend/vendor/laravel/framework/src/Illuminate/Foundation/Http/Middleware/VerifyCsrfToken.php(78): Illuminate\\Pipeline\\Pipeline->Illuminate\\Pipeline\\{closure}()
#30 /home/ubuntu/escolavistaalegre/backend/vendor/laravel/framework/src/Illuminate/Pipeline/Pipeline.php(183): Illuminate\\Foundation\\Http\\Middleware\\VerifyCsrfToken->handle()
#31 /home/ubuntu/escolavistaalegre/backend/vendor/laravel/framework/src/Illuminate/View/Middleware/ShareErrorsFromSession.php(49): Illuminate\\Pipeline\\Pipeline->Illuminate\\Pipeline\\{closure}()
#32 /home/ubuntu/escolavistaalegre/backend/vendor/laravel/framework/src/Illuminate/Pipeline/Pipeline.php(183): Illuminate\\View\\Middleware\\ShareErrorsFromSession->handle()
#33 /home/ubuntu/escolavistaalegre/backend/vendor/laravel/framework/src/Illuminate/Session/Middleware/StartSession.php(121): Illuminate\\Pipeline\\Pipeline->Illuminate\\Pipeline\\{closure}()
#34 /home/ubuntu/escolavistaalegre/backend/vendor/laravel/framework/src/Illuminate/Session/Middleware/StartSession.php(64): Illuminate\\Session\\Middleware\\StartSession->handleStatefulRequest()
#35 /home/ubuntu/escolavistaalegre/backend/vendor/laravel/framework/src/Illuminate/Pipeline/Pipeline.php(183): Illuminate\\Session\\Middleware\\StartSession->handle()
#36 /home/ubuntu/escolavistaalegre/backend/vendor/laravel/framework/src/Illuminate/Cookie/Middleware/AddQueuedCookiesToResponse.php(37): Illuminate\\Pipeline\\Pipeline->Illuminate\\Pipeline\\{closure}()
#37 /home/ubuntu/escolavistaalegre/backend/vendor/laravel/framework/src/Illuminate/Pipeline/Pipeline.php(183): Illuminate\\Cookie\\Middleware\\AddQueuedCookiesToResponse->handle()
#38 /home/ubuntu/escolavistaalegre/backend/vendor/laravel/framework/src/Illuminate/Cookie/Middleware/EncryptCookies.php(67): Illuminate\\Pipeline\\Pipeline->Illuminate\\Pipeline\\{closure}()
#39 /home/ubuntu/escolavistaalegre/backend/vendor/laravel/framework/src/Illuminate/Pipeline/Pipeline.php(183): Illuminate\\Cookie\\Middleware\\EncryptCookies->handle()
#40 /home/ubuntu/escolavistaalegre/backend/vendor/laravel/framework/src/Illuminate/Pipeline/Pipeline.php(119): Illuminate\\Pipeline\\Pipeline->Illuminate\\Pipeline\\{closure}()
#41 /home/ubuntu/escolavistaalegre/backend/vendor/laravel/framework/src/Illuminate/Routing/Router.php(807): Illuminate\\Pipeline\\Pipeline->then()
#42 /home/ubuntu/escolavistaalegre/backend/vendor/laravel/framework/src/Illuminate/Routing/Router.php(784): Illuminate\\Routing\\Router->runRouteWithinStack()
#43 /home/ubuntu/escolavistaalegre/backend/vendor/laravel/framework/src/Illuminate/Routing/Router.php(748): Illuminate\\Routing\\Router->runRoute()
#44 /home/ubuntu/escolavistaalegre/backend/vendor/laravel/framework/src/Illuminate/Routing/Router.php(737): Illuminate\\Routing\\Router->dispatchToRoute()
#45 /home/ubuntu/escolavistaalegre/backend/vendor/laravel/framework/src/Illuminate/Foundation/Http/Kernel.php(200): Illuminate\\Routing\\Router->dispatch()
#46 /home/ubuntu/escolavistaalegre/backend/vendor/laravel/framework/src/Illuminate/Pipeline/Pipeline.php(144): Illuminate\\Foundation\\Http\\Kernel->Illuminate\\Foundation\\Http\\{closure}()
#47 /home/ubuntu/escolavistaalegre/backend/vendor/livewire/livewire/src/Features/SupportDisablingBackButtonCache/DisableBackButtonCacheMiddleware.php(19): Illuminate\\Pipeline\\Pipeline->Illuminate\\Pipeline\\{closure}()
#48 /home/ubuntu/escolavistaalegre/backend/vendor/laravel/framework/src/Illuminate/Pipeline/Pipeline.php(183): Livewire\\Features\\SupportDisablingBackButtonCache\\DisableBackButtonCacheMiddleware->handle()
#49 /home/ubuntu/escolavistaalegre/backend/vendor/laravel/framework/src/Illuminate/Foundation/Http/Middleware/TransformsRequest.php(21): Illuminate\\Pipeline\\Pipeline->Illuminate\\Pipeline\\{closure}()
#50 /home/ubuntu/escolavistaalegre/backend/vendor/laravel/framework/src/Illuminate/Foundation/Http/Middleware/ConvertEmptyStringsToNull.php(31): Illuminate\\Foundation\\Http\\Middleware\\TransformsRequest->handle()
#51 /home/ubuntu/escolavistaalegre/backend/vendor/laravel/framework/src/Illuminate/Pipeline/Pipeline.php(183): Illuminate\\Foundation\\Http\\Middleware\\ConvertEmptyStringsToNull->handle()
#52 /home/ubuntu/escolavistaalegre/backend/vendor/laravel/framework/src/Illuminate/Foundation/Http/Middleware/TransformsRequest.php(21): Illuminate\\Pipeline\\Pipeline->Illuminate\\Pipeline\\{closure}()
#53 /home/ubuntu/escolavistaalegre/backend/vendor/laravel/framework/src/Illuminate/Foundation/Http/Middleware/TrimStrings.php(40): Illuminate\\Foundation\\Http\\Middleware\\TransformsRequest->handle()
#54 /home/ubuntu/escolavistaalegre/backend/vendor/laravel/framework/src/Illuminate/Pipeline/Pipeline.php(183): Illuminate\\Foundation\\Http\\Middleware\\TrimStrings->handle()
#55 /home/ubuntu/escolavistaalegre/backend/vendor/laravel/framework/src/Illuminate/Foundation/Http/Middleware/ValidatePostSize.php(27): Illuminate\\Pipeline\\Pipeline->Illuminate\\Pipeline\\{closure}()
#56 /home/ubuntu/escolavistaalegre/backend/vendor/laravel/framework/src/Illuminate/Pipeline/Pipeline.php(183): Illuminate\\Foundation\\Http\\Middleware\\ValidatePostSize->handle()
#57 /home/ubuntu/escolavistaalegre/backend/vendor/laravel/framework/src/Illuminate/Foundation/Http/Middleware/PreventRequestsDuringMaintenance.php(99): Illuminate\\Pipeline\\Pipeline->Illuminate\\Pipeline\\{closure}()
#58 /home/ubuntu/escolavistaalegre/backend/vendor/laravel/framework/src/Illuminate/Pipeline/Pipeline.php(183): Illuminate\\Foundation\\Http\\Middleware\\PreventRequestsDuringMaintenance->handle()
#59 /home/ubuntu/escolavistaalegre/backend/vendor/laravel/framework/src/Illuminate/Http/Middleware/HandleCors.php(49): Illuminate\\Pipeline\\Pipeline->Illuminate\\Pipeline\\{closure}()
#60 /home/ubuntu/escolavistaalegre/backend/vendor/laravel/framework/src/Illuminate/Pipeline/Pipeline.php(183): Illuminate\\Http\\Middleware\\HandleCors->handle()
#61 /home/ubuntu/escolavistaalegre/backend/vendor/laravel/framework/src/Illuminate/Http/Middleware/TrustProxies.php(39): Illuminate\\Pipeline\\Pipeline->Illuminate\\Pipeline\\{closure}()
#62 /home/ubuntu/escolavistaalegre/backend/vendor/laravel/framework/src/Illuminate/Pipeline/Pipeline.php(183): Illuminate\\Http\\Middleware\\TrustProxies->handle()
#63 /home/ubuntu/escolavistaalegre/backend/vendor/laravel/framework/src/Illuminate/Pipeline/Pipeline.php(119): Illuminate\\Pipeline\\Pipeline->Illuminate\\Pipeline\\{closure}()
#64 /home/ubuntu/escolavistaalegre/backend/vendor/laravel/framework/src/Illuminate/Foundation/Http/Kernel.php(175): Illuminate\\Pipeline\\Pipeline->then()
#65 /home/ubuntu/escolavistaalegre/backend/vendor/laravel/framework/src/Illuminate/Foundation/Http/Kernel.php(144): Illuminate\\Foundation\\Http\\Kernel->sendRequestThroughRouter()
#66 /home/ubuntu/escolavistaalegre/backend/public/index.php(52): Illuminate\\Foundation\\Http\\Kernel->handle()
#67 /home/ubuntu/escolavistaalegre/backend/vendor/laravel/framework/src/Illuminate/Foundation/resources/server.php(16): require_once('...')
#68 {main}

[previous exception] [object] (Illuminate\\Foundation\\ViteManifestNotFoundException(code: 0): Vite manifest not found at: /home/ubuntu/escolavistaalegre/backend/public/build/manifest.json at /home/ubuntu/escolavistaalegre/backend/vendor/laravel/framework/src/Illuminate/Foundation/Vite.php:728)
[stacktrace]
#0 /home/ubuntu/escolavistaalegre/backend/vendor/laravel/framework/src/Illuminate/Foundation/Vite.php(293): Illuminate\\Foundation\\Vite->manifest()
#1 /home/ubuntu/escolavistaalegre/backend/storage/framework/views/73b68312f6fb1d7d030fa01615c1700a.php(12): Illuminate\\Foundation\\Vite->__invoke()
#2 /home/ubuntu/escolavistaalegre/backend/vendor/laravel/framework/src/Illuminate/Filesystem/Filesystem.php(123): require('...')
#3 /home/ubuntu/escolavistaalegre/backend/vendor/laravel/framework/src/Illuminate/Filesystem/Filesystem.php(124): Illuminate\\Filesystem\\Filesystem::Illuminate\\Filesystem\\{closure}()
#4 /home/ubuntu/escolavistaalegre/backend/vendor/laravel/framework/src/Illuminate/View/Engines/PhpEngine.php(58): Illuminate\\Filesystem\\Filesystem->getRequire()
#5 /home/ubuntu/escolavistaalegre/backend/vendor/livewire/livewire/src/Mechanisms/ExtendBlade/ExtendedCompilerEngine.php(22): Illuminate\\View\\Engines\\PhpEngine->evaluatePath()
#6 /home/ubuntu/escolavistaalegre/backend/vendor/laravel/framework/src/Illuminate/View/Engines/CompilerEngine.php(72): Livewire\\Mechanisms\\ExtendBlade\\ExtendedCompilerEngine->evaluatePath()
#7 /home/ubuntu/escolavistaalegre/backend/vendor/livewire/livewire/src/Mechanisms/ExtendBlade/ExtendedCompilerEngine.php(10): Illuminate\\View\\Engines\\CompilerEngine->get()
#8 /home/ubuntu/escolavistaalegre/backend/vendor/laravel/framework/src/Illuminate/View/View.php(207): Livewire\\Mechanisms\\ExtendBlade\\ExtendedCompilerEngine->get()
#9 /home/ubuntu/escolavistaalegre/backend/vendor/laravel/framework/src/Illuminate/View/View.php(190): Illuminate\\View\\View->getContents()
#10 /home/ubuntu/escolavistaalegre/backend/vendor/laravel/framework/src/Illuminate/View/View.php(159): Illuminate\\View\\View->renderContents()
#11 /home/ubuntu/escolavistaalegre/backend/storage/framework/views/b60b772f152d103dbc2ffe21a2dfce38.php(183): Illuminate\\View\\View->render()
#12 /home/ubuntu/escolavistaalegre/backend/vendor/laravel/framework/src/Illuminate/Filesystem/Filesystem.php(123): require('...')
#13 /home/ubuntu/escolavistaalegre/backend/vendor/laravel/framework/src/Illuminate/Filesystem/Filesystem.php(124): Illuminate\\Filesystem\\Filesystem::Illuminate\\Filesystem\\{closure}()
#14 /home/ubuntu/escolavistaalegre/backend/vendor/laravel/framework/src/Illuminate/View/Engines/PhpEngine.php(58): Illuminate\\Filesystem\\Filesystem->getRequire()
#15 /home/ubuntu/escolavistaalegre/backend/vendor/livewire/livewire/src/Mechanisms/ExtendBlade/ExtendedCompilerEngine.php(22): Illuminate\\View\\Engines\\PhpEngine->evaluatePath()
#16 /home/ubuntu/escolavistaalegre/backend/vendor/laravel/framework/src/Illuminate/View/Engines/CompilerEngine.php(72): Livewire\\Mechanisms\\ExtendBlade\\ExtendedCompilerEngine->evaluatePath()
#17 /home/ubuntu/escolavistaalegre/backend/vendor/livewire/livewire/src/Mechanisms/ExtendBlade/ExtendedCompilerEngine.php(10): Illuminate\\View\\Engines\\CompilerEngine->get()
#18 /home/ubuntu/escolavistaalegre/backend/vendor/laravel/framework/src/Illuminate/View/View.php(207): Livewire\\Mechanisms\\ExtendBlade\\ExtendedCompilerEngine->get()
#19 /home/ubuntu/escolavistaalegre/backend/vendor/laravel/framework/src/Illuminate/View/View.php(190): Illuminate\\View\\View->getContents()
#20 /home/ubuntu/escolavistaalegre/backend/vendor/laravel/framework/src/Illuminate/View/View.php(159): Illuminate\\View\\View->renderContents()
#21 /home/ubuntu/escolavistaalegre/backend/vendor/laravel/framework/src/Illuminate/Http/Response.php(69): Illuminate\\View\\View->render()
#22 /home/ubuntu/escolavistaalegre/backend/vendor/laravel/framework/src/Illuminate/Http/Response.php(35): Illuminate\\Http\\Response->setContent()
#23 /home/ubuntu/escolavistaalegre/backend/vendor/laravel/framework/src/Illuminate/Routing/Router.php(918): Illuminate\\Http\\Response->__construct()
#24 /home/ubuntu/escolavistaalegre/backend/vendor/laravel/framework/src/Illuminate/Routing/Router.php(885): Illuminate\\Routing\\Router::toResponse()
#25 /home/ubuntu/escolavistaalegre/backend/vendor/laravel/framework/src/Illuminate/Routing/Router.php(806): Illuminate\\Routing\\Router->prepareResponse()
#26 /home/ubuntu/escolavistaalegre/backend/vendor/laravel/framework/src/Illuminate/Pipeline/Pipeline.php(144): Illuminate\\Routing\\Router->Illuminate\\Routing\\{closure}()
#27 /home/ubuntu/escolavistaalegre/backend/vendor/laravel/framework/src/Illuminate/Routing/Middleware/SubstituteBindings.php(50): Illuminate\\Pipeline\\Pipeline->Illuminate\\Pipeline\\{closure}()
#28 /home/ubuntu/escolavistaalegre/backend/vendor/laravel/framework/src/Illuminate/Pipeline/Pipeline.php(183): Illuminate\\Routing\\Middleware\\SubstituteBindings->handle()
#29 /home/ubuntu/escolavistaalegre/backend/vendor/laravel/framework/src/Illuminate/Foundation/Http/Middleware/VerifyCsrfToken.php(78): Illuminate\\Pipeline\\Pipeline->Illuminate\\Pipeline\\{closure}()
#30 /home/ubuntu/escolavistaalegre/backend/vendor/laravel/framework/src/Illuminate/Pipeline/Pipeline.php(183): Illuminate\\Foundation\\Http\\Middleware\\VerifyCsrfToken->handle()
#31 /home/ubuntu/escolavistaalegre/backend/vendor/laravel/framework/src/Illuminate/View/Middleware/ShareErrorsFromSession.php(49): Illuminate\\Pipeline\\Pipeline->Illuminate\\Pipeline\\{closure}()
#32 /home/ubuntu/escolavistaalegre/backend/vendor/laravel/framework/src/Illuminate/Pipeline/Pipeline.php(183): Illuminate\\View\\Middleware\\ShareErrorsFromSession->handle()
#33 /home/ubuntu/escolavistaalegre/backend/vendor/laravel/framework/src/Illuminate/Session/Middleware/StartSession.php(121): Illuminate\\Pipeline\\Pipeline->Illuminate\\Pipeline\\{closure}()
#34 /home/ubuntu/escolavistaalegre/backend/vendor/laravel/framework/src/Illuminate/Session/Middleware/StartSession.php(64): Illuminate\\Session\\Middleware\\StartSession->handleStatefulRequest()
#35 /home/ubuntu/escolavistaalegre/backend/vendor/laravel/framework/src/Illuminate/Pipeline/Pipeline.php(183): Illuminate\\Session\\Middleware\\StartSession->handle()
#36 /home/ubuntu/escolavistaalegre/backend/vendor/laravel/framework/src/Illuminate/Cookie/Middleware/AddQueuedCookiesToResponse.php(37): Illuminate\\Pipeline\\Pipeline->Illuminate\\Pipeline\\{closure}()
#37 /home/ubuntu/escolavistaalegre/backend/vendor/laravel/framework/src/Illuminate/Pipeline/Pipeline.php(183): Illuminate\\Cookie\\Middleware\\AddQueuedCookiesToResponse->handle()
#38 /home/ubuntu/escolavistaalegre/backend/vendor/laravel/framework/src/Illuminate/Cookie/Middleware/EncryptCookies.php(67): Illuminate\\Pipeline\\Pipeline->Illuminate\\Pipeline\\{closure}()
#39 /home/ubuntu/escolavistaalegre/backend/vendor/laravel/framework/src/Illuminate/Pipeline/Pipeline.php(183): Illuminate\\Cookie\\Middleware\\EncryptCookies->handle()
#40 /home/ubuntu/escolavistaalegre/backend/vendor/laravel/framework/src/Illuminate/Pipeline/Pipeline.php(119): Illuminate\\Pipeline\\Pipeline->Illuminate\\Pipeline\\{closure}()
#41 /home/ubuntu/escolavistaalegre/backend/vendor/laravel/framework/src/Illuminate/Routing/Router.php(807): Illuminate\\Pipeline\\Pipeline->then()
#42 /home/ubuntu/escolavistaalegre/backend/vendor/laravel/framework/src/Illuminate/Routing/Router.php(784): Illuminate\\Routing\\Router->runRouteWithinStack()
#43 /home/ubuntu/escolavistaalegre/backend/vendor/laravel/framework/src/Illuminate/Routing/Router.php(748): Illuminate\\Routing\\Router->runRoute()
#44 /home/ubuntu/escolavistaalegre/backend/vendor/laravel/framework/src/Illuminate/Routing/Router.php(737): Illuminate\\Routing\\Router->dispatchToRoute()
#45 /home/ubuntu/escolavistaalegre/backend/vendor/laravel/framework/src/Illuminate/Foundation/Http/Kernel.php(200): Illuminate\\Routing\\Router->dispatch()
#46 /home/ubuntu/escolavistaalegre/backend/vendor/laravel/framework/src/Illuminate/Pipeline/Pipeline.php(144): Illuminate\\Foundation\\Http\\Kernel->Illuminate\\Foundation\\Http\\{closure}()
#47 /home/ubuntu/escolavistaalegre/backend/vendor/livewire/livewire/src/Features/SupportDisablingBackButtonCache/DisableBackButtonCacheMiddleware.php(19): Illuminate\\Pipeline\\Pipeline->Illuminate\\Pipeline\\{closure}()
#48 /home/ubuntu/escolavistaalegre/backend/vendor/laravel/framework/src/Illuminate/Pipeline/Pipeline.php(183): Livewire\\Features\\SupportDisablingBackButtonCache\\DisableBackButtonCacheMiddleware->handle()
#49 /home/ubuntu/escolavistaalegre/backend/vendor/laravel/framework/src/Illuminate/Foundation/Http/Middleware/TransformsRequest.php(21): Illuminate\\Pipeline\\Pipeline->Illuminate\\Pipeline\\{closure}()
#50 /home/ubuntu/escolavistaalegre/backend/vendor/laravel/framework/src/Illuminate/Foundation/Http/Middleware/ConvertEmptyStringsToNull.php(31): Illuminate\\Foundation\\Http\\Middleware\\TransformsRequest->handle()
#51 /home/ubuntu/escolavistaalegre/backend/vendor/laravel/framework/src/Illuminate/Pipeline/Pipeline.php(183): Illuminate\\Foundation\\Http\\Middleware\\ConvertEmptyStringsToNull->handle()
#52 /home/ubuntu/escolavistaalegre/backend/vendor/laravel/framework/src/Illuminate/Foundation/Http/Middleware/TransformsRequest.php(21): Illuminate\\Pipeline\\Pipeline->Illuminate\\Pipeline\\{closure}()
#53 /home/ubuntu/escolavistaalegre/backend/vendor/laravel/framework/src/Illuminate/Foundation/Http/Middleware/TrimStrings.php(40): Illuminate\\Foundation\\Http\\Middleware\\TransformsRequest->handle()
#54 /home/ubuntu/escolavistaalegre/backend/vendor/laravel/framework/src/Illuminate/Pipeline/Pipeline.php(183): Illuminate\\Foundation\\Http\\Middleware\\TrimStrings->handle()
#55 /home/ubuntu/escolavistaalegre/backend/vendor/laravel/framework/src/Illuminate/Foundation/Http/Middleware/ValidatePostSize.php(27): Illuminate\\Pipeline\\Pipeline->Illuminate\\Pipeline\\{closure}()
#56 /home/ubuntu/escolavistaalegre/backend/vendor/laravel/framework/src/Illuminate/Pipeline/Pipeline.php(183): Illuminate\\Foundation\\Http\\Middleware\\ValidatePostSize->handle()
#57 /home/ubuntu/escolavistaalegre/backend/vendor/laravel/framework/src/Illuminate/Foundation/Http/Middleware/PreventRequestsDuringMaintenance.php(99): Illuminate\\Pipeline\\Pipeline->Illuminate\\Pipeline\\{closure}()
#58 /home/ubuntu/escolavistaalegre/backend/vendor/laravel/framework/src/Illuminate/Pipeline/Pipeline.php(183): Illuminate\\Foundation\\Http\\Middleware\\PreventRequestsDuringMaintenance->handle()
#59 /home/ubuntu/escolavistaalegre/backend/vendor/laravel/framework/src/Illuminate/Http/Middleware/HandleCors.php(49): Illuminate\\Pipeline\\Pipeline->Illuminate\\Pipeline\\{closure}()
#60 /home/ubuntu/escolavistaalegre/backend/vendor/laravel/framework/src/Illuminate/Pipeline/Pipeline.php(183): Illuminate\\Http\\Middleware\\HandleCors->handle()
#61 /home/ubuntu/escolavistaalegre/backend/vendor/laravel/framework/src/Illuminate/Http/Middleware/TrustProxies.php(39): Illuminate\\Pipeline\\Pipeline->Illuminate\\Pipeline\\{closure}()
#62 /home/ubuntu/escolavistaalegre/backend/vendor/laravel/framework/src/Illuminate/Pipeline/Pipeline.php(183): Illuminate\\Http\\Middleware\\TrustProxies->handle()
#63 /home/ubuntu/escolavistaalegre/backend/vendor/laravel/framework/src/Illuminate/Pipeline/Pipeline.php(119): Illuminate\\Pipeline\\Pipeline->Illuminate\\Pipeline\\{closure}()
#64 /home/ubuntu/escolavistaalegre/backend/vendor/laravel/framework/src/Illuminate/Foundation/Http/Kernel.php(175): Illuminate\\Pipeline\\Pipeline->then()
#65 /home/ubuntu/escolavistaalegre/backend/vendor/laravel/framework/src/Illuminate/Foundation/Http/Kernel.php(144): Illuminate\\Foundation\\Http\\Kernel->sendRequestThroughRouter()
#66 /home/ubuntu/escolavistaalegre/backend/public/index.php(52): Illuminate\\Foundation\\Http\\Kernel->handle()
#67 /home/ubuntu/escolavistaalegre/backend/vendor/laravel/framework/src/Illuminate/Foundation/resources/server.php(16): require_once('...')
#68 {main}
"}
[2025-06-03 15:21:28] PROD.ERROR: Vite manifest not found at: /home/ubuntu/escolavistaalegre/backend/public/build/manifest.json {"view":{"view":"/home/ubuntu/escolavistaalegre/backend/resources/views/layouts/public.blade.php","data":[]},"exception":"[object] (Spatie\\LaravelIgnition\\Exceptions\\ViewException(code: 0): Vite manifest not found at: /home/ubuntu/escolavistaalegre/backend/public/build/manifest.json at /home/ubuntu/escolavistaalegre/backend/vendor/laravel/framework/src/Illuminate/Foundation/Vite.php:728)
[stacktrace]
#0 /home/ubuntu/escolavistaalegre/backend/vendor/laravel/framework/src/Illuminate/Foundation/Vite.php(293): Illuminate\\Foundation\\Vite->manifest()
#1 /home/ubuntu/escolavistaalegre/backend/resources/views/layouts/public.blade.php(12): Illuminate\\Foundation\\Vite->__invoke()
#2 /home/ubuntu/escolavistaalegre/backend/vendor/laravel/framework/src/Illuminate/Filesystem/Filesystem.php(123): require('...')
#3 /home/ubuntu/escolavistaalegre/backend/vendor/laravel/framework/src/Illuminate/Filesystem/Filesystem.php(124): Illuminate\\Filesystem\\Filesystem::Illuminate\\Filesystem\\{closure}()
#4 /home/ubuntu/escolavistaalegre/backend/vendor/laravel/framework/src/Illuminate/View/Engines/PhpEngine.php(58): Illuminate\\Filesystem\\Filesystem->getRequire()
#5 /home/ubuntu/escolavistaalegre/backend/vendor/livewire/livewire/src/Mechanisms/ExtendBlade/ExtendedCompilerEngine.php(22): Illuminate\\View\\Engines\\PhpEngine->evaluatePath()
#6 /home/ubuntu/escolavistaalegre/backend/vendor/laravel/framework/src/Illuminate/View/Engines/CompilerEngine.php(72): Livewire\\Mechanisms\\ExtendBlade\\ExtendedCompilerEngine->evaluatePath()
#7 /home/ubuntu/escolavistaalegre/backend/vendor/livewire/livewire/src/Mechanisms/ExtendBlade/ExtendedCompilerEngine.php(10): Illuminate\\View\\Engines\\CompilerEngine->get()
#8 /home/ubuntu/escolavistaalegre/backend/vendor/laravel/framework/src/Illuminate/View/View.php(207): Livewire\\Mechanisms\\ExtendBlade\\ExtendedCompilerEngine->get()
#9 /home/ubuntu/escolavistaalegre/backend/vendor/laravel/framework/src/Illuminate/View/View.php(190): Illuminate\\View\\View->getContents()
#10 /home/ubuntu/escolavistaalegre/backend/vendor/laravel/framework/src/Illuminate/View/View.php(159): Illuminate\\View\\View->renderContents()
#11 /home/ubuntu/escolavistaalegre/backend/resources/views/public/home.blade.php(183): Illuminate\\View\\View->render()
#12 /home/ubuntu/escolavistaalegre/backend/vendor/laravel/framework/src/Illuminate/Filesystem/Filesystem.php(123): require('...')
#13 /home/ubuntu/escolavistaalegre/backend/vendor/laravel/framework/src/Illuminate/Filesystem/Filesystem.php(124): Illuminate\\Filesystem\\Filesystem::Illuminate\\Filesystem\\{closure}()
#14 /home/ubuntu/escolavistaalegre/backend/vendor/laravel/framework/src/Illuminate/View/Engines/PhpEngine.php(58): Illuminate\\Filesystem\\Filesystem->getRequire()
#15 /home/ubuntu/escolavistaalegre/backend/vendor/livewire/livewire/src/Mechanisms/ExtendBlade/ExtendedCompilerEngine.php(22): Illuminate\\View\\Engines\\PhpEngine->evaluatePath()
#16 /home/ubuntu/escolavistaalegre/backend/vendor/laravel/framework/src/Illuminate/View/Engines/CompilerEngine.php(72): Livewire\\Mechanisms\\ExtendBlade\\ExtendedCompilerEngine->evaluatePath()
#17 /home/ubuntu/escolavistaalegre/backend/vendor/livewire/livewire/src/Mechanisms/ExtendBlade/ExtendedCompilerEngine.php(10): Illuminate\\View\\Engines\\CompilerEngine->get()
#18 /home/ubuntu/escolavistaalegre/backend/vendor/laravel/framework/src/Illuminate/View/View.php(207): Livewire\\Mechanisms\\ExtendBlade\\ExtendedCompilerEngine->get()
#19 /home/ubuntu/escolavistaalegre/backend/vendor/laravel/framework/src/Illuminate/View/View.php(190): Illuminate\\View\\View->getContents()
#20 /home/ubuntu/escolavistaalegre/backend/vendor/laravel/framework/src/Illuminate/View/View.php(159): Illuminate\\View\\View->renderContents()
#21 /home/ubuntu/escolavistaalegre/backend/vendor/laravel/framework/src/Illuminate/Http/Response.php(69): Illuminate\\View\\View->render()
#22 /home/ubuntu/escolavistaalegre/backend/vendor/laravel/framework/src/Illuminate/Http/Response.php(35): Illuminate\\Http\\Response->setContent()
#23 /home/ubuntu/escolavistaalegre/backend/vendor/laravel/framework/src/Illuminate/Routing/Router.php(918): Illuminate\\Http\\Response->__construct()
#24 /home/ubuntu/escolavistaalegre/backend/vendor/laravel/framework/src/Illuminate/Routing/Router.php(885): Illuminate\\Routing\\Router::toResponse()
#25 /home/ubuntu/escolavistaalegre/backend/vendor/laravel/framework/src/Illuminate/Routing/Router.php(806): Illuminate\\Routing\\Router->prepareResponse()
#26 /home/ubuntu/escolavistaalegre/backend/vendor/laravel/framework/src/Illuminate/Pipeline/Pipeline.php(144): Illuminate\\Routing\\Router->Illuminate\\Routing\\{closure}()
#27 /home/ubuntu/escolavistaalegre/backend/vendor/laravel/framework/src/Illuminate/Routing/Middleware/SubstituteBindings.php(50): Illuminate\\Pipeline\\Pipeline->Illuminate\\Pipeline\\{closure}()
#28 /home/ubuntu/escolavistaalegre/backend/vendor/laravel/framework/src/Illuminate/Pipeline/Pipeline.php(183): Illuminate\\Routing\\Middleware\\SubstituteBindings->handle()
#29 /home/ubuntu/escolavistaalegre/backend/vendor/laravel/framework/src/Illuminate/Foundation/Http/Middleware/VerifyCsrfToken.php(78): Illuminate\\Pipeline\\Pipeline->Illuminate\\Pipeline\\{closure}()
#30 /home/ubuntu/escolavistaalegre/backend/vendor/laravel/framework/src/Illuminate/Pipeline/Pipeline.php(183): Illuminate\\Foundation\\Http\\Middleware\\VerifyCsrfToken->handle()
#31 /home/ubuntu/escolavistaalegre/backend/vendor/laravel/framework/src/Illuminate/View/Middleware/ShareErrorsFromSession.php(49): Illuminate\\Pipeline\\Pipeline->Illuminate\\Pipeline\\{closure}()
#32 /home/ubuntu/escolavistaalegre/backend/vendor/laravel/framework/src/Illuminate/Pipeline/Pipeline.php(183): Illuminate\\View\\Middleware\\ShareErrorsFromSession->handle()
#33 /home/ubuntu/escolavistaalegre/backend/vendor/laravel/framework/src/Illuminate/Session/Middleware/StartSession.php(121): Illuminate\\Pipeline\\Pipeline->Illuminate\\Pipeline\\{closure}()
#34 /home/ubuntu/escolavistaalegre/backend/vendor/laravel/framework/src/Illuminate/Session/Middleware/StartSession.php(64): Illuminate\\Session\\Middleware\\StartSession->handleStatefulRequest()
#35 /home/ubuntu/escolavistaalegre/backend/vendor/laravel/framework/src/Illuminate/Pipeline/Pipeline.php(183): Illuminate\\Session\\Middleware\\StartSession->handle()
#36 /home/ubuntu/escolavistaalegre/backend/vendor/laravel/framework/src/Illuminate/Cookie/Middleware/AddQueuedCookiesToResponse.php(37): Illuminate\\Pipeline\\Pipeline->Illuminate\\Pipeline\\{closure}()
#37 /home/ubuntu/escolavistaalegre/backend/vendor/laravel/framework/src/Illuminate/Pipeline/Pipeline.php(183): Illuminate\\Cookie\\Middleware\\AddQueuedCookiesToResponse->handle()
#38 /home/ubuntu/escolavistaalegre/backend/vendor/laravel/framework/src/Illuminate/Cookie/Middleware/EncryptCookies.php(67): Illuminate\\Pipeline\\Pipeline->Illuminate\\Pipeline\\{closure}()
#39 /home/ubuntu/escolavistaalegre/backend/vendor/laravel/framework/src/Illuminate/Pipeline/Pipeline.php(183): Illuminate\\Cookie\\Middleware\\EncryptCookies->handle()
#40 /home/ubuntu/escolavistaalegre/backend/vendor/laravel/framework/src/Illuminate/Pipeline/Pipeline.php(119): Illuminate\\Pipeline\\Pipeline->Illuminate\\Pipeline\\{closure}()
#41 /home/ubuntu/escolavistaalegre/backend/vendor/laravel/framework/src/Illuminate/Routing/Router.php(807): Illuminate\\Pipeline\\Pipeline->then()
#42 /home/ubuntu/escolavistaalegre/backend/vendor/laravel/framework/src/Illuminate/Routing/Router.php(784): Illuminate\\Routing\\Router->runRouteWithinStack()
#43 /home/ubuntu/escolavistaalegre/backend/vendor/laravel/framework/src/Illuminate/Routing/Router.php(748): Illuminate\\Routing\\Router->runRoute()
#44 /home/ubuntu/escolavistaalegre/backend/vendor/laravel/framework/src/Illuminate/Routing/Router.php(737): Illuminate\\Routing\\Router->dispatchToRoute()
#45 /home/ubuntu/escolavistaalegre/backend/vendor/laravel/framework/src/Illuminate/Foundation/Http/Kernel.php(200): Illuminate\\Routing\\Router->dispatch()
#46 /home/ubuntu/escolavistaalegre/backend/vendor/laravel/framework/src/Illuminate/Pipeline/Pipeline.php(144): Illuminate\\Foundation\\Http\\Kernel->Illuminate\\Foundation\\Http\\{closure}()
#47 /home/ubuntu/escolavistaalegre/backend/vendor/livewire/livewire/src/Features/SupportDisablingBackButtonCache/DisableBackButtonCacheMiddleware.php(19): Illuminate\\Pipeline\\Pipeline->Illuminate\\Pipeline\\{closure}()
#48 /home/ubuntu/escolavistaalegre/backend/vendor/laravel/framework/src/Illuminate/Pipeline/Pipeline.php(183): Livewire\\Features\\SupportDisablingBackButtonCache\\DisableBackButtonCacheMiddleware->handle()
#49 /home/ubuntu/escolavistaalegre/backend/vendor/laravel/framework/src/Illuminate/Foundation/Http/Middleware/TransformsRequest.php(21): Illuminate\\Pipeline\\Pipeline->Illuminate\\Pipeline\\{closure}()
#50 /home/ubuntu/escolavistaalegre/backend/vendor/laravel/framework/src/Illuminate/Foundation/Http/Middleware/ConvertEmptyStringsToNull.php(31): Illuminate\\Foundation\\Http\\Middleware\\TransformsRequest->handle()
#51 /home/ubuntu/escolavistaalegre/backend/vendor/laravel/framework/src/Illuminate/Pipeline/Pipeline.php(183): Illuminate\\Foundation\\Http\\Middleware\\ConvertEmptyStringsToNull->handle()
#52 /home/ubuntu/escolavistaalegre/backend/vendor/laravel/framework/src/Illuminate/Foundation/Http/Middleware/TransformsRequest.php(21): Illuminate\\Pipeline\\Pipeline->Illuminate\\Pipeline\\{closure}()
#53 /home/ubuntu/escolavistaalegre/backend/vendor/laravel/framework/src/Illuminate/Foundation/Http/Middleware/TrimStrings.php(40): Illuminate\\Foundation\\Http\\Middleware\\TransformsRequest->handle()
#54 /home/ubuntu/escolavistaalegre/backend/vendor/laravel/framework/src/Illuminate/Pipeline/Pipeline.php(183): Illuminate\\Foundation\\Http\\Middleware\\TrimStrings->handle()
#55 /home/ubuntu/escolavistaalegre/backend/vendor/laravel/framework/src/Illuminate/Foundation/Http/Middleware/ValidatePostSize.php(27): Illuminate\\Pipeline\\Pipeline->Illuminate\\Pipeline\\{closure}()
#56 /home/ubuntu/escolavistaalegre/backend/vendor/laravel/framework/src/Illuminate/Pipeline/Pipeline.php(183): Illuminate\\Foundation\\Http\\Middleware\\ValidatePostSize->handle()
#57 /home/ubuntu/escolavistaalegre/backend/vendor/laravel/framework/src/Illuminate/Foundation/Http/Middleware/PreventRequestsDuringMaintenance.php(99): Illuminate\\Pipeline\\Pipeline->Illuminate\\Pipeline\\{closure}()
#58 /home/ubuntu/escolavistaalegre/backend/vendor/laravel/framework/src/Illuminate/Pipeline/Pipeline.php(183): Illuminate\\Foundation\\Http\\Middleware\\PreventRequestsDuringMaintenance->handle()
#59 /home/ubuntu/escolavistaalegre/backend/vendor/laravel/framework/src/Illuminate/Http/Middleware/HandleCors.php(49): Illuminate\\Pipeline\\Pipeline->Illuminate\\Pipeline\\{closure}()
#60 /home/ubuntu/escolavistaalegre/backend/vendor/laravel/framework/src/Illuminate/Pipeline/Pipeline.php(183): Illuminate\\Http\\Middleware\\HandleCors->handle()
#61 /home/ubuntu/escolavistaalegre/backend/vendor/laravel/framework/src/Illuminate/Http/Middleware/TrustProxies.php(39): Illuminate\\Pipeline\\Pipeline->Illuminate\\Pipeline\\{closure}()
#62 /home/ubuntu/escolavistaalegre/backend/vendor/laravel/framework/src/Illuminate/Pipeline/Pipeline.php(183): Illuminate\\Http\\Middleware\\TrustProxies->handle()
#63 /home/ubuntu/escolavistaalegre/backend/vendor/laravel/framework/src/Illuminate/Pipeline/Pipeline.php(119): Illuminate\\Pipeline\\Pipeline->Illuminate\\Pipeline\\{closure}()
#64 /home/ubuntu/escolavistaalegre/backend/vendor/laravel/framework/src/Illuminate/Foundation/Http/Kernel.php(175): Illuminate\\Pipeline\\Pipeline->then()
#65 /home/ubuntu/escolavistaalegre/backend/vendor/laravel/framework/src/Illuminate/Foundation/Http/Kernel.php(144): Illuminate\\Foundation\\Http\\Kernel->sendRequestThroughRouter()
#66 /home/ubuntu/escolavistaalegre/backend/public/index.php(52): Illuminate\\Foundation\\Http\\Kernel->handle()
#67 /home/ubuntu/escolavistaalegre/backend/vendor/laravel/framework/src/Illuminate/Foundation/resources/server.php(16): require_once('...')
#68 {main}

[previous exception] [object] (Illuminate\\Foundation\\ViteManifestNotFoundException(code: 0): Vite manifest not found at: /home/ubuntu/escolavistaalegre/backend/public/build/manifest.json at /home/ubuntu/escolavistaalegre/backend/vendor/laravel/framework/src/Illuminate/Foundation/Vite.php:728)
[stacktrace]
#0 /home/ubuntu/escolavistaalegre/backend/vendor/laravel/framework/src/Illuminate/Foundation/Vite.php(293): Illuminate\\Foundation\\Vite->manifest()
#1 /home/ubuntu/escolavistaalegre/backend/storage/framework/views/73b68312f6fb1d7d030fa01615c1700a.php(12): Illuminate\\Foundation\\Vite->__invoke()
#2 /home/ubuntu/escolavistaalegre/backend/vendor/laravel/framework/src/Illuminate/Filesystem/Filesystem.php(123): require('...')
#3 /home/ubuntu/escolavistaalegre/backend/vendor/laravel/framework/src/Illuminate/Filesystem/Filesystem.php(124): Illuminate\\Filesystem\\Filesystem::Illuminate\\Filesystem\\{closure}()
#4 /home/ubuntu/escolavistaalegre/backend/vendor/laravel/framework/src/Illuminate/View/Engines/PhpEngine.php(58): Illuminate\\Filesystem\\Filesystem->getRequire()
#5 /home/ubuntu/escolavistaalegre/backend/vendor/livewire/livewire/src/Mechanisms/ExtendBlade/ExtendedCompilerEngine.php(22): Illuminate\\View\\Engines\\PhpEngine->evaluatePath()
#6 /home/ubuntu/escolavistaalegre/backend/vendor/laravel/framework/src/Illuminate/View/Engines/CompilerEngine.php(72): Livewire\\Mechanisms\\ExtendBlade\\ExtendedCompilerEngine->evaluatePath()
#7 /home/ubuntu/escolavistaalegre/backend/vendor/livewire/livewire/src/Mechanisms/ExtendBlade/ExtendedCompilerEngine.php(10): Illuminate\\View\\Engines\\CompilerEngine->get()
#8 /home/ubuntu/escolavistaalegre/backend/vendor/laravel/framework/src/Illuminate/View/View.php(207): Livewire\\Mechanisms\\ExtendBlade\\ExtendedCompilerEngine->get()
#9 /home/ubuntu/escolavistaalegre/backend/vendor/laravel/framework/src/Illuminate/View/View.php(190): Illuminate\\View\\View->getContents()
#10 /home/ubuntu/escolavistaalegre/backend/vendor/laravel/framework/src/Illuminate/View/View.php(159): Illuminate\\View\\View->renderContents()
#11 /home/ubuntu/escolavistaalegre/backend/storage/framework/views/b60b772f152d103dbc2ffe21a2dfce38.php(183): Illuminate\\View\\View->render()
#12 /home/ubuntu/escolavistaalegre/backend/vendor/laravel/framework/src/Illuminate/Filesystem/Filesystem.php(123): require('...')
#13 /home/ubuntu/escolavistaalegre/backend/vendor/laravel/framework/src/Illuminate/Filesystem/Filesystem.php(124): Illuminate\\Filesystem\\Filesystem::Illuminate\\Filesystem\\{closure}()
#14 /home/ubuntu/escolavistaalegre/backend/vendor/laravel/framework/src/Illuminate/View/Engines/PhpEngine.php(58): Illuminate\\Filesystem\\Filesystem->getRequire()
#15 /home/ubuntu/escolavistaalegre/backend/vendor/livewire/livewire/src/Mechanisms/ExtendBlade/ExtendedCompilerEngine.php(22): Illuminate\\View\\Engines\\PhpEngine->evaluatePath()
#16 /home/ubuntu/escolavistaalegre/backend/vendor/laravel/framework/src/Illuminate/View/Engines/CompilerEngine.php(72): Livewire\\Mechanisms\\ExtendBlade\\ExtendedCompilerEngine->evaluatePath()
#17 /home/ubuntu/escolavistaalegre/backend/vendor/livewire/livewire/src/Mechanisms/ExtendBlade/ExtendedCompilerEngine.php(10): Illuminate\\View\\Engines\\CompilerEngine->get()
#18 /home/ubuntu/escolavistaalegre/backend/vendor/laravel/framework/src/Illuminate/View/View.php(207): Livewire\\Mechanisms\\ExtendBlade\\ExtendedCompilerEngine->get()
#19 /home/ubuntu/escolavistaalegre/backend/vendor/laravel/framework/src/Illuminate/View/View.php(190): Illuminate\\View\\View->getContents()
#20 /home/ubuntu/escolavistaalegre/backend/vendor/laravel/framework/src/Illuminate/View/View.php(159): Illuminate\\View\\View->renderContents()
#21 /home/ubuntu/escolavistaalegre/backend/vendor/laravel/framework/src/Illuminate/Http/Response.php(69): Illuminate\\View\\View->render()
#22 /home/ubuntu/escolavistaalegre/backend/vendor/laravel/framework/src/Illuminate/Http/Response.php(35): Illuminate\\Http\\Response->setContent()
#23 /home/ubuntu/escolavistaalegre/backend/vendor/laravel/framework/src/Illuminate/Routing/Router.php(918): Illuminate\\Http\\Response->__construct()
#24 /home/ubuntu/escolavistaalegre/backend/vendor/laravel/framework/src/Illuminate/Routing/Router.php(885): Illuminate\\Routing\\Router::toResponse()
#25 /home/ubuntu/escolavistaalegre/backend/vendor/laravel/framework/src/Illuminate/Routing/Router.php(806): Illuminate\\Routing\\Router->prepareResponse()
#26 /home/ubuntu/escolavistaalegre/backend/vendor/laravel/framework/src/Illuminate/Pipeline/Pipeline.php(144): Illuminate\\Routing\\Router->Illuminate\\Routing\\{closure}()
#27 /home/ubuntu/escolavistaalegre/backend/vendor/laravel/framework/src/Illuminate/Routing/Middleware/SubstituteBindings.php(50): Illuminate\\Pipeline\\Pipeline->Illuminate\\Pipeline\\{closure}()
#28 /home/ubuntu/escolavistaalegre/backend/vendor/laravel/framework/src/Illuminate/Pipeline/Pipeline.php(183): Illuminate\\Routing\\Middleware\\SubstituteBindings->handle()
#29 /home/ubuntu/escolavistaalegre/backend/vendor/laravel/framework/src/Illuminate/Foundation/Http/Middleware/VerifyCsrfToken.php(78): Illuminate\\Pipeline\\Pipeline->Illuminate\\Pipeline\\{closure}()
#30 /home/ubuntu/escolavistaalegre/backend/vendor/laravel/framework/src/Illuminate/Pipeline/Pipeline.php(183): Illuminate\\Foundation\\Http\\Middleware\\VerifyCsrfToken->handle()
#31 /home/ubuntu/escolavistaalegre/backend/vendor/laravel/framework/src/Illuminate/View/Middleware/ShareErrorsFromSession.php(49): Illuminate\\Pipeline\\Pipeline->Illuminate\\Pipeline\\{closure}()
#32 /home/ubuntu/escolavistaalegre/backend/vendor/laravel/framework/src/Illuminate/Pipeline/Pipeline.php(183): Illuminate\\View\\Middleware\\ShareErrorsFromSession->handle()
#33 /home/ubuntu/escolavistaalegre/backend/vendor/laravel/framework/src/Illuminate/Session/Middleware/StartSession.php(121): Illuminate\\Pipeline\\Pipeline->Illuminate\\Pipeline\\{closure}()
#34 /home/ubuntu/escolavistaalegre/backend/vendor/laravel/framework/src/Illuminate/Session/Middleware/StartSession.php(64): Illuminate\\Session\\Middleware\\StartSession->handleStatefulRequest()
#35 /home/ubuntu/escolavistaalegre/backend/vendor/laravel/framework/src/Illuminate/Pipeline/Pipeline.php(183): Illuminate\\Session\\Middleware\\StartSession->handle()
#36 /home/ubuntu/escolavistaalegre/backend/vendor/laravel/framework/src/Illuminate/Cookie/Middleware/AddQueuedCookiesToResponse.php(37): Illuminate\\Pipeline\\Pipeline->Illuminate\\Pipeline\\{closure}()
#37 /home/ubuntu/escolavistaalegre/backend/vendor/laravel/framework/src/Illuminate/Pipeline/Pipeline.php(183): Illuminate\\Cookie\\Middleware\\AddQueuedCookiesToResponse->handle()
#38 /home/ubuntu/escolavistaalegre/backend/vendor/laravel/framework/src/Illuminate/Cookie/Middleware/EncryptCookies.php(67): Illuminate\\Pipeline\\Pipeline->Illuminate\\Pipeline\\{closure}()
#39 /home/ubuntu/escolavistaalegre/backend/vendor/laravel/framework/src/Illuminate/Pipeline/Pipeline.php(183): Illuminate\\Cookie\\Middleware\\EncryptCookies->handle()
#40 /home/ubuntu/escolavistaalegre/backend/vendor/laravel/framework/src/Illuminate/Pipeline/Pipeline.php(119): Illuminate\\Pipeline\\Pipeline->Illuminate\\Pipeline\\{closure}()
#41 /home/ubuntu/escolavistaalegre/backend/vendor/laravel/framework/src/Illuminate/Routing/Router.php(807): Illuminate\\Pipeline\\Pipeline->then()
#42 /home/ubuntu/escolavistaalegre/backend/vendor/laravel/framework/src/Illuminate/Routing/Router.php(784): Illuminate\\Routing\\Router->runRouteWithinStack()
#43 /home/ubuntu/escolavistaalegre/backend/vendor/laravel/framework/src/Illuminate/Routing/Router.php(748): Illuminate\\Routing\\Router->runRoute()
#44 /home/ubuntu/escolavistaalegre/backend/vendor/laravel/framework/src/Illuminate/Routing/Router.php(737): Illuminate\\Routing\\Router->dispatchToRoute()
#45 /home/ubuntu/escolavistaalegre/backend/vendor/laravel/framework/src/Illuminate/Foundation/Http/Kernel.php(200): Illuminate\\Routing\\Router->dispatch()
#46 /home/ubuntu/escolavistaalegre/backend/vendor/laravel/framework/src/Illuminate/Pipeline/Pipeline.php(144): Illuminate\\Foundation\\Http\\Kernel->Illuminate\\Foundation\\Http\\{closure}()
#47 /home/ubuntu/escolavistaalegre/backend/vendor/livewire/livewire/src/Features/SupportDisablingBackButtonCache/DisableBackButtonCacheMiddleware.php(19): Illuminate\\Pipeline\\Pipeline->Illuminate\\Pipeline\\{closure}()
#48 /home/ubuntu/escolavistaalegre/backend/vendor/laravel/framework/src/Illuminate/Pipeline/Pipeline.php(183): Livewire\\Features\\SupportDisablingBackButtonCache\\DisableBackButtonCacheMiddleware->handle()
#49 /home/ubuntu/escolavistaalegre/backend/vendor/laravel/framework/src/Illuminate/Foundation/Http/Middleware/TransformsRequest.php(21): Illuminate\\Pipeline\\Pipeline->Illuminate\\Pipeline\\{closure}()
#50 /home/ubuntu/escolavistaalegre/backend/vendor/laravel/framework/src/Illuminate/Foundation/Http/Middleware/ConvertEmptyStringsToNull.php(31): Illuminate\\Foundation\\Http\\Middleware\\TransformsRequest->handle()
#51 /home/ubuntu/escolavistaalegre/backend/vendor/laravel/framework/src/Illuminate/Pipeline/Pipeline.php(183): Illuminate\\Foundation\\Http\\Middleware\\ConvertEmptyStringsToNull->handle()
#52 /home/ubuntu/escolavistaalegre/backend/vendor/laravel/framework/src/Illuminate/Foundation/Http/Middleware/TransformsRequest.php(21): Illuminate\\Pipeline\\Pipeline->Illuminate\\Pipeline\\{closure}()
#53 /home/ubuntu/escolavistaalegre/backend/vendor/laravel/framework/src/Illuminate/Foundation/Http/Middleware/TrimStrings.php(40): Illuminate\\Foundation\\Http\\Middleware\\TransformsRequest->handle()
#54 /home/ubuntu/escolavistaalegre/backend/vendor/laravel/framework/src/Illuminate/Pipeline/Pipeline.php(183): Illuminate\\Foundation\\Http\\Middleware\\TrimStrings->handle()
#55 /home/ubuntu/escolavistaalegre/backend/vendor/laravel/framework/src/Illuminate/Foundation/Http/Middleware/ValidatePostSize.php(27): Illuminate\\Pipeline\\Pipeline->Illuminate\\Pipeline\\{closure}()
#56 /home/ubuntu/escolavistaalegre/backend/vendor/laravel/framework/src/Illuminate/Pipeline/Pipeline.php(183): Illuminate\\Foundation\\Http\\Middleware\\ValidatePostSize->handle()
#57 /home/ubuntu/escolavistaalegre/backend/vendor/laravel/framework/src/Illuminate/Foundation/Http/Middleware/PreventRequestsDuringMaintenance.php(99): Illuminate\\Pipeline\\Pipeline->Illuminate\\Pipeline\\{closure}()
#58 /home/ubuntu/escolavistaalegre/backend/vendor/laravel/framework/src/Illuminate/Pipeline/Pipeline.php(183): Illuminate\\Foundation\\Http\\Middleware\\PreventRequestsDuringMaintenance->handle()
#59 /home/ubuntu/escolavistaalegre/backend/vendor/laravel/framework/src/Illuminate/Http/Middleware/HandleCors.php(49): Illuminate\\Pipeline\\Pipeline->Illuminate\\Pipeline\\{closure}()
#60 /home/ubuntu/escolavistaalegre/backend/vendor/laravel/framework/src/Illuminate/Pipeline/Pipeline.php(183): Illuminate\\Http\\Middleware\\HandleCors->handle()
#61 /home/ubuntu/escolavistaalegre/backend/vendor/laravel/framework/src/Illuminate/Http/Middleware/TrustProxies.php(39): Illuminate\\Pipeline\\Pipeline->Illuminate\\Pipeline\\{closure}()
#62 /home/ubuntu/escolavistaalegre/backend/vendor/laravel/framework/src/Illuminate/Pipeline/Pipeline.php(183): Illuminate\\Http\\Middleware\\TrustProxies->handle()
#63 /home/ubuntu/escolavistaalegre/backend/vendor/laravel/framework/src/Illuminate/Pipeline/Pipeline.php(119): Illuminate\\Pipeline\\Pipeline->Illuminate\\Pipeline\\{closure}()
#64 /home/ubuntu/escolavistaalegre/backend/vendor/laravel/framework/src/Illuminate/Foundation/Http/Kernel.php(175): Illuminate\\Pipeline\\Pipeline->then()
#65 /home/ubuntu/escolavistaalegre/backend/vendor/laravel/framework/src/Illuminate/Foundation/Http/Kernel.php(144): Illuminate\\Foundation\\Http\\Kernel->sendRequestThroughRouter()
#66 /home/ubuntu/escolavistaalegre/backend/public/index.php(52): Illuminate\\Foundation\\Http\\Kernel->handle()
#67 /home/ubuntu/escolavistaalegre/backend/vendor/laravel/framework/src/Illuminate/Foundation/resources/server.php(16): require_once('...')
#68 {main}
"}
[2025-06-03 15:21:47] PROD.ERROR: Vite manifest not found at: /home/ubuntu/escolavistaalegre/backend/public/build/manifest.json {"view":{"view":"/home/ubuntu/escolavistaalegre/backend/resources/views/layouts/public.blade.php","data":[]},"exception":"[object] (Spatie\\LaravelIgnition\\Exceptions\\ViewException(code: 0): Vite manifest not found at: /home/ubuntu/escolavistaalegre/backend/public/build/manifest.json at /home/ubuntu/escolavistaalegre/backend/vendor/laravel/framework/src/Illuminate/Foundation/Vite.php:728)
[stacktrace]
#0 /home/ubuntu/escolavistaalegre/backend/vendor/laravel/framework/src/Illuminate/Foundation/Vite.php(293): Illuminate\\Foundation\\Vite->manifest()
#1 /home/ubuntu/escolavistaalegre/backend/resources/views/layouts/public.blade.php(12): Illuminate\\Foundation\\Vite->__invoke()
#2 /home/ubuntu/escolavistaalegre/backend/vendor/laravel/framework/src/Illuminate/Filesystem/Filesystem.php(123): require('...')
#3 /home/ubuntu/escolavistaalegre/backend/vendor/laravel/framework/src/Illuminate/Filesystem/Filesystem.php(124): Illuminate\\Filesystem\\Filesystem::Illuminate\\Filesystem\\{closure}()
#4 /home/ubuntu/escolavistaalegre/backend/vendor/laravel/framework/src/Illuminate/View/Engines/PhpEngine.php(58): Illuminate\\Filesystem\\Filesystem->getRequire()
#5 /home/ubuntu/escolavistaalegre/backend/vendor/livewire/livewire/src/Mechanisms/ExtendBlade/ExtendedCompilerEngine.php(22): Illuminate\\View\\Engines\\PhpEngine->evaluatePath()
#6 /home/ubuntu/escolavistaalegre/backend/vendor/laravel/framework/src/Illuminate/View/Engines/CompilerEngine.php(72): Livewire\\Mechanisms\\ExtendBlade\\ExtendedCompilerEngine->evaluatePath()
#7 /home/ubuntu/escolavistaalegre/backend/vendor/livewire/livewire/src/Mechanisms/ExtendBlade/ExtendedCompilerEngine.php(10): Illuminate\\View\\Engines\\CompilerEngine->get()
#8 /home/ubuntu/escolavistaalegre/backend/vendor/laravel/framework/src/Illuminate/View/View.php(207): Livewire\\Mechanisms\\ExtendBlade\\ExtendedCompilerEngine->get()
#9 /home/ubuntu/escolavistaalegre/backend/vendor/laravel/framework/src/Illuminate/View/View.php(190): Illuminate\\View\\View->getContents()
#10 /home/ubuntu/escolavistaalegre/backend/vendor/laravel/framework/src/Illuminate/View/View.php(159): Illuminate\\View\\View->renderContents()
#11 /home/ubuntu/escolavistaalegre/backend/resources/views/public/home.blade.php(183): Illuminate\\View\\View->render()
#12 /home/ubuntu/escolavistaalegre/backend/vendor/laravel/framework/src/Illuminate/Filesystem/Filesystem.php(123): require('...')
#13 /home/ubuntu/escolavistaalegre/backend/vendor/laravel/framework/src/Illuminate/Filesystem/Filesystem.php(124): Illuminate\\Filesystem\\Filesystem::Illuminate\\Filesystem\\{closure}()
#14 /home/ubuntu/escolavistaalegre/backend/vendor/laravel/framework/src/Illuminate/View/Engines/PhpEngine.php(58): Illuminate\\Filesystem\\Filesystem->getRequire()
#15 /home/ubuntu/escolavistaalegre/backend/vendor/livewire/livewire/src/Mechanisms/ExtendBlade/ExtendedCompilerEngine.php(22): Illuminate\\View\\Engines\\PhpEngine->evaluatePath()
#16 /home/ubuntu/escolavistaalegre/backend/vendor/laravel/framework/src/Illuminate/View/Engines/CompilerEngine.php(72): Livewire\\Mechanisms\\ExtendBlade\\ExtendedCompilerEngine->evaluatePath()
#17 /home/ubuntu/escolavistaalegre/backend/vendor/livewire/livewire/src/Mechanisms/ExtendBlade/ExtendedCompilerEngine.php(10): Illuminate\\View\\Engines\\CompilerEngine->get()
#18 /home/ubuntu/escolavistaalegre/backend/vendor/laravel/framework/src/Illuminate/View/View.php(207): Livewire\\Mechanisms\\ExtendBlade\\ExtendedCompilerEngine->get()
#19 /home/ubuntu/escolavistaalegre/backend/vendor/laravel/framework/src/Illuminate/View/View.php(190): Illuminate\\View\\View->getContents()
#20 /home/ubuntu/escolavistaalegre/backend/vendor/laravel/framework/src/Illuminate/View/View.php(159): Illuminate\\View\\View->renderContents()
#21 /home/ubuntu/escolavistaalegre/backend/vendor/laravel/framework/src/Illuminate/Http/Response.php(69): Illuminate\\View\\View->render()
#22 /home/ubuntu/escolavistaalegre/backend/vendor/laravel/framework/src/Illuminate/Http/Response.php(35): Illuminate\\Http\\Response->setContent()
#23 /home/ubuntu/escolavistaalegre/backend/vendor/laravel/framework/src/Illuminate/Routing/Router.php(918): Illuminate\\Http\\Response->__construct()
#24 /home/ubuntu/escolavistaalegre/backend/vendor/laravel/framework/src/Illuminate/Routing/Router.php(885): Illuminate\\Routing\\Router::toResponse()
#25 /home/ubuntu/escolavistaalegre/backend/vendor/laravel/framework/src/Illuminate/Routing/Router.php(806): Illuminate\\Routing\\Router->prepareResponse()
#26 /home/ubuntu/escolavistaalegre/backend/vendor/laravel/framework/src/Illuminate/Pipeline/Pipeline.php(144): Illuminate\\Routing\\Router->Illuminate\\Routing\\{closure}()
#27 /home/ubuntu/escolavistaalegre/backend/vendor/laravel/framework/src/Illuminate/Routing/Middleware/SubstituteBindings.php(50): Illuminate\\Pipeline\\Pipeline->Illuminate\\Pipeline\\{closure}()
#28 /home/ubuntu/escolavistaalegre/backend/vendor/laravel/framework/src/Illuminate/Pipeline/Pipeline.php(183): Illuminate\\Routing\\Middleware\\SubstituteBindings->handle()
#29 /home/ubuntu/escolavistaalegre/backend/vendor/laravel/framework/src/Illuminate/Foundation/Http/Middleware/VerifyCsrfToken.php(78): Illuminate\\Pipeline\\Pipeline->Illuminate\\Pipeline\\{closure}()
#30 /home/ubuntu/escolavistaalegre/backend/vendor/laravel/framework/src/Illuminate/Pipeline/Pipeline.php(183): Illuminate\\Foundation\\Http\\Middleware\\VerifyCsrfToken->handle()
#31 /home/ubuntu/escolavistaalegre/backend/vendor/laravel/framework/src/Illuminate/View/Middleware/ShareErrorsFromSession.php(49): Illuminate\\Pipeline\\Pipeline->Illuminate\\Pipeline\\{closure}()
#32 /home/ubuntu/escolavistaalegre/backend/vendor/laravel/framework/src/Illuminate/Pipeline/Pipeline.php(183): Illuminate\\View\\Middleware\\ShareErrorsFromSession->handle()
#33 /home/ubuntu/escolavistaalegre/backend/vendor/laravel/framework/src/Illuminate/Session/Middleware/StartSession.php(121): Illuminate\\Pipeline\\Pipeline->Illuminate\\Pipeline\\{closure}()
#34 /home/ubuntu/escolavistaalegre/backend/vendor/laravel/framework/src/Illuminate/Session/Middleware/StartSession.php(64): Illuminate\\Session\\Middleware\\StartSession->handleStatefulRequest()
#35 /home/ubuntu/escolavistaalegre/backend/vendor/laravel/framework/src/Illuminate/Pipeline/Pipeline.php(183): Illuminate\\Session\\Middleware\\StartSession->handle()
#36 /home/ubuntu/escolavistaalegre/backend/vendor/laravel/framework/src/Illuminate/Cookie/Middleware/AddQueuedCookiesToResponse.php(37): Illuminate\\Pipeline\\Pipeline->Illuminate\\Pipeline\\{closure}()
#37 /home/ubuntu/escolavistaalegre/backend/vendor/laravel/framework/src/Illuminate/Pipeline/Pipeline.php(183): Illuminate\\Cookie\\Middleware\\AddQueuedCookiesToResponse->handle()
#38 /home/ubuntu/escolavistaalegre/backend/vendor/laravel/framework/src/Illuminate/Cookie/Middleware/EncryptCookies.php(67): Illuminate\\Pipeline\\Pipeline->Illuminate\\Pipeline\\{closure}()
#39 /home/ubuntu/escolavistaalegre/backend/vendor/laravel/framework/src/Illuminate/Pipeline/Pipeline.php(183): Illuminate\\Cookie\\Middleware\\EncryptCookies->handle()
#40 /home/ubuntu/escolavistaalegre/backend/vendor/laravel/framework/src/Illuminate/Pipeline/Pipeline.php(119): Illuminate\\Pipeline\\Pipeline->Illuminate\\Pipeline\\{closure}()
#41 /home/ubuntu/escolavistaalegre/backend/vendor/laravel/framework/src/Illuminate/Routing/Router.php(807): Illuminate\\Pipeline\\Pipeline->then()
#42 /home/ubuntu/escolavistaalegre/backend/vendor/laravel/framework/src/Illuminate/Routing/Router.php(784): Illuminate\\Routing\\Router->runRouteWithinStack()
#43 /home/ubuntu/escolavistaalegre/backend/vendor/laravel/framework/src/Illuminate/Routing/Router.php(748): Illuminate\\Routing\\Router->runRoute()
#44 /home/ubuntu/escolavistaalegre/backend/vendor/laravel/framework/src/Illuminate/Routing/Router.php(737): Illuminate\\Routing\\Router->dispatchToRoute()
#45 /home/ubuntu/escolavistaalegre/backend/vendor/laravel/framework/src/Illuminate/Foundation/Http/Kernel.php(200): Illuminate\\Routing\\Router->dispatch()
#46 /home/ubuntu/escolavistaalegre/backend/vendor/laravel/framework/src/Illuminate/Pipeline/Pipeline.php(144): Illuminate\\Foundation\\Http\\Kernel->Illuminate\\Foundation\\Http\\{closure}()
#47 /home/ubuntu/escolavistaalegre/backend/vendor/livewire/livewire/src/Features/SupportDisablingBackButtonCache/DisableBackButtonCacheMiddleware.php(19): Illuminate\\Pipeline\\Pipeline->Illuminate\\Pipeline\\{closure}()
#48 /home/ubuntu/escolavistaalegre/backend/vendor/laravel/framework/src/Illuminate/Pipeline/Pipeline.php(183): Livewire\\Features\\SupportDisablingBackButtonCache\\DisableBackButtonCacheMiddleware->handle()
#49 /home/ubuntu/escolavistaalegre/backend/vendor/laravel/framework/src/Illuminate/Foundation/Http/Middleware/TransformsRequest.php(21): Illuminate\\Pipeline\\Pipeline->Illuminate\\Pipeline\\{closure}()
#50 /home/ubuntu/escolavistaalegre/backend/vendor/laravel/framework/src/Illuminate/Foundation/Http/Middleware/ConvertEmptyStringsToNull.php(31): Illuminate\\Foundation\\Http\\Middleware\\TransformsRequest->handle()
#51 /home/ubuntu/escolavistaalegre/backend/vendor/laravel/framework/src/Illuminate/Pipeline/Pipeline.php(183): Illuminate\\Foundation\\Http\\Middleware\\ConvertEmptyStringsToNull->handle()
#52 /home/ubuntu/escolavistaalegre/backend/vendor/laravel/framework/src/Illuminate/Foundation/Http/Middleware/TransformsRequest.php(21): Illuminate\\Pipeline\\Pipeline->Illuminate\\Pipeline\\{closure}()
#53 /home/ubuntu/escolavistaalegre/backend/vendor/laravel/framework/src/Illuminate/Foundation/Http/Middleware/TrimStrings.php(40): Illuminate\\Foundation\\Http\\Middleware\\TransformsRequest->handle()
#54 /home/ubuntu/escolavistaalegre/backend/vendor/laravel/framework/src/Illuminate/Pipeline/Pipeline.php(183): Illuminate\\Foundation\\Http\\Middleware\\TrimStrings->handle()
#55 /home/ubuntu/escolavistaalegre/backend/vendor/laravel/framework/src/Illuminate/Foundation/Http/Middleware/ValidatePostSize.php(27): Illuminate\\Pipeline\\Pipeline->Illuminate\\Pipeline\\{closure}()
#56 /home/ubuntu/escolavistaalegre/backend/vendor/laravel/framework/src/Illuminate/Pipeline/Pipeline.php(183): Illuminate\\Foundation\\Http\\Middleware\\ValidatePostSize->handle()
#57 /home/ubuntu/escolavistaalegre/backend/vendor/laravel/framework/src/Illuminate/Foundation/Http/Middleware/PreventRequestsDuringMaintenance.php(99): Illuminate\\Pipeline\\Pipeline->Illuminate\\Pipeline\\{closure}()
#58 /home/ubuntu/escolavistaalegre/backend/vendor/laravel/framework/src/Illuminate/Pipeline/Pipeline.php(183): Illuminate\\Foundation\\Http\\Middleware\\PreventRequestsDuringMaintenance->handle()
#59 /home/ubuntu/escolavistaalegre/backend/vendor/laravel/framework/src/Illuminate/Http/Middleware/HandleCors.php(49): Illuminate\\Pipeline\\Pipeline->Illuminate\\Pipeline\\{closure}()
#60 /home/ubuntu/escolavistaalegre/backend/vendor/laravel/framework/src/Illuminate/Pipeline/Pipeline.php(183): Illuminate\\Http\\Middleware\\HandleCors->handle()
#61 /home/ubuntu/escolavistaalegre/backend/vendor/laravel/framework/src/Illuminate/Http/Middleware/TrustProxies.php(39): Illuminate\\Pipeline\\Pipeline->Illuminate\\Pipeline\\{closure}()
#62 /home/ubuntu/escolavistaalegre/backend/vendor/laravel/framework/src/Illuminate/Pipeline/Pipeline.php(183): Illuminate\\Http\\Middleware\\TrustProxies->handle()
#63 /home/ubuntu/escolavistaalegre/backend/vendor/laravel/framework/src/Illuminate/Pipeline/Pipeline.php(119): Illuminate\\Pipeline\\Pipeline->Illuminate\\Pipeline\\{closure}()
#64 /home/ubuntu/escolavistaalegre/backend/vendor/laravel/framework/src/Illuminate/Foundation/Http/Kernel.php(175): Illuminate\\Pipeline\\Pipeline->then()
#65 /home/ubuntu/escolavistaalegre/backend/vendor/laravel/framework/src/Illuminate/Foundation/Http/Kernel.php(144): Illuminate\\Foundation\\Http\\Kernel->sendRequestThroughRouter()
#66 /home/ubuntu/escolavistaalegre/backend/public/index.php(52): Illuminate\\Foundation\\Http\\Kernel->handle()
#67 /home/ubuntu/escolavistaalegre/backend/vendor/laravel/framework/src/Illuminate/Foundation/resources/server.php(16): require_once('...')
#68 {main}

[previous exception] [object] (Illuminate\\Foundation\\ViteManifestNotFoundException(code: 0): Vite manifest not found at: /home/ubuntu/escolavistaalegre/backend/public/build/manifest.json at /home/ubuntu/escolavistaalegre/backend/vendor/laravel/framework/src/Illuminate/Foundation/Vite.php:728)
[stacktrace]
#0 /home/ubuntu/escolavistaalegre/backend/vendor/laravel/framework/src/Illuminate/Foundation/Vite.php(293): Illuminate\\Foundation\\Vite->manifest()
#1 /home/ubuntu/escolavistaalegre/backend/storage/framework/views/73b68312f6fb1d7d030fa01615c1700a.php(12): Illuminate\\Foundation\\Vite->__invoke()
#2 /home/ubuntu/escolavistaalegre/backend/vendor/laravel/framework/src/Illuminate/Filesystem/Filesystem.php(123): require('...')
#3 /home/ubuntu/escolavistaalegre/backend/vendor/laravel/framework/src/Illuminate/Filesystem/Filesystem.php(124): Illuminate\\Filesystem\\Filesystem::Illuminate\\Filesystem\\{closure}()
#4 /home/ubuntu/escolavistaalegre/backend/vendor/laravel/framework/src/Illuminate/View/Engines/PhpEngine.php(58): Illuminate\\Filesystem\\Filesystem->getRequire()
#5 /home/ubuntu/escolavistaalegre/backend/vendor/livewire/livewire/src/Mechanisms/ExtendBlade/ExtendedCompilerEngine.php(22): Illuminate\\View\\Engines\\PhpEngine->evaluatePath()
#6 /home/ubuntu/escolavistaalegre/backend/vendor/laravel/framework/src/Illuminate/View/Engines/CompilerEngine.php(72): Livewire\\Mechanisms\\ExtendBlade\\ExtendedCompilerEngine->evaluatePath()
#7 /home/ubuntu/escolavistaalegre/backend/vendor/livewire/livewire/src/Mechanisms/ExtendBlade/ExtendedCompilerEngine.php(10): Illuminate\\View\\Engines\\CompilerEngine->get()
#8 /home/ubuntu/escolavistaalegre/backend/vendor/laravel/framework/src/Illuminate/View/View.php(207): Livewire\\Mechanisms\\ExtendBlade\\ExtendedCompilerEngine->get()
#9 /home/ubuntu/escolavistaalegre/backend/vendor/laravel/framework/src/Illuminate/View/View.php(190): Illuminate\\View\\View->getContents()
#10 /home/ubuntu/escolavistaalegre/backend/vendor/laravel/framework/src/Illuminate/View/View.php(159): Illuminate\\View\\View->renderContents()
#11 /home/ubuntu/escolavistaalegre/backend/storage/framework/views/b60b772f152d103dbc2ffe21a2dfce38.php(183): Illuminate\\View\\View->render()
#12 /home/ubuntu/escolavistaalegre/backend/vendor/laravel/framework/src/Illuminate/Filesystem/Filesystem.php(123): require('...')
#13 /home/ubuntu/escolavistaalegre/backend/vendor/laravel/framework/src/Illuminate/Filesystem/Filesystem.php(124): Illuminate\\Filesystem\\Filesystem::Illuminate\\Filesystem\\{closure}()
#14 /home/ubuntu/escolavistaalegre/backend/vendor/laravel/framework/src/Illuminate/View/Engines/PhpEngine.php(58): Illuminate\\Filesystem\\Filesystem->getRequire()
#15 /home/ubuntu/escolavistaalegre/backend/vendor/livewire/livewire/src/Mechanisms/ExtendBlade/ExtendedCompilerEngine.php(22): Illuminate\\View\\Engines\\PhpEngine->evaluatePath()
#16 /home/ubuntu/escolavistaalegre/backend/vendor/laravel/framework/src/Illuminate/View/Engines/CompilerEngine.php(72): Livewire\\Mechanisms\\ExtendBlade\\ExtendedCompilerEngine->evaluatePath()
#17 /home/ubuntu/escolavistaalegre/backend/vendor/livewire/livewire/src/Mechanisms/ExtendBlade/ExtendedCompilerEngine.php(10): Illuminate\\View\\Engines\\CompilerEngine->get()
#18 /home/ubuntu/escolavistaalegre/backend/vendor/laravel/framework/src/Illuminate/View/View.php(207): Livewire\\Mechanisms\\ExtendBlade\\ExtendedCompilerEngine->get()
#19 /home/ubuntu/escolavistaalegre/backend/vendor/laravel/framework/src/Illuminate/View/View.php(190): Illuminate\\View\\View->getContents()
#20 /home/ubuntu/escolavistaalegre/backend/vendor/laravel/framework/src/Illuminate/View/View.php(159): Illuminate\\View\\View->renderContents()
#21 /home/ubuntu/escolavistaalegre/backend/vendor/laravel/framework/src/Illuminate/Http/Response.php(69): Illuminate\\View\\View->render()
#22 /home/ubuntu/escolavistaalegre/backend/vendor/laravel/framework/src/Illuminate/Http/Response.php(35): Illuminate\\Http\\Response->setContent()
#23 /home/ubuntu/escolavistaalegre/backend/vendor/laravel/framework/src/Illuminate/Routing/Router.php(918): Illuminate\\Http\\Response->__construct()
#24 /home/ubuntu/escolavistaalegre/backend/vendor/laravel/framework/src/Illuminate/Routing/Router.php(885): Illuminate\\Routing\\Router::toResponse()
#25 /home/ubuntu/escolavistaalegre/backend/vendor/laravel/framework/src/Illuminate/Routing/Router.php(806): Illuminate\\Routing\\Router->prepareResponse()
#26 /home/ubuntu/escolavistaalegre/backend/vendor/laravel/framework/src/Illuminate/Pipeline/Pipeline.php(144): Illuminate\\Routing\\Router->Illuminate\\Routing\\{closure}()
#27 /home/ubuntu/escolavistaalegre/backend/vendor/laravel/framework/src/Illuminate/Routing/Middleware/SubstituteBindings.php(50): Illuminate\\Pipeline\\Pipeline->Illuminate\\Pipeline\\{closure}()
#28 /home/ubuntu/escolavistaalegre/backend/vendor/laravel/framework/src/Illuminate/Pipeline/Pipeline.php(183): Illuminate\\Routing\\Middleware\\SubstituteBindings->handle()
#29 /home/ubuntu/escolavistaalegre/backend/vendor/laravel/framework/src/Illuminate/Foundation/Http/Middleware/VerifyCsrfToken.php(78): Illuminate\\Pipeline\\Pipeline->Illuminate\\Pipeline\\{closure}()
#30 /home/ubuntu/escolavistaalegre/backend/vendor/laravel/framework/src/Illuminate/Pipeline/Pipeline.php(183): Illuminate\\Foundation\\Http\\Middleware\\VerifyCsrfToken->handle()
#31 /home/ubuntu/escolavistaalegre/backend/vendor/laravel/framework/src/Illuminate/View/Middleware/ShareErrorsFromSession.php(49): Illuminate\\Pipeline\\Pipeline->Illuminate\\Pipeline\\{closure}()
#32 /home/ubuntu/escolavistaalegre/backend/vendor/laravel/framework/src/Illuminate/Pipeline/Pipeline.php(183): Illuminate\\View\\Middleware\\ShareErrorsFromSession->handle()
#33 /home/ubuntu/escolavistaalegre/backend/vendor/laravel/framework/src/Illuminate/Session/Middleware/StartSession.php(121): Illuminate\\Pipeline\\Pipeline->Illuminate\\Pipeline\\{closure}()
#34 /home/ubuntu/escolavistaalegre/backend/vendor/laravel/framework/src/Illuminate/Session/Middleware/StartSession.php(64): Illuminate\\Session\\Middleware\\StartSession->handleStatefulRequest()
#35 /home/ubuntu/escolavistaalegre/backend/vendor/laravel/framework/src/Illuminate/Pipeline/Pipeline.php(183): Illuminate\\Session\\Middleware\\StartSession->handle()
#36 /home/ubuntu/escolavistaalegre/backend/vendor/laravel/framework/src/Illuminate/Cookie/Middleware/AddQueuedCookiesToResponse.php(37): Illuminate\\Pipeline\\Pipeline->Illuminate\\Pipeline\\{closure}()
#37 /home/ubuntu/escolavistaalegre/backend/vendor/laravel/framework/src/Illuminate/Pipeline/Pipeline.php(183): Illuminate\\Cookie\\Middleware\\AddQueuedCookiesToResponse->handle()
#38 /home/ubuntu/escolavistaalegre/backend/vendor/laravel/framework/src/Illuminate/Cookie/Middleware/EncryptCookies.php(67): Illuminate\\Pipeline\\Pipeline->Illuminate\\Pipeline\\{closure}()
#39 /home/ubuntu/escolavistaalegre/backend/vendor/laravel/framework/src/Illuminate/Pipeline/Pipeline.php(183): Illuminate\\Cookie\\Middleware\\EncryptCookies->handle()
#40 /home/ubuntu/escolavistaalegre/backend/vendor/laravel/framework/src/Illuminate/Pipeline/Pipeline.php(119): Illuminate\\Pipeline\\Pipeline->Illuminate\\Pipeline\\{closure}()
#41 /home/ubuntu/escolavistaalegre/backend/vendor/laravel/framework/src/Illuminate/Routing/Router.php(807): Illuminate\\Pipeline\\Pipeline->then()
#42 /home/ubuntu/escolavistaalegre/backend/vendor/laravel/framework/src/Illuminate/Routing/Router.php(784): Illuminate\\Routing\\Router->runRouteWithinStack()
#43 /home/ubuntu/escolavistaalegre/backend/vendor/laravel/framework/src/Illuminate/Routing/Router.php(748): Illuminate\\Routing\\Router->runRoute()
#44 /home/ubuntu/escolavistaalegre/backend/vendor/laravel/framework/src/Illuminate/Routing/Router.php(737): Illuminate\\Routing\\Router->dispatchToRoute()
#45 /home/ubuntu/escolavistaalegre/backend/vendor/laravel/framework/src/Illuminate/Foundation/Http/Kernel.php(200): Illuminate\\Routing\\Router->dispatch()
#46 /home/ubuntu/escolavistaalegre/backend/vendor/laravel/framework/src/Illuminate/Pipeline/Pipeline.php(144): Illuminate\\Foundation\\Http\\Kernel->Illuminate\\Foundation\\Http\\{closure}()
#47 /home/ubuntu/escolavistaalegre/backend/vendor/livewire/livewire/src/Features/SupportDisablingBackButtonCache/DisableBackButtonCacheMiddleware.php(19): Illuminate\\Pipeline\\Pipeline->Illuminate\\Pipeline\\{closure}()
#48 /home/ubuntu/escolavistaalegre/backend/vendor/laravel/framework/src/Illuminate/Pipeline/Pipeline.php(183): Livewire\\Features\\SupportDisablingBackButtonCache\\DisableBackButtonCacheMiddleware->handle()
#49 /home/ubuntu/escolavistaalegre/backend/vendor/laravel/framework/src/Illuminate/Foundation/Http/Middleware/TransformsRequest.php(21): Illuminate\\Pipeline\\Pipeline->Illuminate\\Pipeline\\{closure}()
#50 /home/ubuntu/escolavistaalegre/backend/vendor/laravel/framework/src/Illuminate/Foundation/Http/Middleware/ConvertEmptyStringsToNull.php(31): Illuminate\\Foundation\\Http\\Middleware\\TransformsRequest->handle()
#51 /home/ubuntu/escolavistaalegre/backend/vendor/laravel/framework/src/Illuminate/Pipeline/Pipeline.php(183): Illuminate\\Foundation\\Http\\Middleware\\ConvertEmptyStringsToNull->handle()
#52 /home/ubuntu/escolavistaalegre/backend/vendor/laravel/framework/src/Illuminate/Foundation/Http/Middleware/TransformsRequest.php(21): Illuminate\\Pipeline\\Pipeline->Illuminate\\Pipeline\\{closure}()
#53 /home/ubuntu/escolavistaalegre/backend/vendor/laravel/framework/src/Illuminate/Foundation/Http/Middleware/TrimStrings.php(40): Illuminate\\Foundation\\Http\\Middleware\\TransformsRequest->handle()
#54 /home/ubuntu/escolavistaalegre/backend/vendor/laravel/framework/src/Illuminate/Pipeline/Pipeline.php(183): Illuminate\\Foundation\\Http\\Middleware\\TrimStrings->handle()
#55 /home/ubuntu/escolavistaalegre/backend/vendor/laravel/framework/src/Illuminate/Foundation/Http/Middleware/ValidatePostSize.php(27): Illuminate\\Pipeline\\Pipeline->Illuminate\\Pipeline\\{closure}()
#56 /home/ubuntu/escolavistaalegre/backend/vendor/laravel/framework/src/Illuminate/Pipeline/Pipeline.php(183): Illuminate\\Foundation\\Http\\Middleware\\ValidatePostSize->handle()
#57 /home/ubuntu/escolavistaalegre/backend/vendor/laravel/framework/src/Illuminate/Foundation/Http/Middleware/PreventRequestsDuringMaintenance.php(99): Illuminate\\Pipeline\\Pipeline->Illuminate\\Pipeline\\{closure}()
#58 /home/ubuntu/escolavistaalegre/backend/vendor/laravel/framework/src/Illuminate/Pipeline/Pipeline.php(183): Illuminate\\Foundation\\Http\\Middleware\\PreventRequestsDuringMaintenance->handle()
#59 /home/ubuntu/escolavistaalegre/backend/vendor/laravel/framework/src/Illuminate/Http/Middleware/HandleCors.php(49): Illuminate\\Pipeline\\Pipeline->Illuminate\\Pipeline\\{closure}()
#60 /home/ubuntu/escolavistaalegre/backend/vendor/laravel/framework/src/Illuminate/Pipeline/Pipeline.php(183): Illuminate\\Http\\Middleware\\HandleCors->handle()
#61 /home/ubuntu/escolavistaalegre/backend/vendor/laravel/framework/src/Illuminate/Http/Middleware/TrustProxies.php(39): Illuminate\\Pipeline\\Pipeline->Illuminate\\Pipeline\\{closure}()
#62 /home/ubuntu/escolavistaalegre/backend/vendor/laravel/framework/src/Illuminate/Pipeline/Pipeline.php(183): Illuminate\\Http\\Middleware\\TrustProxies->handle()
#63 /home/ubuntu/escolavistaalegre/backend/vendor/laravel/framework/src/Illuminate/Pipeline/Pipeline.php(119): Illuminate\\Pipeline\\Pipeline->Illuminate\\Pipeline\\{closure}()
#64 /home/ubuntu/escolavistaalegre/backend/vendor/laravel/framework/src/Illuminate/Foundation/Http/Kernel.php(175): Illuminate\\Pipeline\\Pipeline->then()
#65 /home/ubuntu/escolavistaalegre/backend/vendor/laravel/framework/src/Illuminate/Foundation/Http/Kernel.php(144): Illuminate\\Foundation\\Http\\Kernel->sendRequestThroughRouter()
#66 /home/ubuntu/escolavistaalegre/backend/public/index.php(52): Illuminate\\Foundation\\Http\\Kernel->handle()
#67 /home/ubuntu/escolavistaalegre/backend/vendor/laravel/framework/src/Illuminate/Foundation/resources/server.php(16): require_once('...')
#68 {main}
"}
[2025-06-03 15:23:00] PROD.ERROR: Vite manifest not found at: /home/ubuntu/escolavistaalegre/backend/public/build/manifest.json {"view":{"view":"/home/ubuntu/escolavistaalegre/backend/resources/views/layouts/public.blade.php","data":[]},"exception":"[object] (Spatie\\LaravelIgnition\\Exceptions\\ViewException(code: 0): Vite manifest not found at: /home/ubuntu/escolavistaalegre/backend/public/build/manifest.json at /home/ubuntu/escolavistaalegre/backend/vendor/laravel/framework/src/Illuminate/Foundation/Vite.php:728)
[stacktrace]
#0 /home/ubuntu/escolavistaalegre/backend/vendor/laravel/framework/src/Illuminate/Foundation/Vite.php(293): Illuminate\\Foundation\\Vite->manifest()
#1 /home/ubuntu/escolavistaalegre/backend/resources/views/layouts/public.blade.php(12): Illuminate\\Foundation\\Vite->__invoke()
#2 /home/ubuntu/escolavistaalegre/backend/vendor/laravel/framework/src/Illuminate/Filesystem/Filesystem.php(123): require('...')
#3 /home/ubuntu/escolavistaalegre/backend/vendor/laravel/framework/src/Illuminate/Filesystem/Filesystem.php(124): Illuminate\\Filesystem\\Filesystem::Illuminate\\Filesystem\\{closure}()
#4 /home/ubuntu/escolavistaalegre/backend/vendor/laravel/framework/src/Illuminate/View/Engines/PhpEngine.php(58): Illuminate\\Filesystem\\Filesystem->getRequire()
#5 /home/ubuntu/escolavistaalegre/backend/vendor/livewire/livewire/src/Mechanisms/ExtendBlade/ExtendedCompilerEngine.php(22): Illuminate\\View\\Engines\\PhpEngine->evaluatePath()
#6 /home/ubuntu/escolavistaalegre/backend/vendor/laravel/framework/src/Illuminate/View/Engines/CompilerEngine.php(72): Livewire\\Mechanisms\\ExtendBlade\\ExtendedCompilerEngine->evaluatePath()
#7 /home/ubuntu/escolavistaalegre/backend/vendor/livewire/livewire/src/Mechanisms/ExtendBlade/ExtendedCompilerEngine.php(10): Illuminate\\View\\Engines\\CompilerEngine->get()
#8 /home/ubuntu/escolavistaalegre/backend/vendor/laravel/framework/src/Illuminate/View/View.php(207): Livewire\\Mechanisms\\ExtendBlade\\ExtendedCompilerEngine->get()
#9 /home/ubuntu/escolavistaalegre/backend/vendor/laravel/framework/src/Illuminate/View/View.php(190): Illuminate\\View\\View->getContents()
#10 /home/ubuntu/escolavistaalegre/backend/vendor/laravel/framework/src/Illuminate/View/View.php(159): Illuminate\\View\\View->renderContents()
#11 /home/ubuntu/escolavistaalegre/backend/resources/views/public/home.blade.php(183): Illuminate\\View\\View->render()
#12 /home/ubuntu/escolavistaalegre/backend/vendor/laravel/framework/src/Illuminate/Filesystem/Filesystem.php(123): require('...')
#13 /home/ubuntu/escolavistaalegre/backend/vendor/laravel/framework/src/Illuminate/Filesystem/Filesystem.php(124): Illuminate\\Filesystem\\Filesystem::Illuminate\\Filesystem\\{closure}()
#14 /home/ubuntu/escolavistaalegre/backend/vendor/laravel/framework/src/Illuminate/View/Engines/PhpEngine.php(58): Illuminate\\Filesystem\\Filesystem->getRequire()
#15 /home/ubuntu/escolavistaalegre/backend/vendor/livewire/livewire/src/Mechanisms/ExtendBlade/ExtendedCompilerEngine.php(22): Illuminate\\View\\Engines\\PhpEngine->evaluatePath()
#16 /home/ubuntu/escolavistaalegre/backend/vendor/laravel/framework/src/Illuminate/View/Engines/CompilerEngine.php(72): Livewire\\Mechanisms\\ExtendBlade\\ExtendedCompilerEngine->evaluatePath()
#17 /home/ubuntu/escolavistaalegre/backend/vendor/livewire/livewire/src/Mechanisms/ExtendBlade/ExtendedCompilerEngine.php(10): Illuminate\\View\\Engines\\CompilerEngine->get()
#18 /home/ubuntu/escolavistaalegre/backend/vendor/laravel/framework/src/Illuminate/View/View.php(207): Livewire\\Mechanisms\\ExtendBlade\\ExtendedCompilerEngine->get()
#19 /home/ubuntu/escolavistaalegre/backend/vendor/laravel/framework/src/Illuminate/View/View.php(190): Illuminate\\View\\View->getContents()
#20 /home/ubuntu/escolavistaalegre/backend/vendor/laravel/framework/src/Illuminate/View/View.php(159): Illuminate\\View\\View->renderContents()
#21 /home/ubuntu/escolavistaalegre/backend/vendor/laravel/framework/src/Illuminate/Http/Response.php(69): Illuminate\\View\\View->render()
#22 /home/ubuntu/escolavistaalegre/backend/vendor/laravel/framework/src/Illuminate/Http/Response.php(35): Illuminate\\Http\\Response->setContent()
#23 /home/ubuntu/escolavistaalegre/backend/vendor/laravel/framework/src/Illuminate/Routing/Router.php(918): Illuminate\\Http\\Response->__construct()
#24 /home/ubuntu/escolavistaalegre/backend/vendor/laravel/framework/src/Illuminate/Routing/Router.php(885): Illuminate\\Routing\\Router::toResponse()
#25 /home/ubuntu/escolavistaalegre/backend/vendor/laravel/framework/src/Illuminate/Routing/Router.php(806): Illuminate\\Routing\\Router->prepareResponse()
#26 /home/ubuntu/escolavistaalegre/backend/vendor/laravel/framework/src/Illuminate/Pipeline/Pipeline.php(144): Illuminate\\Routing\\Router->Illuminate\\Routing\\{closure}()
#27 /home/ubuntu/escolavistaalegre/backend/vendor/laravel/framework/src/Illuminate/Routing/Middleware/SubstituteBindings.php(50): Illuminate\\Pipeline\\Pipeline->Illuminate\\Pipeline\\{closure}()
#28 /home/ubuntu/escolavistaalegre/backend/vendor/laravel/framework/src/Illuminate/Pipeline/Pipeline.php(183): Illuminate\\Routing\\Middleware\\SubstituteBindings->handle()
#29 /home/ubuntu/escolavistaalegre/backend/vendor/laravel/framework/src/Illuminate/Foundation/Http/Middleware/VerifyCsrfToken.php(78): Illuminate\\Pipeline\\Pipeline->Illuminate\\Pipeline\\{closure}()
#30 /home/ubuntu/escolavistaalegre/backend/vendor/laravel/framework/src/Illuminate/Pipeline/Pipeline.php(183): Illuminate\\Foundation\\Http\\Middleware\\VerifyCsrfToken->handle()
#31 /home/ubuntu/escolavistaalegre/backend/vendor/laravel/framework/src/Illuminate/View/Middleware/ShareErrorsFromSession.php(49): Illuminate\\Pipeline\\Pipeline->Illuminate\\Pipeline\\{closure}()
#32 /home/ubuntu/escolavistaalegre/backend/vendor/laravel/framework/src/Illuminate/Pipeline/Pipeline.php(183): Illuminate\\View\\Middleware\\ShareErrorsFromSession->handle()
#33 /home/ubuntu/escolavistaalegre/backend/vendor/laravel/framework/src/Illuminate/Session/Middleware/StartSession.php(121): Illuminate\\Pipeline\\Pipeline->Illuminate\\Pipeline\\{closure}()
#34 /home/ubuntu/escolavistaalegre/backend/vendor/laravel/framework/src/Illuminate/Session/Middleware/StartSession.php(64): Illuminate\\Session\\Middleware\\StartSession->handleStatefulRequest()
#35 /home/ubuntu/escolavistaalegre/backend/vendor/laravel/framework/src/Illuminate/Pipeline/Pipeline.php(183): Illuminate\\Session\\Middleware\\StartSession->handle()
#36 /home/ubuntu/escolavistaalegre/backend/vendor/laravel/framework/src/Illuminate/Cookie/Middleware/AddQueuedCookiesToResponse.php(37): Illuminate\\Pipeline\\Pipeline->Illuminate\\Pipeline\\{closure}()
#37 /home/ubuntu/escolavistaalegre/backend/vendor/laravel/framework/src/Illuminate/Pipeline/Pipeline.php(183): Illuminate\\Cookie\\Middleware\\AddQueuedCookiesToResponse->handle()
#38 /home/ubuntu/escolavistaalegre/backend/vendor/laravel/framework/src/Illuminate/Cookie/Middleware/EncryptCookies.php(67): Illuminate\\Pipeline\\Pipeline->Illuminate\\Pipeline\\{closure}()
#39 /home/ubuntu/escolavistaalegre/backend/vendor/laravel/framework/src/Illuminate/Pipeline/Pipeline.php(183): Illuminate\\Cookie\\Middleware\\EncryptCookies->handle()
#40 /home/ubuntu/escolavistaalegre/backend/vendor/laravel/framework/src/Illuminate/Pipeline/Pipeline.php(119): Illuminate\\Pipeline\\Pipeline->Illuminate\\Pipeline\\{closure}()
#41 /home/ubuntu/escolavistaalegre/backend/vendor/laravel/framework/src/Illuminate/Routing/Router.php(807): Illuminate\\Pipeline\\Pipeline->then()
#42 /home/ubuntu/escolavistaalegre/backend/vendor/laravel/framework/src/Illuminate/Routing/Router.php(784): Illuminate\\Routing\\Router->runRouteWithinStack()
#43 /home/ubuntu/escolavistaalegre/backend/vendor/laravel/framework/src/Illuminate/Routing/Router.php(748): Illuminate\\Routing\\Router->runRoute()
#44 /home/ubuntu/escolavistaalegre/backend/vendor/laravel/framework/src/Illuminate/Routing/Router.php(737): Illuminate\\Routing\\Router->dispatchToRoute()
#45 /home/ubuntu/escolavistaalegre/backend/vendor/laravel/framework/src/Illuminate/Foundation/Http/Kernel.php(200): Illuminate\\Routing\\Router->dispatch()
#46 /home/ubuntu/escolavistaalegre/backend/vendor/laravel/framework/src/Illuminate/Pipeline/Pipeline.php(144): Illuminate\\Foundation\\Http\\Kernel->Illuminate\\Foundation\\Http\\{closure}()
#47 /home/ubuntu/escolavistaalegre/backend/vendor/livewire/livewire/src/Features/SupportDisablingBackButtonCache/DisableBackButtonCacheMiddleware.php(19): Illuminate\\Pipeline\\Pipeline->Illuminate\\Pipeline\\{closure}()
#48 /home/ubuntu/escolavistaalegre/backend/vendor/laravel/framework/src/Illuminate/Pipeline/Pipeline.php(183): Livewire\\Features\\SupportDisablingBackButtonCache\\DisableBackButtonCacheMiddleware->handle()
#49 /home/ubuntu/escolavistaalegre/backend/vendor/laravel/framework/src/Illuminate/Foundation/Http/Middleware/TransformsRequest.php(21): Illuminate\\Pipeline\\Pipeline->Illuminate\\Pipeline\\{closure}()
#50 /home/ubuntu/escolavistaalegre/backend/vendor/laravel/framework/src/Illuminate/Foundation/Http/Middleware/ConvertEmptyStringsToNull.php(31): Illuminate\\Foundation\\Http\\Middleware\\TransformsRequest->handle()
#51 /home/ubuntu/escolavistaalegre/backend/vendor/laravel/framework/src/Illuminate/Pipeline/Pipeline.php(183): Illuminate\\Foundation\\Http\\Middleware\\ConvertEmptyStringsToNull->handle()
#52 /home/ubuntu/escolavistaalegre/backend/vendor/laravel/framework/src/Illuminate/Foundation/Http/Middleware/TransformsRequest.php(21): Illuminate\\Pipeline\\Pipeline->Illuminate\\Pipeline\\{closure}()
#53 /home/ubuntu/escolavistaalegre/backend/vendor/laravel/framework/src/Illuminate/Foundation/Http/Middleware/TrimStrings.php(40): Illuminate\\Foundation\\Http\\Middleware\\TransformsRequest->handle()
#54 /home/ubuntu/escolavistaalegre/backend/vendor/laravel/framework/src/Illuminate/Pipeline/Pipeline.php(183): Illuminate\\Foundation\\Http\\Middleware\\TrimStrings->handle()
#55 /home/ubuntu/escolavistaalegre/backend/vendor/laravel/framework/src/Illuminate/Foundation/Http/Middleware/ValidatePostSize.php(27): Illuminate\\Pipeline\\Pipeline->Illuminate\\Pipeline\\{closure}()
#56 /home/ubuntu/escolavistaalegre/backend/vendor/laravel/framework/src/Illuminate/Pipeline/Pipeline.php(183): Illuminate\\Foundation\\Http\\Middleware\\ValidatePostSize->handle()
#57 /home/ubuntu/escolavistaalegre/backend/vendor/laravel/framework/src/Illuminate/Foundation/Http/Middleware/PreventRequestsDuringMaintenance.php(99): Illuminate\\Pipeline\\Pipeline->Illuminate\\Pipeline\\{closure}()
#58 /home/ubuntu/escolavistaalegre/backend/vendor/laravel/framework/src/Illuminate/Pipeline/Pipeline.php(183): Illuminate\\Foundation\\Http\\Middleware\\PreventRequestsDuringMaintenance->handle()
#59 /home/ubuntu/escolavistaalegre/backend/vendor/laravel/framework/src/Illuminate/Http/Middleware/HandleCors.php(49): Illuminate\\Pipeline\\Pipeline->Illuminate\\Pipeline\\{closure}()
#60 /home/ubuntu/escolavistaalegre/backend/vendor/laravel/framework/src/Illuminate/Pipeline/Pipeline.php(183): Illuminate\\Http\\Middleware\\HandleCors->handle()
#61 /home/ubuntu/escolavistaalegre/backend/vendor/laravel/framework/src/Illuminate/Http/Middleware/TrustProxies.php(39): Illuminate\\Pipeline\\Pipeline->Illuminate\\Pipeline\\{closure}()
#62 /home/ubuntu/escolavistaalegre/backend/vendor/laravel/framework/src/Illuminate/Pipeline/Pipeline.php(183): Illuminate\\Http\\Middleware\\TrustProxies->handle()
#63 /home/ubuntu/escolavistaalegre/backend/vendor/laravel/framework/src/Illuminate/Pipeline/Pipeline.php(119): Illuminate\\Pipeline\\Pipeline->Illuminate\\Pipeline\\{closure}()
#64 /home/ubuntu/escolavistaalegre/backend/vendor/laravel/framework/src/Illuminate/Foundation/Http/Kernel.php(175): Illuminate\\Pipeline\\Pipeline->then()
#65 /home/ubuntu/escolavistaalegre/backend/vendor/laravel/framework/src/Illuminate/Foundation/Http/Kernel.php(144): Illuminate\\Foundation\\Http\\Kernel->sendRequestThroughRouter()
#66 /home/ubuntu/escolavistaalegre/backend/public/index.php(52): Illuminate\\Foundation\\Http\\Kernel->handle()
#67 /home/ubuntu/escolavistaalegre/backend/vendor/laravel/framework/src/Illuminate/Foundation/resources/server.php(16): require_once('...')
#68 {main}

[previous exception] [object] (Illuminate\\Foundation\\ViteManifestNotFoundException(code: 0): Vite manifest not found at: /home/ubuntu/escolavistaalegre/backend/public/build/manifest.json at /home/ubuntu/escolavistaalegre/backend/vendor/laravel/framework/src/Illuminate/Foundation/Vite.php:728)
[stacktrace]
#0 /home/ubuntu/escolavistaalegre/backend/vendor/laravel/framework/src/Illuminate/Foundation/Vite.php(293): Illuminate\\Foundation\\Vite->manifest()
#1 /home/ubuntu/escolavistaalegre/backend/storage/framework/views/73b68312f6fb1d7d030fa01615c1700a.php(12): Illuminate\\Foundation\\Vite->__invoke()
#2 /home/ubuntu/escolavistaalegre/backend/vendor/laravel/framework/src/Illuminate/Filesystem/Filesystem.php(123): require('...')
#3 /home/ubuntu/escolavistaalegre/backend/vendor/laravel/framework/src/Illuminate/Filesystem/Filesystem.php(124): Illuminate\\Filesystem\\Filesystem::Illuminate\\Filesystem\\{closure}()
#4 /home/ubuntu/escolavistaalegre/backend/vendor/laravel/framework/src/Illuminate/View/Engines/PhpEngine.php(58): Illuminate\\Filesystem\\Filesystem->getRequire()
#5 /home/ubuntu/escolavistaalegre/backend/vendor/livewire/livewire/src/Mechanisms/ExtendBlade/ExtendedCompilerEngine.php(22): Illuminate\\View\\Engines\\PhpEngine->evaluatePath()
#6 /home/ubuntu/escolavistaalegre/backend/vendor/laravel/framework/src/Illuminate/View/Engines/CompilerEngine.php(72): Livewire\\Mechanisms\\ExtendBlade\\ExtendedCompilerEngine->evaluatePath()
#7 /home/ubuntu/escolavistaalegre/backend/vendor/livewire/livewire/src/Mechanisms/ExtendBlade/ExtendedCompilerEngine.php(10): Illuminate\\View\\Engines\\CompilerEngine->get()
#8 /home/ubuntu/escolavistaalegre/backend/vendor/laravel/framework/src/Illuminate/View/View.php(207): Livewire\\Mechanisms\\ExtendBlade\\ExtendedCompilerEngine->get()
#9 /home/ubuntu/escolavistaalegre/backend/vendor/laravel/framework/src/Illuminate/View/View.php(190): Illuminate\\View\\View->getContents()
#10 /home/ubuntu/escolavistaalegre/backend/vendor/laravel/framework/src/Illuminate/View/View.php(159): Illuminate\\View\\View->renderContents()
#11 /home/ubuntu/escolavistaalegre/backend/storage/framework/views/b60b772f152d103dbc2ffe21a2dfce38.php(183): Illuminate\\View\\View->render()
#12 /home/ubuntu/escolavistaalegre/backend/vendor/laravel/framework/src/Illuminate/Filesystem/Filesystem.php(123): require('...')
#13 /home/ubuntu/escolavistaalegre/backend/vendor/laravel/framework/src/Illuminate/Filesystem/Filesystem.php(124): Illuminate\\Filesystem\\Filesystem::Illuminate\\Filesystem\\{closure}()
#14 /home/ubuntu/escolavistaalegre/backend/vendor/laravel/framework/src/Illuminate/View/Engines/PhpEngine.php(58): Illuminate\\Filesystem\\Filesystem->getRequire()
#15 /home/ubuntu/escolavistaalegre/backend/vendor/livewire/livewire/src/Mechanisms/ExtendBlade/ExtendedCompilerEngine.php(22): Illuminate\\View\\Engines\\PhpEngine->evaluatePath()
#16 /home/ubuntu/escolavistaalegre/backend/vendor/laravel/framework/src/Illuminate/View/Engines/CompilerEngine.php(72): Livewire\\Mechanisms\\ExtendBlade\\ExtendedCompilerEngine->evaluatePath()
#17 /home/ubuntu/escolavistaalegre/backend/vendor/livewire/livewire/src/Mechanisms/ExtendBlade/ExtendedCompilerEngine.php(10): Illuminate\\View\\Engines\\CompilerEngine->get()
#18 /home/ubuntu/escolavistaalegre/backend/vendor/laravel/framework/src/Illuminate/View/View.php(207): Livewire\\Mechanisms\\ExtendBlade\\ExtendedCompilerEngine->get()
#19 /home/ubuntu/escolavistaalegre/backend/vendor/laravel/framework/src/Illuminate/View/View.php(190): Illuminate\\View\\View->getContents()
#20 /home/ubuntu/escolavistaalegre/backend/vendor/laravel/framework/src/Illuminate/View/View.php(159): Illuminate\\View\\View->renderContents()
#21 /home/ubuntu/escolavistaalegre/backend/vendor/laravel/framework/src/Illuminate/Http/Response.php(69): Illuminate\\View\\View->render()
#22 /home/ubuntu/escolavistaalegre/backend/vendor/laravel/framework/src/Illuminate/Http/Response.php(35): Illuminate\\Http\\Response->setContent()
#23 /home/ubuntu/escolavistaalegre/backend/vendor/laravel/framework/src/Illuminate/Routing/Router.php(918): Illuminate\\Http\\Response->__construct()
#24 /home/ubuntu/escolavistaalegre/backend/vendor/laravel/framework/src/Illuminate/Routing/Router.php(885): Illuminate\\Routing\\Router::toResponse()
#25 /home/ubuntu/escolavistaalegre/backend/vendor/laravel/framework/src/Illuminate/Routing/Router.php(806): Illuminate\\Routing\\Router->prepareResponse()
#26 /home/ubuntu/escolavistaalegre/backend/vendor/laravel/framework/src/Illuminate/Pipeline/Pipeline.php(144): Illuminate\\Routing\\Router->Illuminate\\Routing\\{closure}()
#27 /home/ubuntu/escolavistaalegre/backend/vendor/laravel/framework/src/Illuminate/Routing/Middleware/SubstituteBindings.php(50): Illuminate\\Pipeline\\Pipeline->Illuminate\\Pipeline\\{closure}()
#28 /home/ubuntu/escolavistaalegre/backend/vendor/laravel/framework/src/Illuminate/Pipeline/Pipeline.php(183): Illuminate\\Routing\\Middleware\\SubstituteBindings->handle()
#29 /home/ubuntu/escolavistaalegre/backend/vendor/laravel/framework/src/Illuminate/Foundation/Http/Middleware/VerifyCsrfToken.php(78): Illuminate\\Pipeline\\Pipeline->Illuminate\\Pipeline\\{closure}()
#30 /home/ubuntu/escolavistaalegre/backend/vendor/laravel/framework/src/Illuminate/Pipeline/Pipeline.php(183): Illuminate\\Foundation\\Http\\Middleware\\VerifyCsrfToken->handle()
#31 /home/ubuntu/escolavistaalegre/backend/vendor/laravel/framework/src/Illuminate/View/Middleware/ShareErrorsFromSession.php(49): Illuminate\\Pipeline\\Pipeline->Illuminate\\Pipeline\\{closure}()
#32 /home/ubuntu/escolavistaalegre/backend/vendor/laravel/framework/src/Illuminate/Pipeline/Pipeline.php(183): Illuminate\\View\\Middleware\\ShareErrorsFromSession->handle()
#33 /home/ubuntu/escolavistaalegre/backend/vendor/laravel/framework/src/Illuminate/Session/Middleware/StartSession.php(121): Illuminate\\Pipeline\\Pipeline->Illuminate\\Pipeline\\{closure}()
#34 /home/ubuntu/escolavistaalegre/backend/vendor/laravel/framework/src/Illuminate/Session/Middleware/StartSession.php(64): Illuminate\\Session\\Middleware\\StartSession->handleStatefulRequest()
#35 /home/ubuntu/escolavistaalegre/backend/vendor/laravel/framework/src/Illuminate/Pipeline/Pipeline.php(183): Illuminate\\Session\\Middleware\\StartSession->handle()
#36 /home/ubuntu/escolavistaalegre/backend/vendor/laravel/framework/src/Illuminate/Cookie/Middleware/AddQueuedCookiesToResponse.php(37): Illuminate\\Pipeline\\Pipeline->Illuminate\\Pipeline\\{closure}()
#37 /home/ubuntu/escolavistaalegre/backend/vendor/laravel/framework/src/Illuminate/Pipeline/Pipeline.php(183): Illuminate\\Cookie\\Middleware\\AddQueuedCookiesToResponse->handle()
#38 /home/ubuntu/escolavistaalegre/backend/vendor/laravel/framework/src/Illuminate/Cookie/Middleware/EncryptCookies.php(67): Illuminate\\Pipeline\\Pipeline->Illuminate\\Pipeline\\{closure}()
#39 /home/ubuntu/escolavistaalegre/backend/vendor/laravel/framework/src/Illuminate/Pipeline/Pipeline.php(183): Illuminate\\Cookie\\Middleware\\EncryptCookies->handle()
#40 /home/ubuntu/escolavistaalegre/backend/vendor/laravel/framework/src/Illuminate/Pipeline/Pipeline.php(119): Illuminate\\Pipeline\\Pipeline->Illuminate\\Pipeline\\{closure}()
#41 /home/ubuntu/escolavistaalegre/backend/vendor/laravel/framework/src/Illuminate/Routing/Router.php(807): Illuminate\\Pipeline\\Pipeline->then()
#42 /home/ubuntu/escolavistaalegre/backend/vendor/laravel/framework/src/Illuminate/Routing/Router.php(784): Illuminate\\Routing\\Router->runRouteWithinStack()
#43 /home/ubuntu/escolavistaalegre/backend/vendor/laravel/framework/src/Illuminate/Routing/Router.php(748): Illuminate\\Routing\\Router->runRoute()
#44 /home/ubuntu/escolavistaalegre/backend/vendor/laravel/framework/src/Illuminate/Routing/Router.php(737): Illuminate\\Routing\\Router->dispatchToRoute()
#45 /home/ubuntu/escolavistaalegre/backend/vendor/laravel/framework/src/Illuminate/Foundation/Http/Kernel.php(200): Illuminate\\Routing\\Router->dispatch()
#46 /home/ubuntu/escolavistaalegre/backend/vendor/laravel/framework/src/Illuminate/Pipeline/Pipeline.php(144): Illuminate\\Foundation\\Http\\Kernel->Illuminate\\Foundation\\Http\\{closure}()
#47 /home/ubuntu/escolavistaalegre/backend/vendor/livewire/livewire/src/Features/SupportDisablingBackButtonCache/DisableBackButtonCacheMiddleware.php(19): Illuminate\\Pipeline\\Pipeline->Illuminate\\Pipeline\\{closure}()
#48 /home/ubuntu/escolavistaalegre/backend/vendor/laravel/framework/src/Illuminate/Pipeline/Pipeline.php(183): Livewire\\Features\\SupportDisablingBackButtonCache\\DisableBackButtonCacheMiddleware->handle()
#49 /home/ubuntu/escolavistaalegre/backend/vendor/laravel/framework/src/Illuminate/Foundation/Http/Middleware/TransformsRequest.php(21): Illuminate\\Pipeline\\Pipeline->Illuminate\\Pipeline\\{closure}()
#50 /home/ubuntu/escolavistaalegre/backend/vendor/laravel/framework/src/Illuminate/Foundation/Http/Middleware/ConvertEmptyStringsToNull.php(31): Illuminate\\Foundation\\Http\\Middleware\\TransformsRequest->handle()
#51 /home/ubuntu/escolavistaalegre/backend/vendor/laravel/framework/src/Illuminate/Pipeline/Pipeline.php(183): Illuminate\\Foundation\\Http\\Middleware\\ConvertEmptyStringsToNull->handle()
#52 /home/ubuntu/escolavistaalegre/backend/vendor/laravel/framework/src/Illuminate/Foundation/Http/Middleware/TransformsRequest.php(21): Illuminate\\Pipeline\\Pipeline->Illuminate\\Pipeline\\{closure}()
#53 /home/ubuntu/escolavistaalegre/backend/vendor/laravel/framework/src/Illuminate/Foundation/Http/Middleware/TrimStrings.php(40): Illuminate\\Foundation\\Http\\Middleware\\TransformsRequest->handle()
#54 /home/ubuntu/escolavistaalegre/backend/vendor/laravel/framework/src/Illuminate/Pipeline/Pipeline.php(183): Illuminate\\Foundation\\Http\\Middleware\\TrimStrings->handle()
#55 /home/ubuntu/escolavistaalegre/backend/vendor/laravel/framework/src/Illuminate/Foundation/Http/Middleware/ValidatePostSize.php(27): Illuminate\\Pipeline\\Pipeline->Illuminate\\Pipeline\\{closure}()
#56 /home/ubuntu/escolavistaalegre/backend/vendor/laravel/framework/src/Illuminate/Pipeline/Pipeline.php(183): Illuminate\\Foundation\\Http\\Middleware\\ValidatePostSize->handle()
#57 /home/ubuntu/escolavistaalegre/backend/vendor/laravel/framework/src/Illuminate/Foundation/Http/Middleware/PreventRequestsDuringMaintenance.php(99): Illuminate\\Pipeline\\Pipeline->Illuminate\\Pipeline\\{closure}()
#58 /home/ubuntu/escolavistaalegre/backend/vendor/laravel/framework/src/Illuminate/Pipeline/Pipeline.php(183): Illuminate\\Foundation\\Http\\Middleware\\PreventRequestsDuringMaintenance->handle()
#59 /home/ubuntu/escolavistaalegre/backend/vendor/laravel/framework/src/Illuminate/Http/Middleware/HandleCors.php(49): Illuminate\\Pipeline\\Pipeline->Illuminate\\Pipeline\\{closure}()
#60 /home/ubuntu/escolavistaalegre/backend/vendor/laravel/framework/src/Illuminate/Pipeline/Pipeline.php(183): Illuminate\\Http\\Middleware\\HandleCors->handle()
#61 /home/ubuntu/escolavistaalegre/backend/vendor/laravel/framework/src/Illuminate/Http/Middleware/TrustProxies.php(39): Illuminate\\Pipeline\\Pipeline->Illuminate\\Pipeline\\{closure}()
#62 /home/ubuntu/escolavistaalegre/backend/vendor/laravel/framework/src/Illuminate/Pipeline/Pipeline.php(183): Illuminate\\Http\\Middleware\\TrustProxies->handle()
#63 /home/ubuntu/escolavistaalegre/backend/vendor/laravel/framework/src/Illuminate/Pipeline/Pipeline.php(119): Illuminate\\Pipeline\\Pipeline->Illuminate\\Pipeline\\{closure}()
#64 /home/ubuntu/escolavistaalegre/backend/vendor/laravel/framework/src/Illuminate/Foundation/Http/Kernel.php(175): Illuminate\\Pipeline\\Pipeline->then()
#65 /home/ubuntu/escolavistaalegre/backend/vendor/laravel/framework/src/Illuminate/Foundation/Http/Kernel.php(144): Illuminate\\Foundation\\Http\\Kernel->sendRequestThroughRouter()
#66 /home/ubuntu/escolavistaalegre/backend/public/index.php(52): Illuminate\\Foundation\\Http\\Kernel->handle()
#67 /home/ubuntu/escolavistaalegre/backend/vendor/laravel/framework/src/Illuminate/Foundation/resources/server.php(16): require_once('...')
#68 {main}
"}
[2025-06-03 15:23:00] PROD.ERROR: Vite manifest not found at: /home/ubuntu/escolavistaalegre/backend/public/build/manifest.json {"view":{"view":"/home/ubuntu/escolavistaalegre/backend/resources/views/layouts/public.blade.php","data":[]},"exception":"[object] (Spatie\\LaravelIgnition\\Exceptions\\ViewException(code: 0): Vite manifest not found at: /home/ubuntu/escolavistaalegre/backend/public/build/manifest.json at /home/ubuntu/escolavistaalegre/backend/vendor/laravel/framework/src/Illuminate/Foundation/Vite.php:728)
[stacktrace]
#0 /home/ubuntu/escolavistaalegre/backend/vendor/laravel/framework/src/Illuminate/Foundation/Vite.php(293): Illuminate\\Foundation\\Vite->manifest()
#1 /home/ubuntu/escolavistaalegre/backend/resources/views/layouts/public.blade.php(12): Illuminate\\Foundation\\Vite->__invoke()
#2 /home/ubuntu/escolavistaalegre/backend/vendor/laravel/framework/src/Illuminate/Filesystem/Filesystem.php(123): require('...')
#3 /home/ubuntu/escolavistaalegre/backend/vendor/laravel/framework/src/Illuminate/Filesystem/Filesystem.php(124): Illuminate\\Filesystem\\Filesystem::Illuminate\\Filesystem\\{closure}()
#4 /home/ubuntu/escolavistaalegre/backend/vendor/laravel/framework/src/Illuminate/View/Engines/PhpEngine.php(58): Illuminate\\Filesystem\\Filesystem->getRequire()
#5 /home/ubuntu/escolavistaalegre/backend/vendor/livewire/livewire/src/Mechanisms/ExtendBlade/ExtendedCompilerEngine.php(22): Illuminate\\View\\Engines\\PhpEngine->evaluatePath()
#6 /home/ubuntu/escolavistaalegre/backend/vendor/laravel/framework/src/Illuminate/View/Engines/CompilerEngine.php(72): Livewire\\Mechanisms\\ExtendBlade\\ExtendedCompilerEngine->evaluatePath()
#7 /home/ubuntu/escolavistaalegre/backend/vendor/livewire/livewire/src/Mechanisms/ExtendBlade/ExtendedCompilerEngine.php(10): Illuminate\\View\\Engines\\CompilerEngine->get()
#8 /home/ubuntu/escolavistaalegre/backend/vendor/laravel/framework/src/Illuminate/View/View.php(207): Livewire\\Mechanisms\\ExtendBlade\\ExtendedCompilerEngine->get()
#9 /home/ubuntu/escolavistaalegre/backend/vendor/laravel/framework/src/Illuminate/View/View.php(190): Illuminate\\View\\View->getContents()
#10 /home/ubuntu/escolavistaalegre/backend/vendor/laravel/framework/src/Illuminate/View/View.php(159): Illuminate\\View\\View->renderContents()
#11 /home/ubuntu/escolavistaalegre/backend/resources/views/public/home.blade.php(183): Illuminate\\View\\View->render()
#12 /home/ubuntu/escolavistaalegre/backend/vendor/laravel/framework/src/Illuminate/Filesystem/Filesystem.php(123): require('...')
#13 /home/ubuntu/escolavistaalegre/backend/vendor/laravel/framework/src/Illuminate/Filesystem/Filesystem.php(124): Illuminate\\Filesystem\\Filesystem::Illuminate\\Filesystem\\{closure}()
#14 /home/ubuntu/escolavistaalegre/backend/vendor/laravel/framework/src/Illuminate/View/Engines/PhpEngine.php(58): Illuminate\\Filesystem\\Filesystem->getRequire()
#15 /home/ubuntu/escolavistaalegre/backend/vendor/livewire/livewire/src/Mechanisms/ExtendBlade/ExtendedCompilerEngine.php(22): Illuminate\\View\\Engines\\PhpEngine->evaluatePath()
#16 /home/ubuntu/escolavistaalegre/backend/vendor/laravel/framework/src/Illuminate/View/Engines/CompilerEngine.php(72): Livewire\\Mechanisms\\ExtendBlade\\ExtendedCompilerEngine->evaluatePath()
#17 /home/ubuntu/escolavistaalegre/backend/vendor/livewire/livewire/src/Mechanisms/ExtendBlade/ExtendedCompilerEngine.php(10): Illuminate\\View\\Engines\\CompilerEngine->get()
#18 /home/ubuntu/escolavistaalegre/backend/vendor/laravel/framework/src/Illuminate/View/View.php(207): Livewire\\Mechanisms\\ExtendBlade\\ExtendedCompilerEngine->get()
#19 /home/ubuntu/escolavistaalegre/backend/vendor/laravel/framework/src/Illuminate/View/View.php(190): Illuminate\\View\\View->getContents()
#20 /home/ubuntu/escolavistaalegre/backend/vendor/laravel/framework/src/Illuminate/View/View.php(159): Illuminate\\View\\View->renderContents()
#21 /home/ubuntu/escolavistaalegre/backend/vendor/laravel/framework/src/Illuminate/Http/Response.php(69): Illuminate\\View\\View->render()
#22 /home/ubuntu/escolavistaalegre/backend/vendor/laravel/framework/src/Illuminate/Http/Response.php(35): Illuminate\\Http\\Response->setContent()
#23 /home/ubuntu/escolavistaalegre/backend/vendor/laravel/framework/src/Illuminate/Routing/Router.php(918): Illuminate\\Http\\Response->__construct()
#24 /home/ubuntu/escolavistaalegre/backend/vendor/laravel/framework/src/Illuminate/Routing/Router.php(885): Illuminate\\Routing\\Router::toResponse()
#25 /home/ubuntu/escolavistaalegre/backend/vendor/laravel/framework/src/Illuminate/Routing/Router.php(806): Illuminate\\Routing\\Router->prepareResponse()
#26 /home/ubuntu/escolavistaalegre/backend/vendor/laravel/framework/src/Illuminate/Pipeline/Pipeline.php(144): Illuminate\\Routing\\Router->Illuminate\\Routing\\{closure}()
#27 /home/ubuntu/escolavistaalegre/backend/vendor/laravel/framework/src/Illuminate/Routing/Middleware/SubstituteBindings.php(50): Illuminate\\Pipeline\\Pipeline->Illuminate\\Pipeline\\{closure}()
#28 /home/ubuntu/escolavistaalegre/backend/vendor/laravel/framework/src/Illuminate/Pipeline/Pipeline.php(183): Illuminate\\Routing\\Middleware\\SubstituteBindings->handle()
#29 /home/ubuntu/escolavistaalegre/backend/vendor/laravel/framework/src/Illuminate/Foundation/Http/Middleware/VerifyCsrfToken.php(78): Illuminate\\Pipeline\\Pipeline->Illuminate\\Pipeline\\{closure}()
#30 /home/ubuntu/escolavistaalegre/backend/vendor/laravel/framework/src/Illuminate/Pipeline/Pipeline.php(183): Illuminate\\Foundation\\Http\\Middleware\\VerifyCsrfToken->handle()
#31 /home/ubuntu/escolavistaalegre/backend/vendor/laravel/framework/src/Illuminate/View/Middleware/ShareErrorsFromSession.php(49): Illuminate\\Pipeline\\Pipeline->Illuminate\\Pipeline\\{closure}()
#32 /home/ubuntu/escolavistaalegre/backend/vendor/laravel/framework/src/Illuminate/Pipeline/Pipeline.php(183): Illuminate\\View\\Middleware\\ShareErrorsFromSession->handle()
#33 /home/ubuntu/escolavistaalegre/backend/vendor/laravel/framework/src/Illuminate/Session/Middleware/StartSession.php(121): Illuminate\\Pipeline\\Pipeline->Illuminate\\Pipeline\\{closure}()
#34 /home/ubuntu/escolavistaalegre/backend/vendor/laravel/framework/src/Illuminate/Session/Middleware/StartSession.php(64): Illuminate\\Session\\Middleware\\StartSession->handleStatefulRequest()
#35 /home/ubuntu/escolavistaalegre/backend/vendor/laravel/framework/src/Illuminate/Pipeline/Pipeline.php(183): Illuminate\\Session\\Middleware\\StartSession->handle()
#36 /home/ubuntu/escolavistaalegre/backend/vendor/laravel/framework/src/Illuminate/Cookie/Middleware/AddQueuedCookiesToResponse.php(37): Illuminate\\Pipeline\\Pipeline->Illuminate\\Pipeline\\{closure}()
#37 /home/ubuntu/escolavistaalegre/backend/vendor/laravel/framework/src/Illuminate/Pipeline/Pipeline.php(183): Illuminate\\Cookie\\Middleware\\AddQueuedCookiesToResponse->handle()
#38 /home/ubuntu/escolavistaalegre/backend/vendor/laravel/framework/src/Illuminate/Cookie/Middleware/EncryptCookies.php(67): Illuminate\\Pipeline\\Pipeline->Illuminate\\Pipeline\\{closure}()
#39 /home/ubuntu/escolavistaalegre/backend/vendor/laravel/framework/src/Illuminate/Pipeline/Pipeline.php(183): Illuminate\\Cookie\\Middleware\\EncryptCookies->handle()
#40 /home/ubuntu/escolavistaalegre/backend/vendor/laravel/framework/src/Illuminate/Pipeline/Pipeline.php(119): Illuminate\\Pipeline\\Pipeline->Illuminate\\Pipeline\\{closure}()
#41 /home/ubuntu/escolavistaalegre/backend/vendor/laravel/framework/src/Illuminate/Routing/Router.php(807): Illuminate\\Pipeline\\Pipeline->then()
#42 /home/ubuntu/escolavistaalegre/backend/vendor/laravel/framework/src/Illuminate/Routing/Router.php(784): Illuminate\\Routing\\Router->runRouteWithinStack()
#43 /home/ubuntu/escolavistaalegre/backend/vendor/laravel/framework/src/Illuminate/Routing/Router.php(748): Illuminate\\Routing\\Router->runRoute()
#44 /home/ubuntu/escolavistaalegre/backend/vendor/laravel/framework/src/Illuminate/Routing/Router.php(737): Illuminate\\Routing\\Router->dispatchToRoute()
#45 /home/ubuntu/escolavistaalegre/backend/vendor/laravel/framework/src/Illuminate/Foundation/Http/Kernel.php(200): Illuminate\\Routing\\Router->dispatch()
#46 /home/ubuntu/escolavistaalegre/backend/vendor/laravel/framework/src/Illuminate/Pipeline/Pipeline.php(144): Illuminate\\Foundation\\Http\\Kernel->Illuminate\\Foundation\\Http\\{closure}()
#47 /home/ubuntu/escolavistaalegre/backend/vendor/livewire/livewire/src/Features/SupportDisablingBackButtonCache/DisableBackButtonCacheMiddleware.php(19): Illuminate\\Pipeline\\Pipeline->Illuminate\\Pipeline\\{closure}()
#48 /home/ubuntu/escolavistaalegre/backend/vendor/laravel/framework/src/Illuminate/Pipeline/Pipeline.php(183): Livewire\\Features\\SupportDisablingBackButtonCache\\DisableBackButtonCacheMiddleware->handle()
#49 /home/ubuntu/escolavistaalegre/backend/vendor/laravel/framework/src/Illuminate/Foundation/Http/Middleware/TransformsRequest.php(21): Illuminate\\Pipeline\\Pipeline->Illuminate\\Pipeline\\{closure}()
#50 /home/ubuntu/escolavistaalegre/backend/vendor/laravel/framework/src/Illuminate/Foundation/Http/Middleware/ConvertEmptyStringsToNull.php(31): Illuminate\\Foundation\\Http\\Middleware\\TransformsRequest->handle()
#51 /home/ubuntu/escolavistaalegre/backend/vendor/laravel/framework/src/Illuminate/Pipeline/Pipeline.php(183): Illuminate\\Foundation\\Http\\Middleware\\ConvertEmptyStringsToNull->handle()
#52 /home/ubuntu/escolavistaalegre/backend/vendor/laravel/framework/src/Illuminate/Foundation/Http/Middleware/TransformsRequest.php(21): Illuminate\\Pipeline\\Pipeline->Illuminate\\Pipeline\\{closure}()
#53 /home/ubuntu/escolavistaalegre/backend/vendor/laravel/framework/src/Illuminate/Foundation/Http/Middleware/TrimStrings.php(40): Illuminate\\Foundation\\Http\\Middleware\\TransformsRequest->handle()
#54 /home/ubuntu/escolavistaalegre/backend/vendor/laravel/framework/src/Illuminate/Pipeline/Pipeline.php(183): Illuminate\\Foundation\\Http\\Middleware\\TrimStrings->handle()
#55 /home/ubuntu/escolavistaalegre/backend/vendor/laravel/framework/src/Illuminate/Foundation/Http/Middleware/ValidatePostSize.php(27): Illuminate\\Pipeline\\Pipeline->Illuminate\\Pipeline\\{closure}()
#56 /home/ubuntu/escolavistaalegre/backend/vendor/laravel/framework/src/Illuminate/Pipeline/Pipeline.php(183): Illuminate\\Foundation\\Http\\Middleware\\ValidatePostSize->handle()
#57 /home/ubuntu/escolavistaalegre/backend/vendor/laravel/framework/src/Illuminate/Foundation/Http/Middleware/PreventRequestsDuringMaintenance.php(99): Illuminate\\Pipeline\\Pipeline->Illuminate\\Pipeline\\{closure}()
#58 /home/ubuntu/escolavistaalegre/backend/vendor/laravel/framework/src/Illuminate/Pipeline/Pipeline.php(183): Illuminate\\Foundation\\Http\\Middleware\\PreventRequestsDuringMaintenance->handle()
#59 /home/ubuntu/escolavistaalegre/backend/vendor/laravel/framework/src/Illuminate/Http/Middleware/HandleCors.php(49): Illuminate\\Pipeline\\Pipeline->Illuminate\\Pipeline\\{closure}()
#60 /home/ubuntu/escolavistaalegre/backend/vendor/laravel/framework/src/Illuminate/Pipeline/Pipeline.php(183): Illuminate\\Http\\Middleware\\HandleCors->handle()
#61 /home/ubuntu/escolavistaalegre/backend/vendor/laravel/framework/src/Illuminate/Http/Middleware/TrustProxies.php(39): Illuminate\\Pipeline\\Pipeline->Illuminate\\Pipeline\\{closure}()
#62 /home/ubuntu/escolavistaalegre/backend/vendor/laravel/framework/src/Illuminate/Pipeline/Pipeline.php(183): Illuminate\\Http\\Middleware\\TrustProxies->handle()
#63 /home/ubuntu/escolavistaalegre/backend/vendor/laravel/framework/src/Illuminate/Pipeline/Pipeline.php(119): Illuminate\\Pipeline\\Pipeline->Illuminate\\Pipeline\\{closure}()
#64 /home/ubuntu/escolavistaalegre/backend/vendor/laravel/framework/src/Illuminate/Foundation/Http/Kernel.php(175): Illuminate\\Pipeline\\Pipeline->then()
#65 /home/ubuntu/escolavistaalegre/backend/vendor/laravel/framework/src/Illuminate/Foundation/Http/Kernel.php(144): Illuminate\\Foundation\\Http\\Kernel->sendRequestThroughRouter()
#66 /home/ubuntu/escolavistaalegre/backend/public/index.php(52): Illuminate\\Foundation\\Http\\Kernel->handle()
#67 /home/ubuntu/escolavistaalegre/backend/vendor/laravel/framework/src/Illuminate/Foundation/resources/server.php(16): require_once('...')
#68 {main}

[previous exception] [object] (Illuminate\\Foundation\\ViteManifestNotFoundException(code: 0): Vite manifest not found at: /home/ubuntu/escolavistaalegre/backend/public/build/manifest.json at /home/ubuntu/escolavistaalegre/backend/vendor/laravel/framework/src/Illuminate/Foundation/Vite.php:728)
[stacktrace]
#0 /home/ubuntu/escolavistaalegre/backend/vendor/laravel/framework/src/Illuminate/Foundation/Vite.php(293): Illuminate\\Foundation\\Vite->manifest()
#1 /home/ubuntu/escolavistaalegre/backend/storage/framework/views/73b68312f6fb1d7d030fa01615c1700a.php(12): Illuminate\\Foundation\\Vite->__invoke()
#2 /home/ubuntu/escolavistaalegre/backend/vendor/laravel/framework/src/Illuminate/Filesystem/Filesystem.php(123): require('...')
#3 /home/ubuntu/escolavistaalegre/backend/vendor/laravel/framework/src/Illuminate/Filesystem/Filesystem.php(124): Illuminate\\Filesystem\\Filesystem::Illuminate\\Filesystem\\{closure}()
#4 /home/ubuntu/escolavistaalegre/backend/vendor/laravel/framework/src/Illuminate/View/Engines/PhpEngine.php(58): Illuminate\\Filesystem\\Filesystem->getRequire()
#5 /home/ubuntu/escolavistaalegre/backend/vendor/livewire/livewire/src/Mechanisms/ExtendBlade/ExtendedCompilerEngine.php(22): Illuminate\\View\\Engines\\PhpEngine->evaluatePath()
#6 /home/ubuntu/escolavistaalegre/backend/vendor/laravel/framework/src/Illuminate/View/Engines/CompilerEngine.php(72): Livewire\\Mechanisms\\ExtendBlade\\ExtendedCompilerEngine->evaluatePath()
#7 /home/ubuntu/escolavistaalegre/backend/vendor/livewire/livewire/src/Mechanisms/ExtendBlade/ExtendedCompilerEngine.php(10): Illuminate\\View\\Engines\\CompilerEngine->get()
#8 /home/ubuntu/escolavistaalegre/backend/vendor/laravel/framework/src/Illuminate/View/View.php(207): Livewire\\Mechanisms\\ExtendBlade\\ExtendedCompilerEngine->get()
#9 /home/ubuntu/escolavistaalegre/backend/vendor/laravel/framework/src/Illuminate/View/View.php(190): Illuminate\\View\\View->getContents()
#10 /home/ubuntu/escolavistaalegre/backend/vendor/laravel/framework/src/Illuminate/View/View.php(159): Illuminate\\View\\View->renderContents()
#11 /home/ubuntu/escolavistaalegre/backend/storage/framework/views/b60b772f152d103dbc2ffe21a2dfce38.php(183): Illuminate\\View\\View->render()
#12 /home/ubuntu/escolavistaalegre/backend/vendor/laravel/framework/src/Illuminate/Filesystem/Filesystem.php(123): require('...')
#13 /home/ubuntu/escolavistaalegre/backend/vendor/laravel/framework/src/Illuminate/Filesystem/Filesystem.php(124): Illuminate\\Filesystem\\Filesystem::Illuminate\\Filesystem\\{closure}()
#14 /home/ubuntu/escolavistaalegre/backend/vendor/laravel/framework/src/Illuminate/View/Engines/PhpEngine.php(58): Illuminate\\Filesystem\\Filesystem->getRequire()
#15 /home/ubuntu/escolavistaalegre/backend/vendor/livewire/livewire/src/Mechanisms/ExtendBlade/ExtendedCompilerEngine.php(22): Illuminate\\View\\Engines\\PhpEngine->evaluatePath()
#16 /home/ubuntu/escolavistaalegre/backend/vendor/laravel/framework/src/Illuminate/View/Engines/CompilerEngine.php(72): Livewire\\Mechanisms\\ExtendBlade\\ExtendedCompilerEngine->evaluatePath()
#17 /home/ubuntu/escolavistaalegre/backend/vendor/livewire/livewire/src/Mechanisms/ExtendBlade/ExtendedCompilerEngine.php(10): Illuminate\\View\\Engines\\CompilerEngine->get()
#18 /home/ubuntu/escolavistaalegre/backend/vendor/laravel/framework/src/Illuminate/View/View.php(207): Livewire\\Mechanisms\\ExtendBlade\\ExtendedCompilerEngine->get()
#19 /home/ubuntu/escolavistaalegre/backend/vendor/laravel/framework/src/Illuminate/View/View.php(190): Illuminate\\View\\View->getContents()
#20 /home/ubuntu/escolavistaalegre/backend/vendor/laravel/framework/src/Illuminate/View/View.php(159): Illuminate\\View\\View->renderContents()
#21 /home/ubuntu/escolavistaalegre/backend/vendor/laravel/framework/src/Illuminate/Http/Response.php(69): Illuminate\\View\\View->render()
#22 /home/ubuntu/escolavistaalegre/backend/vendor/laravel/framework/src/Illuminate/Http/Response.php(35): Illuminate\\Http\\Response->setContent()
#23 /home/ubuntu/escolavistaalegre/backend/vendor/laravel/framework/src/Illuminate/Routing/Router.php(918): Illuminate\\Http\\Response->__construct()
#24 /home/ubuntu/escolavistaalegre/backend/vendor/laravel/framework/src/Illuminate/Routing/Router.php(885): Illuminate\\Routing\\Router::toResponse()
#25 /home/ubuntu/escolavistaalegre/backend/vendor/laravel/framework/src/Illuminate/Routing/Router.php(806): Illuminate\\Routing\\Router->prepareResponse()
#26 /home/ubuntu/escolavistaalegre/backend/vendor/laravel/framework/src/Illuminate/Pipeline/Pipeline.php(144): Illuminate\\Routing\\Router->Illuminate\\Routing\\{closure}()
#27 /home/ubuntu/escolavistaalegre/backend/vendor/laravel/framework/src/Illuminate/Routing/Middleware/SubstituteBindings.php(50): Illuminate\\Pipeline\\Pipeline->Illuminate\\Pipeline\\{closure}()
#28 /home/ubuntu/escolavistaalegre/backend/vendor/laravel/framework/src/Illuminate/Pipeline/Pipeline.php(183): Illuminate\\Routing\\Middleware\\SubstituteBindings->handle()
#29 /home/ubuntu/escolavistaalegre/backend/vendor/laravel/framework/src/Illuminate/Foundation/Http/Middleware/VerifyCsrfToken.php(78): Illuminate\\Pipeline\\Pipeline->Illuminate\\Pipeline\\{closure}()
#30 /home/ubuntu/escolavistaalegre/backend/vendor/laravel/framework/src/Illuminate/Pipeline/Pipeline.php(183): Illuminate\\Foundation\\Http\\Middleware\\VerifyCsrfToken->handle()
#31 /home/ubuntu/escolavistaalegre/backend/vendor/laravel/framework/src/Illuminate/View/Middleware/ShareErrorsFromSession.php(49): Illuminate\\Pipeline\\Pipeline->Illuminate\\Pipeline\\{closure}()
#32 /home/ubuntu/escolavistaalegre/backend/vendor/laravel/framework/src/Illuminate/Pipeline/Pipeline.php(183): Illuminate\\View\\Middleware\\ShareErrorsFromSession->handle()
#33 /home/ubuntu/escolavistaalegre/backend/vendor/laravel/framework/src/Illuminate/Session/Middleware/StartSession.php(121): Illuminate\\Pipeline\\Pipeline->Illuminate\\Pipeline\\{closure}()
#34 /home/ubuntu/escolavistaalegre/backend/vendor/laravel/framework/src/Illuminate/Session/Middleware/StartSession.php(64): Illuminate\\Session\\Middleware\\StartSession->handleStatefulRequest()
#35 /home/ubuntu/escolavistaalegre/backend/vendor/laravel/framework/src/Illuminate/Pipeline/Pipeline.php(183): Illuminate\\Session\\Middleware\\StartSession->handle()
#36 /home/ubuntu/escolavistaalegre/backend/vendor/laravel/framework/src/Illuminate/Cookie/Middleware/AddQueuedCookiesToResponse.php(37): Illuminate\\Pipeline\\Pipeline->Illuminate\\Pipeline\\{closure}()
#37 /home/ubuntu/escolavistaalegre/backend/vendor/laravel/framework/src/Illuminate/Pipeline/Pipeline.php(183): Illuminate\\Cookie\\Middleware\\AddQueuedCookiesToResponse->handle()
#38 /home/ubuntu/escolavistaalegre/backend/vendor/laravel/framework/src/Illuminate/Cookie/Middleware/EncryptCookies.php(67): Illuminate\\Pipeline\\Pipeline->Illuminate\\Pipeline\\{closure}()
#39 /home/ubuntu/escolavistaalegre/backend/vendor/laravel/framework/src/Illuminate/Pipeline/Pipeline.php(183): Illuminate\\Cookie\\Middleware\\EncryptCookies->handle()
#40 /home/ubuntu/escolavistaalegre/backend/vendor/laravel/framework/src/Illuminate/Pipeline/Pipeline.php(119): Illuminate\\Pipeline\\Pipeline->Illuminate\\Pipeline\\{closure}()
#41 /home/ubuntu/escolavistaalegre/backend/vendor/laravel/framework/src/Illuminate/Routing/Router.php(807): Illuminate\\Pipeline\\Pipeline->then()
#42 /home/ubuntu/escolavistaalegre/backend/vendor/laravel/framework/src/Illuminate/Routing/Router.php(784): Illuminate\\Routing\\Router->runRouteWithinStack()
#43 /home/ubuntu/escolavistaalegre/backend/vendor/laravel/framework/src/Illuminate/Routing/Router.php(748): Illuminate\\Routing\\Router->runRoute()
#44 /home/ubuntu/escolavistaalegre/backend/vendor/laravel/framework/src/Illuminate/Routing/Router.php(737): Illuminate\\Routing\\Router->dispatchToRoute()
#45 /home/ubuntu/escolavistaalegre/backend/vendor/laravel/framework/src/Illuminate/Foundation/Http/Kernel.php(200): Illuminate\\Routing\\Router->dispatch()
#46 /home/ubuntu/escolavistaalegre/backend/vendor/laravel/framework/src/Illuminate/Pipeline/Pipeline.php(144): Illuminate\\Foundation\\Http\\Kernel->Illuminate\\Foundation\\Http\\{closure}()
#47 /home/ubuntu/escolavistaalegre/backend/vendor/livewire/livewire/src/Features/SupportDisablingBackButtonCache/DisableBackButtonCacheMiddleware.php(19): Illuminate\\Pipeline\\Pipeline->Illuminate\\Pipeline\\{closure}()
#48 /home/ubuntu/escolavistaalegre/backend/vendor/laravel/framework/src/Illuminate/Pipeline/Pipeline.php(183): Livewire\\Features\\SupportDisablingBackButtonCache\\DisableBackButtonCacheMiddleware->handle()
#49 /home/ubuntu/escolavistaalegre/backend/vendor/laravel/framework/src/Illuminate/Foundation/Http/Middleware/TransformsRequest.php(21): Illuminate\\Pipeline\\Pipeline->Illuminate\\Pipeline\\{closure}()
#50 /home/ubuntu/escolavistaalegre/backend/vendor/laravel/framework/src/Illuminate/Foundation/Http/Middleware/ConvertEmptyStringsToNull.php(31): Illuminate\\Foundation\\Http\\Middleware\\TransformsRequest->handle()
#51 /home/ubuntu/escolavistaalegre/backend/vendor/laravel/framework/src/Illuminate/Pipeline/Pipeline.php(183): Illuminate\\Foundation\\Http\\Middleware\\ConvertEmptyStringsToNull->handle()
#52 /home/ubuntu/escolavistaalegre/backend/vendor/laravel/framework/src/Illuminate/Foundation/Http/Middleware/TransformsRequest.php(21): Illuminate\\Pipeline\\Pipeline->Illuminate\\Pipeline\\{closure}()
#53 /home/ubuntu/escolavistaalegre/backend/vendor/laravel/framework/src/Illuminate/Foundation/Http/Middleware/TrimStrings.php(40): Illuminate\\Foundation\\Http\\Middleware\\TransformsRequest->handle()
#54 /home/ubuntu/escolavistaalegre/backend/vendor/laravel/framework/src/Illuminate/Pipeline/Pipeline.php(183): Illuminate\\Foundation\\Http\\Middleware\\TrimStrings->handle()
#55 /home/ubuntu/escolavistaalegre/backend/vendor/laravel/framework/src/Illuminate/Foundation/Http/Middleware/ValidatePostSize.php(27): Illuminate\\Pipeline\\Pipeline->Illuminate\\Pipeline\\{closure}()
#56 /home/ubuntu/escolavistaalegre/backend/vendor/laravel/framework/src/Illuminate/Pipeline/Pipeline.php(183): Illuminate\\Foundation\\Http\\Middleware\\ValidatePostSize->handle()
#57 /home/ubuntu/escolavistaalegre/backend/vendor/laravel/framework/src/Illuminate/Foundation/Http/Middleware/PreventRequestsDuringMaintenance.php(99): Illuminate\\Pipeline\\Pipeline->Illuminate\\Pipeline\\{closure}()
#58 /home/ubuntu/escolavistaalegre/backend/vendor/laravel/framework/src/Illuminate/Pipeline/Pipeline.php(183): Illuminate\\Foundation\\Http\\Middleware\\PreventRequestsDuringMaintenance->handle()
#59 /home/ubuntu/escolavistaalegre/backend/vendor/laravel/framework/src/Illuminate/Http/Middleware/HandleCors.php(49): Illuminate\\Pipeline\\Pipeline->Illuminate\\Pipeline\\{closure}()
#60 /home/ubuntu/escolavistaalegre/backend/vendor/laravel/framework/src/Illuminate/Pipeline/Pipeline.php(183): Illuminate\\Http\\Middleware\\HandleCors->handle()
#61 /home/ubuntu/escolavistaalegre/backend/vendor/laravel/framework/src/Illuminate/Http/Middleware/TrustProxies.php(39): Illuminate\\Pipeline\\Pipeline->Illuminate\\Pipeline\\{closure}()
#62 /home/ubuntu/escolavistaalegre/backend/vendor/laravel/framework/src/Illuminate/Pipeline/Pipeline.php(183): Illuminate\\Http\\Middleware\\TrustProxies->handle()
#63 /home/ubuntu/escolavistaalegre/backend/vendor/laravel/framework/src/Illuminate/Pipeline/Pipeline.php(119): Illuminate\\Pipeline\\Pipeline->Illuminate\\Pipeline\\{closure}()
#64 /home/ubuntu/escolavistaalegre/backend/vendor/laravel/framework/src/Illuminate/Foundation/Http/Kernel.php(175): Illuminate\\Pipeline\\Pipeline->then()
#65 /home/ubuntu/escolavistaalegre/backend/vendor/laravel/framework/src/Illuminate/Foundation/Http/Kernel.php(144): Illuminate\\Foundation\\Http\\Kernel->sendRequestThroughRouter()
#66 /home/ubuntu/escolavistaalegre/backend/public/index.php(52): Illuminate\\Foundation\\Http\\Kernel->handle()
#67 /home/ubuntu/escolavistaalegre/backend/vendor/laravel/framework/src/Illuminate/Foundation/resources/server.php(16): require_once('...')
#68 {main}
"}
[2025-06-03 15:23:30] PROD.ERROR: Vite manifest not found at: /home/ubuntu/escolavistaalegre/backend/public/build/manifest.json {"view":{"view":"/home/ubuntu/escolavistaalegre/backend/resources/views/layouts/public.blade.php","data":[]},"exception":"[object] (Spatie\\LaravelIgnition\\Exceptions\\ViewException(code: 0): Vite manifest not found at: /home/ubuntu/escolavistaalegre/backend/public/build/manifest.json at /home/ubuntu/escolavistaalegre/backend/vendor/laravel/framework/src/Illuminate/Foundation/Vite.php:728)
[stacktrace]
#0 /home/ubuntu/escolavistaalegre/backend/vendor/laravel/framework/src/Illuminate/Foundation/Vite.php(293): Illuminate\\Foundation\\Vite->manifest()
#1 /home/ubuntu/escolavistaalegre/backend/resources/views/layouts/public.blade.php(12): Illuminate\\Foundation\\Vite->__invoke()
#2 /home/ubuntu/escolavistaalegre/backend/vendor/laravel/framework/src/Illuminate/Filesystem/Filesystem.php(123): require('...')
#3 /home/ubuntu/escolavistaalegre/backend/vendor/laravel/framework/src/Illuminate/Filesystem/Filesystem.php(124): Illuminate\\Filesystem\\Filesystem::Illuminate\\Filesystem\\{closure}()
#4 /home/ubuntu/escolavistaalegre/backend/vendor/laravel/framework/src/Illuminate/View/Engines/PhpEngine.php(58): Illuminate\\Filesystem\\Filesystem->getRequire()
#5 /home/ubuntu/escolavistaalegre/backend/vendor/livewire/livewire/src/Mechanisms/ExtendBlade/ExtendedCompilerEngine.php(22): Illuminate\\View\\Engines\\PhpEngine->evaluatePath()
#6 /home/ubuntu/escolavistaalegre/backend/vendor/laravel/framework/src/Illuminate/View/Engines/CompilerEngine.php(72): Livewire\\Mechanisms\\ExtendBlade\\ExtendedCompilerEngine->evaluatePath()
#7 /home/ubuntu/escolavistaalegre/backend/vendor/livewire/livewire/src/Mechanisms/ExtendBlade/ExtendedCompilerEngine.php(10): Illuminate\\View\\Engines\\CompilerEngine->get()
#8 /home/ubuntu/escolavistaalegre/backend/vendor/laravel/framework/src/Illuminate/View/View.php(207): Livewire\\Mechanisms\\ExtendBlade\\ExtendedCompilerEngine->get()
#9 /home/ubuntu/escolavistaalegre/backend/vendor/laravel/framework/src/Illuminate/View/View.php(190): Illuminate\\View\\View->getContents()
#10 /home/ubuntu/escolavistaalegre/backend/vendor/laravel/framework/src/Illuminate/View/View.php(159): Illuminate\\View\\View->renderContents()
#11 /home/ubuntu/escolavistaalegre/backend/resources/views/public/home.blade.php(183): Illuminate\\View\\View->render()
#12 /home/ubuntu/escolavistaalegre/backend/vendor/laravel/framework/src/Illuminate/Filesystem/Filesystem.php(123): require('...')
#13 /home/ubuntu/escolavistaalegre/backend/vendor/laravel/framework/src/Illuminate/Filesystem/Filesystem.php(124): Illuminate\\Filesystem\\Filesystem::Illuminate\\Filesystem\\{closure}()
#14 /home/ubuntu/escolavistaalegre/backend/vendor/laravel/framework/src/Illuminate/View/Engines/PhpEngine.php(58): Illuminate\\Filesystem\\Filesystem->getRequire()
#15 /home/ubuntu/escolavistaalegre/backend/vendor/livewire/livewire/src/Mechanisms/ExtendBlade/ExtendedCompilerEngine.php(22): Illuminate\\View\\Engines\\PhpEngine->evaluatePath()
#16 /home/ubuntu/escolavistaalegre/backend/vendor/laravel/framework/src/Illuminate/View/Engines/CompilerEngine.php(72): Livewire\\Mechanisms\\ExtendBlade\\ExtendedCompilerEngine->evaluatePath()
#17 /home/ubuntu/escolavistaalegre/backend/vendor/livewire/livewire/src/Mechanisms/ExtendBlade/ExtendedCompilerEngine.php(10): Illuminate\\View\\Engines\\CompilerEngine->get()
#18 /home/ubuntu/escolavistaalegre/backend/vendor/laravel/framework/src/Illuminate/View/View.php(207): Livewire\\Mechanisms\\ExtendBlade\\ExtendedCompilerEngine->get()
#19 /home/ubuntu/escolavistaalegre/backend/vendor/laravel/framework/src/Illuminate/View/View.php(190): Illuminate\\View\\View->getContents()
#20 /home/ubuntu/escolavistaalegre/backend/vendor/laravel/framework/src/Illuminate/View/View.php(159): Illuminate\\View\\View->renderContents()
#21 /home/ubuntu/escolavistaalegre/backend/vendor/laravel/framework/src/Illuminate/Http/Response.php(69): Illuminate\\View\\View->render()
#22 /home/ubuntu/escolavistaalegre/backend/vendor/laravel/framework/src/Illuminate/Http/Response.php(35): Illuminate\\Http\\Response->setContent()
#23 /home/ubuntu/escolavistaalegre/backend/vendor/laravel/framework/src/Illuminate/Routing/Router.php(918): Illuminate\\Http\\Response->__construct()
#24 /home/ubuntu/escolavistaalegre/backend/vendor/laravel/framework/src/Illuminate/Routing/Router.php(885): Illuminate\\Routing\\Router::toResponse()
#25 /home/ubuntu/escolavistaalegre/backend/vendor/laravel/framework/src/Illuminate/Routing/Router.php(806): Illuminate\\Routing\\Router->prepareResponse()
#26 /home/ubuntu/escolavistaalegre/backend/vendor/laravel/framework/src/Illuminate/Pipeline/Pipeline.php(144): Illuminate\\Routing\\Router->Illuminate\\Routing\\{closure}()
#27 /home/ubuntu/escolavistaalegre/backend/vendor/laravel/framework/src/Illuminate/Routing/Middleware/SubstituteBindings.php(50): Illuminate\\Pipeline\\Pipeline->Illuminate\\Pipeline\\{closure}()
#28 /home/ubuntu/escolavistaalegre/backend/vendor/laravel/framework/src/Illuminate/Pipeline/Pipeline.php(183): Illuminate\\Routing\\Middleware\\SubstituteBindings->handle()
#29 /home/ubuntu/escolavistaalegre/backend/vendor/laravel/framework/src/Illuminate/Foundation/Http/Middleware/VerifyCsrfToken.php(78): Illuminate\\Pipeline\\Pipeline->Illuminate\\Pipeline\\{closure}()
#30 /home/ubuntu/escolavistaalegre/backend/vendor/laravel/framework/src/Illuminate/Pipeline/Pipeline.php(183): Illuminate\\Foundation\\Http\\Middleware\\VerifyCsrfToken->handle()
#31 /home/ubuntu/escolavistaalegre/backend/vendor/laravel/framework/src/Illuminate/View/Middleware/ShareErrorsFromSession.php(49): Illuminate\\Pipeline\\Pipeline->Illuminate\\Pipeline\\{closure}()
#32 /home/ubuntu/escolavistaalegre/backend/vendor/laravel/framework/src/Illuminate/Pipeline/Pipeline.php(183): Illuminate\\View\\Middleware\\ShareErrorsFromSession->handle()
#33 /home/ubuntu/escolavistaalegre/backend/vendor/laravel/framework/src/Illuminate/Session/Middleware/StartSession.php(121): Illuminate\\Pipeline\\Pipeline->Illuminate\\Pipeline\\{closure}()
#34 /home/ubuntu/escolavistaalegre/backend/vendor/laravel/framework/src/Illuminate/Session/Middleware/StartSession.php(64): Illuminate\\Session\\Middleware\\StartSession->handleStatefulRequest()
#35 /home/ubuntu/escolavistaalegre/backend/vendor/laravel/framework/src/Illuminate/Pipeline/Pipeline.php(183): Illuminate\\Session\\Middleware\\StartSession->handle()
#36 /home/ubuntu/escolavistaalegre/backend/vendor/laravel/framework/src/Illuminate/Cookie/Middleware/AddQueuedCookiesToResponse.php(37): Illuminate\\Pipeline\\Pipeline->Illuminate\\Pipeline\\{closure}()
#37 /home/ubuntu/escolavistaalegre/backend/vendor/laravel/framework/src/Illuminate/Pipeline/Pipeline.php(183): Illuminate\\Cookie\\Middleware\\AddQueuedCookiesToResponse->handle()
#38 /home/ubuntu/escolavistaalegre/backend/vendor/laravel/framework/src/Illuminate/Cookie/Middleware/EncryptCookies.php(67): Illuminate\\Pipeline\\Pipeline->Illuminate\\Pipeline\\{closure}()
#39 /home/ubuntu/escolavistaalegre/backend/vendor/laravel/framework/src/Illuminate/Pipeline/Pipeline.php(183): Illuminate\\Cookie\\Middleware\\EncryptCookies->handle()
#40 /home/ubuntu/escolavistaalegre/backend/vendor/laravel/framework/src/Illuminate/Pipeline/Pipeline.php(119): Illuminate\\Pipeline\\Pipeline->Illuminate\\Pipeline\\{closure}()
#41 /home/ubuntu/escolavistaalegre/backend/vendor/laravel/framework/src/Illuminate/Routing/Router.php(807): Illuminate\\Pipeline\\Pipeline->then()
#42 /home/ubuntu/escolavistaalegre/backend/vendor/laravel/framework/src/Illuminate/Routing/Router.php(784): Illuminate\\Routing\\Router->runRouteWithinStack()
#43 /home/ubuntu/escolavistaalegre/backend/vendor/laravel/framework/src/Illuminate/Routing/Router.php(748): Illuminate\\Routing\\Router->runRoute()
#44 /home/ubuntu/escolavistaalegre/backend/vendor/laravel/framework/src/Illuminate/Routing/Router.php(737): Illuminate\\Routing\\Router->dispatchToRoute()
#45 /home/ubuntu/escolavistaalegre/backend/vendor/laravel/framework/src/Illuminate/Foundation/Http/Kernel.php(200): Illuminate\\Routing\\Router->dispatch()
#46 /home/ubuntu/escolavistaalegre/backend/vendor/laravel/framework/src/Illuminate/Pipeline/Pipeline.php(144): Illuminate\\Foundation\\Http\\Kernel->Illuminate\\Foundation\\Http\\{closure}()
#47 /home/ubuntu/escolavistaalegre/backend/vendor/livewire/livewire/src/Features/SupportDisablingBackButtonCache/DisableBackButtonCacheMiddleware.php(19): Illuminate\\Pipeline\\Pipeline->Illuminate\\Pipeline\\{closure}()
#48 /home/ubuntu/escolavistaalegre/backend/vendor/laravel/framework/src/Illuminate/Pipeline/Pipeline.php(183): Livewire\\Features\\SupportDisablingBackButtonCache\\DisableBackButtonCacheMiddleware->handle()
#49 /home/ubuntu/escolavistaalegre/backend/vendor/laravel/framework/src/Illuminate/Foundation/Http/Middleware/TransformsRequest.php(21): Illuminate\\Pipeline\\Pipeline->Illuminate\\Pipeline\\{closure}()
#50 /home/ubuntu/escolavistaalegre/backend/vendor/laravel/framework/src/Illuminate/Foundation/Http/Middleware/ConvertEmptyStringsToNull.php(31): Illuminate\\Foundation\\Http\\Middleware\\TransformsRequest->handle()
#51 /home/ubuntu/escolavistaalegre/backend/vendor/laravel/framework/src/Illuminate/Pipeline/Pipeline.php(183): Illuminate\\Foundation\\Http\\Middleware\\ConvertEmptyStringsToNull->handle()
#52 /home/ubuntu/escolavistaalegre/backend/vendor/laravel/framework/src/Illuminate/Foundation/Http/Middleware/TransformsRequest.php(21): Illuminate\\Pipeline\\Pipeline->Illuminate\\Pipeline\\{closure}()
#53 /home/ubuntu/escolavistaalegre/backend/vendor/laravel/framework/src/Illuminate/Foundation/Http/Middleware/TrimStrings.php(40): Illuminate\\Foundation\\Http\\Middleware\\TransformsRequest->handle()
#54 /home/ubuntu/escolavistaalegre/backend/vendor/laravel/framework/src/Illuminate/Pipeline/Pipeline.php(183): Illuminate\\Foundation\\Http\\Middleware\\TrimStrings->handle()
#55 /home/ubuntu/escolavistaalegre/backend/vendor/laravel/framework/src/Illuminate/Foundation/Http/Middleware/ValidatePostSize.php(27): Illuminate\\Pipeline\\Pipeline->Illuminate\\Pipeline\\{closure}()
#56 /home/ubuntu/escolavistaalegre/backend/vendor/laravel/framework/src/Illuminate/Pipeline/Pipeline.php(183): Illuminate\\Foundation\\Http\\Middleware\\ValidatePostSize->handle()
#57 /home/ubuntu/escolavistaalegre/backend/vendor/laravel/framework/src/Illuminate/Foundation/Http/Middleware/PreventRequestsDuringMaintenance.php(99): Illuminate\\Pipeline\\Pipeline->Illuminate\\Pipeline\\{closure}()
#58 /home/ubuntu/escolavistaalegre/backend/vendor/laravel/framework/src/Illuminate/Pipeline/Pipeline.php(183): Illuminate\\Foundation\\Http\\Middleware\\PreventRequestsDuringMaintenance->handle()
#59 /home/ubuntu/escolavistaalegre/backend/vendor/laravel/framework/src/Illuminate/Http/Middleware/HandleCors.php(49): Illuminate\\Pipeline\\Pipeline->Illuminate\\Pipeline\\{closure}()
#60 /home/ubuntu/escolavistaalegre/backend/vendor/laravel/framework/src/Illuminate/Pipeline/Pipeline.php(183): Illuminate\\Http\\Middleware\\HandleCors->handle()
#61 /home/ubuntu/escolavistaalegre/backend/vendor/laravel/framework/src/Illuminate/Http/Middleware/TrustProxies.php(39): Illuminate\\Pipeline\\Pipeline->Illuminate\\Pipeline\\{closure}()
#62 /home/ubuntu/escolavistaalegre/backend/vendor/laravel/framework/src/Illuminate/Pipeline/Pipeline.php(183): Illuminate\\Http\\Middleware\\TrustProxies->handle()
#63 /home/ubuntu/escolavistaalegre/backend/vendor/laravel/framework/src/Illuminate/Pipeline/Pipeline.php(119): Illuminate\\Pipeline\\Pipeline->Illuminate\\Pipeline\\{closure}()
#64 /home/ubuntu/escolavistaalegre/backend/vendor/laravel/framework/src/Illuminate/Foundation/Http/Kernel.php(175): Illuminate\\Pipeline\\Pipeline->then()
#65 /home/ubuntu/escolavistaalegre/backend/vendor/laravel/framework/src/Illuminate/Foundation/Http/Kernel.php(144): Illuminate\\Foundation\\Http\\Kernel->sendRequestThroughRouter()
#66 /home/ubuntu/escolavistaalegre/backend/public/index.php(52): Illuminate\\Foundation\\Http\\Kernel->handle()
#67 /home/ubuntu/escolavistaalegre/backend/vendor/laravel/framework/src/Illuminate/Foundation/resources/server.php(16): require_once('...')
#68 {main}

[previous exception] [object] (Illuminate\\Foundation\\ViteManifestNotFoundException(code: 0): Vite manifest not found at: /home/ubuntu/escolavistaalegre/backend/public/build/manifest.json at /home/ubuntu/escolavistaalegre/backend/vendor/laravel/framework/src/Illuminate/Foundation/Vite.php:728)
[stacktrace]
#0 /home/ubuntu/escolavistaalegre/backend/vendor/laravel/framework/src/Illuminate/Foundation/Vite.php(293): Illuminate\\Foundation\\Vite->manifest()
#1 /home/ubuntu/escolavistaalegre/backend/storage/framework/views/73b68312f6fb1d7d030fa01615c1700a.php(12): Illuminate\\Foundation\\Vite->__invoke()
#2 /home/ubuntu/escolavistaalegre/backend/vendor/laravel/framework/src/Illuminate/Filesystem/Filesystem.php(123): require('...')
#3 /home/ubuntu/escolavistaalegre/backend/vendor/laravel/framework/src/Illuminate/Filesystem/Filesystem.php(124): Illuminate\\Filesystem\\Filesystem::Illuminate\\Filesystem\\{closure}()
#4 /home/ubuntu/escolavistaalegre/backend/vendor/laravel/framework/src/Illuminate/View/Engines/PhpEngine.php(58): Illuminate\\Filesystem\\Filesystem->getRequire()
#5 /home/ubuntu/escolavistaalegre/backend/vendor/livewire/livewire/src/Mechanisms/ExtendBlade/ExtendedCompilerEngine.php(22): Illuminate\\View\\Engines\\PhpEngine->evaluatePath()
#6 /home/ubuntu/escolavistaalegre/backend/vendor/laravel/framework/src/Illuminate/View/Engines/CompilerEngine.php(72): Livewire\\Mechanisms\\ExtendBlade\\ExtendedCompilerEngine->evaluatePath()
#7 /home/ubuntu/escolavistaalegre/backend/vendor/livewire/livewire/src/Mechanisms/ExtendBlade/ExtendedCompilerEngine.php(10): Illuminate\\View\\Engines\\CompilerEngine->get()
#8 /home/ubuntu/escolavistaalegre/backend/vendor/laravel/framework/src/Illuminate/View/View.php(207): Livewire\\Mechanisms\\ExtendBlade\\ExtendedCompilerEngine->get()
#9 /home/ubuntu/escolavistaalegre/backend/vendor/laravel/framework/src/Illuminate/View/View.php(190): Illuminate\\View\\View->getContents()
#10 /home/ubuntu/escolavistaalegre/backend/vendor/laravel/framework/src/Illuminate/View/View.php(159): Illuminate\\View\\View->renderContents()
#11 /home/ubuntu/escolavistaalegre/backend/storage/framework/views/b60b772f152d103dbc2ffe21a2dfce38.php(183): Illuminate\\View\\View->render()
#12 /home/ubuntu/escolavistaalegre/backend/vendor/laravel/framework/src/Illuminate/Filesystem/Filesystem.php(123): require('...')
#13 /home/ubuntu/escolavistaalegre/backend/vendor/laravel/framework/src/Illuminate/Filesystem/Filesystem.php(124): Illuminate\\Filesystem\\Filesystem::Illuminate\\Filesystem\\{closure}()
#14 /home/ubuntu/escolavistaalegre/backend/vendor/laravel/framework/src/Illuminate/View/Engines/PhpEngine.php(58): Illuminate\\Filesystem\\Filesystem->getRequire()
#15 /home/ubuntu/escolavistaalegre/backend/vendor/livewire/livewire/src/Mechanisms/ExtendBlade/ExtendedCompilerEngine.php(22): Illuminate\\View\\Engines\\PhpEngine->evaluatePath()
#16 /home/ubuntu/escolavistaalegre/backend/vendor/laravel/framework/src/Illuminate/View/Engines/CompilerEngine.php(72): Livewire\\Mechanisms\\ExtendBlade\\ExtendedCompilerEngine->evaluatePath()
#17 /home/ubuntu/escolavistaalegre/backend/vendor/livewire/livewire/src/Mechanisms/ExtendBlade/ExtendedCompilerEngine.php(10): Illuminate\\View\\Engines\\CompilerEngine->get()
#18 /home/ubuntu/escolavistaalegre/backend/vendor/laravel/framework/src/Illuminate/View/View.php(207): Livewire\\Mechanisms\\ExtendBlade\\ExtendedCompilerEngine->get()
#19 /home/ubuntu/escolavistaalegre/backend/vendor/laravel/framework/src/Illuminate/View/View.php(190): Illuminate\\View\\View->getContents()
#20 /home/ubuntu/escolavistaalegre/backend/vendor/laravel/framework/src/Illuminate/View/View.php(159): Illuminate\\View\\View->renderContents()
#21 /home/ubuntu/escolavistaalegre/backend/vendor/laravel/framework/src/Illuminate/Http/Response.php(69): Illuminate\\View\\View->render()
#22 /home/ubuntu/escolavistaalegre/backend/vendor/laravel/framework/src/Illuminate/Http/Response.php(35): Illuminate\\Http\\Response->setContent()
#23 /home/ubuntu/escolavistaalegre/backend/vendor/laravel/framework/src/Illuminate/Routing/Router.php(918): Illuminate\\Http\\Response->__construct()
#24 /home/ubuntu/escolavistaalegre/backend/vendor/laravel/framework/src/Illuminate/Routing/Router.php(885): Illuminate\\Routing\\Router::toResponse()
#25 /home/ubuntu/escolavistaalegre/backend/vendor/laravel/framework/src/Illuminate/Routing/Router.php(806): Illuminate\\Routing\\Router->prepareResponse()
#26 /home/ubuntu/escolavistaalegre/backend/vendor/laravel/framework/src/Illuminate/Pipeline/Pipeline.php(144): Illuminate\\Routing\\Router->Illuminate\\Routing\\{closure}()
#27 /home/ubuntu/escolavistaalegre/backend/vendor/laravel/framework/src/Illuminate/Routing/Middleware/SubstituteBindings.php(50): Illuminate\\Pipeline\\Pipeline->Illuminate\\Pipeline\\{closure}()
#28 /home/ubuntu/escolavistaalegre/backend/vendor/laravel/framework/src/Illuminate/Pipeline/Pipeline.php(183): Illuminate\\Routing\\Middleware\\SubstituteBindings->handle()
#29 /home/ubuntu/escolavistaalegre/backend/vendor/laravel/framework/src/Illuminate/Foundation/Http/Middleware/VerifyCsrfToken.php(78): Illuminate\\Pipeline\\Pipeline->Illuminate\\Pipeline\\{closure}()
#30 /home/ubuntu/escolavistaalegre/backend/vendor/laravel/framework/src/Illuminate/Pipeline/Pipeline.php(183): Illuminate\\Foundation\\Http\\Middleware\\VerifyCsrfToken->handle()
#31 /home/ubuntu/escolavistaalegre/backend/vendor/laravel/framework/src/Illuminate/View/Middleware/ShareErrorsFromSession.php(49): Illuminate\\Pipeline\\Pipeline->Illuminate\\Pipeline\\{closure}()
#32 /home/ubuntu/escolavistaalegre/backend/vendor/laravel/framework/src/Illuminate/Pipeline/Pipeline.php(183): Illuminate\\View\\Middleware\\ShareErrorsFromSession->handle()
#33 /home/ubuntu/escolavistaalegre/backend/vendor/laravel/framework/src/Illuminate/Session/Middleware/StartSession.php(121): Illuminate\\Pipeline\\Pipeline->Illuminate\\Pipeline\\{closure}()
#34 /home/ubuntu/escolavistaalegre/backend/vendor/laravel/framework/src/Illuminate/Session/Middleware/StartSession.php(64): Illuminate\\Session\\Middleware\\StartSession->handleStatefulRequest()
#35 /home/ubuntu/escolavistaalegre/backend/vendor/laravel/framework/src/Illuminate/Pipeline/Pipeline.php(183): Illuminate\\Session\\Middleware\\StartSession->handle()
#36 /home/ubuntu/escolavistaalegre/backend/vendor/laravel/framework/src/Illuminate/Cookie/Middleware/AddQueuedCookiesToResponse.php(37): Illuminate\\Pipeline\\Pipeline->Illuminate\\Pipeline\\{closure}()
#37 /home/ubuntu/escolavistaalegre/backend/vendor/laravel/framework/src/Illuminate/Pipeline/Pipeline.php(183): Illuminate\\Cookie\\Middleware\\AddQueuedCookiesToResponse->handle()
#38 /home/ubuntu/escolavistaalegre/backend/vendor/laravel/framework/src/Illuminate/Cookie/Middleware/EncryptCookies.php(67): Illuminate\\Pipeline\\Pipeline->Illuminate\\Pipeline\\{closure}()
#39 /home/ubuntu/escolavistaalegre/backend/vendor/laravel/framework/src/Illuminate/Pipeline/Pipeline.php(183): Illuminate\\Cookie\\Middleware\\EncryptCookies->handle()
#40 /home/ubuntu/escolavistaalegre/backend/vendor/laravel/framework/src/Illuminate/Pipeline/Pipeline.php(119): Illuminate\\Pipeline\\Pipeline->Illuminate\\Pipeline\\{closure}()
#41 /home/ubuntu/escolavistaalegre/backend/vendor/laravel/framework/src/Illuminate/Routing/Router.php(807): Illuminate\\Pipeline\\Pipeline->then()
#42 /home/ubuntu/escolavistaalegre/backend/vendor/laravel/framework/src/Illuminate/Routing/Router.php(784): Illuminate\\Routing\\Router->runRouteWithinStack()
#43 /home/ubuntu/escolavistaalegre/backend/vendor/laravel/framework/src/Illuminate/Routing/Router.php(748): Illuminate\\Routing\\Router->runRoute()
#44 /home/ubuntu/escolavistaalegre/backend/vendor/laravel/framework/src/Illuminate/Routing/Router.php(737): Illuminate\\Routing\\Router->dispatchToRoute()
#45 /home/ubuntu/escolavistaalegre/backend/vendor/laravel/framework/src/Illuminate/Foundation/Http/Kernel.php(200): Illuminate\\Routing\\Router->dispatch()
#46 /home/ubuntu/escolavistaalegre/backend/vendor/laravel/framework/src/Illuminate/Pipeline/Pipeline.php(144): Illuminate\\Foundation\\Http\\Kernel->Illuminate\\Foundation\\Http\\{closure}()
#47 /home/ubuntu/escolavistaalegre/backend/vendor/livewire/livewire/src/Features/SupportDisablingBackButtonCache/DisableBackButtonCacheMiddleware.php(19): Illuminate\\Pipeline\\Pipeline->Illuminate\\Pipeline\\{closure}()
#48 /home/ubuntu/escolavistaalegre/backend/vendor/laravel/framework/src/Illuminate/Pipeline/Pipeline.php(183): Livewire\\Features\\SupportDisablingBackButtonCache\\DisableBackButtonCacheMiddleware->handle()
#49 /home/ubuntu/escolavistaalegre/backend/vendor/laravel/framework/src/Illuminate/Foundation/Http/Middleware/TransformsRequest.php(21): Illuminate\\Pipeline\\Pipeline->Illuminate\\Pipeline\\{closure}()
#50 /home/ubuntu/escolavistaalegre/backend/vendor/laravel/framework/src/Illuminate/Foundation/Http/Middleware/ConvertEmptyStringsToNull.php(31): Illuminate\\Foundation\\Http\\Middleware\\TransformsRequest->handle()
#51 /home/ubuntu/escolavistaalegre/backend/vendor/laravel/framework/src/Illuminate/Pipeline/Pipeline.php(183): Illuminate\\Foundation\\Http\\Middleware\\ConvertEmptyStringsToNull->handle()
#52 /home/ubuntu/escolavistaalegre/backend/vendor/laravel/framework/src/Illuminate/Foundation/Http/Middleware/TransformsRequest.php(21): Illuminate\\Pipeline\\Pipeline->Illuminate\\Pipeline\\{closure}()
#53 /home/ubuntu/escolavistaalegre/backend/vendor/laravel/framework/src/Illuminate/Foundation/Http/Middleware/TrimStrings.php(40): Illuminate\\Foundation\\Http\\Middleware\\TransformsRequest->handle()
#54 /home/ubuntu/escolavistaalegre/backend/vendor/laravel/framework/src/Illuminate/Pipeline/Pipeline.php(183): Illuminate\\Foundation\\Http\\Middleware\\TrimStrings->handle()
#55 /home/ubuntu/escolavistaalegre/backend/vendor/laravel/framework/src/Illuminate/Foundation/Http/Middleware/ValidatePostSize.php(27): Illuminate\\Pipeline\\Pipeline->Illuminate\\Pipeline\\{closure}()
#56 /home/ubuntu/escolavistaalegre/backend/vendor/laravel/framework/src/Illuminate/Pipeline/Pipeline.php(183): Illuminate\\Foundation\\Http\\Middleware\\ValidatePostSize->handle()
#57 /home/ubuntu/escolavistaalegre/backend/vendor/laravel/framework/src/Illuminate/Foundation/Http/Middleware/PreventRequestsDuringMaintenance.php(99): Illuminate\\Pipeline\\Pipeline->Illuminate\\Pipeline\\{closure}()
#58 /home/ubuntu/escolavistaalegre/backend/vendor/laravel/framework/src/Illuminate/Pipeline/Pipeline.php(183): Illuminate\\Foundation\\Http\\Middleware\\PreventRequestsDuringMaintenance->handle()
#59 /home/ubuntu/escolavistaalegre/backend/vendor/laravel/framework/src/Illuminate/Http/Middleware/HandleCors.php(49): Illuminate\\Pipeline\\Pipeline->Illuminate\\Pipeline\\{closure}()
#60 /home/ubuntu/escolavistaalegre/backend/vendor/laravel/framework/src/Illuminate/Pipeline/Pipeline.php(183): Illuminate\\Http\\Middleware\\HandleCors->handle()
#61 /home/ubuntu/escolavistaalegre/backend/vendor/laravel/framework/src/Illuminate/Http/Middleware/TrustProxies.php(39): Illuminate\\Pipeline\\Pipeline->Illuminate\\Pipeline\\{closure}()
#62 /home/ubuntu/escolavistaalegre/backend/vendor/laravel/framework/src/Illuminate/Pipeline/Pipeline.php(183): Illuminate\\Http\\Middleware\\TrustProxies->handle()
#63 /home/ubuntu/escolavistaalegre/backend/vendor/laravel/framework/src/Illuminate/Pipeline/Pipeline.php(119): Illuminate\\Pipeline\\Pipeline->Illuminate\\Pipeline\\{closure}()
#64 /home/ubuntu/escolavistaalegre/backend/vendor/laravel/framework/src/Illuminate/Foundation/Http/Kernel.php(175): Illuminate\\Pipeline\\Pipeline->then()
#65 /home/ubuntu/escolavistaalegre/backend/vendor/laravel/framework/src/Illuminate/Foundation/Http/Kernel.php(144): Illuminate\\Foundation\\Http\\Kernel->sendRequestThroughRouter()
#66 /home/ubuntu/escolavistaalegre/backend/public/index.php(52): Illuminate\\Foundation\\Http\\Kernel->handle()
#67 /home/ubuntu/escolavistaalegre/backend/vendor/laravel/framework/src/Illuminate/Foundation/resources/server.php(16): require_once('...')
#68 {main}
"}
[2025-06-03 15:25:11] PROD.ERROR: Vite manifest not found at: /home/ubuntu/escolavistaalegre/backend/public/build/manifest.json {"view":{"view":"/home/ubuntu/escolavistaalegre/backend/resources/views/layouts/public.blade.php","data":[]},"exception":"[object] (Spatie\\LaravelIgnition\\Exceptions\\ViewException(code: 0): Vite manifest not found at: /home/ubuntu/escolavistaalegre/backend/public/build/manifest.json at /home/ubuntu/escolavistaalegre/backend/vendor/laravel/framework/src/Illuminate/Foundation/Vite.php:728)
[stacktrace]
#0 /home/ubuntu/escolavistaalegre/backend/vendor/laravel/framework/src/Illuminate/Foundation/Vite.php(293): Illuminate\\Foundation\\Vite->manifest()
#1 /home/ubuntu/escolavistaalegre/backend/resources/views/layouts/public.blade.php(12): Illuminate\\Foundation\\Vite->__invoke()
#2 /home/ubuntu/escolavistaalegre/backend/vendor/laravel/framework/src/Illuminate/Filesystem/Filesystem.php(123): require('...')
#3 /home/ubuntu/escolavistaalegre/backend/vendor/laravel/framework/src/Illuminate/Filesystem/Filesystem.php(124): Illuminate\\Filesystem\\Filesystem::Illuminate\\Filesystem\\{closure}()
#4 /home/ubuntu/escolavistaalegre/backend/vendor/laravel/framework/src/Illuminate/View/Engines/PhpEngine.php(58): Illuminate\\Filesystem\\Filesystem->getRequire()
#5 /home/ubuntu/escolavistaalegre/backend/vendor/livewire/livewire/src/Mechanisms/ExtendBlade/ExtendedCompilerEngine.php(22): Illuminate\\View\\Engines\\PhpEngine->evaluatePath()
#6 /home/ubuntu/escolavistaalegre/backend/vendor/laravel/framework/src/Illuminate/View/Engines/CompilerEngine.php(72): Livewire\\Mechanisms\\ExtendBlade\\ExtendedCompilerEngine->evaluatePath()
#7 /home/ubuntu/escolavistaalegre/backend/vendor/livewire/livewire/src/Mechanisms/ExtendBlade/ExtendedCompilerEngine.php(10): Illuminate\\View\\Engines\\CompilerEngine->get()
#8 /home/ubuntu/escolavistaalegre/backend/vendor/laravel/framework/src/Illuminate/View/View.php(207): Livewire\\Mechanisms\\ExtendBlade\\ExtendedCompilerEngine->get()
#9 /home/ubuntu/escolavistaalegre/backend/vendor/laravel/framework/src/Illuminate/View/View.php(190): Illuminate\\View\\View->getContents()
#10 /home/ubuntu/escolavistaalegre/backend/vendor/laravel/framework/src/Illuminate/View/View.php(159): Illuminate\\View\\View->renderContents()
#11 /home/ubuntu/escolavistaalegre/backend/resources/views/public/home.blade.php(183): Illuminate\\View\\View->render()
#12 /home/ubuntu/escolavistaalegre/backend/vendor/laravel/framework/src/Illuminate/Filesystem/Filesystem.php(123): require('...')
#13 /home/ubuntu/escolavistaalegre/backend/vendor/laravel/framework/src/Illuminate/Filesystem/Filesystem.php(124): Illuminate\\Filesystem\\Filesystem::Illuminate\\Filesystem\\{closure}()
#14 /home/ubuntu/escolavistaalegre/backend/vendor/laravel/framework/src/Illuminate/View/Engines/PhpEngine.php(58): Illuminate\\Filesystem\\Filesystem->getRequire()
#15 /home/ubuntu/escolavistaalegre/backend/vendor/livewire/livewire/src/Mechanisms/ExtendBlade/ExtendedCompilerEngine.php(22): Illuminate\\View\\Engines\\PhpEngine->evaluatePath()
#16 /home/ubuntu/escolavistaalegre/backend/vendor/laravel/framework/src/Illuminate/View/Engines/CompilerEngine.php(72): Livewire\\Mechanisms\\ExtendBlade\\ExtendedCompilerEngine->evaluatePath()
#17 /home/ubuntu/escolavistaalegre/backend/vendor/livewire/livewire/src/Mechanisms/ExtendBlade/ExtendedCompilerEngine.php(10): Illuminate\\View\\Engines\\CompilerEngine->get()
#18 /home/ubuntu/escolavistaalegre/backend/vendor/laravel/framework/src/Illuminate/View/View.php(207): Livewire\\Mechanisms\\ExtendBlade\\ExtendedCompilerEngine->get()
#19 /home/ubuntu/escolavistaalegre/backend/vendor/laravel/framework/src/Illuminate/View/View.php(190): Illuminate\\View\\View->getContents()
#20 /home/ubuntu/escolavistaalegre/backend/vendor/laravel/framework/src/Illuminate/View/View.php(159): Illuminate\\View\\View->renderContents()
#21 /home/ubuntu/escolavistaalegre/backend/vendor/laravel/framework/src/Illuminate/Http/Response.php(69): Illuminate\\View\\View->render()
#22 /home/ubuntu/escolavistaalegre/backend/vendor/laravel/framework/src/Illuminate/Http/Response.php(35): Illuminate\\Http\\Response->setContent()
#23 /home/ubuntu/escolavistaalegre/backend/vendor/laravel/framework/src/Illuminate/Routing/Router.php(918): Illuminate\\Http\\Response->__construct()
#24 /home/ubuntu/escolavistaalegre/backend/vendor/laravel/framework/src/Illuminate/Routing/Router.php(885): Illuminate\\Routing\\Router::toResponse()
#25 /home/ubuntu/escolavistaalegre/backend/vendor/laravel/framework/src/Illuminate/Routing/Router.php(806): Illuminate\\Routing\\Router->prepareResponse()
#26 /home/ubuntu/escolavistaalegre/backend/vendor/laravel/framework/src/Illuminate/Pipeline/Pipeline.php(144): Illuminate\\Routing\\Router->Illuminate\\Routing\\{closure}()
#27 /home/ubuntu/escolavistaalegre/backend/vendor/laravel/framework/src/Illuminate/Routing/Middleware/SubstituteBindings.php(50): Illuminate\\Pipeline\\Pipeline->Illuminate\\Pipeline\\{closure}()
#28 /home/ubuntu/escolavistaalegre/backend/vendor/laravel/framework/src/Illuminate/Pipeline/Pipeline.php(183): Illuminate\\Routing\\Middleware\\SubstituteBindings->handle()
#29 /home/ubuntu/escolavistaalegre/backend/vendor/laravel/framework/src/Illuminate/Foundation/Http/Middleware/VerifyCsrfToken.php(78): Illuminate\\Pipeline\\Pipeline->Illuminate\\Pipeline\\{closure}()
#30 /home/ubuntu/escolavistaalegre/backend/vendor/laravel/framework/src/Illuminate/Pipeline/Pipeline.php(183): Illuminate\\Foundation\\Http\\Middleware\\VerifyCsrfToken->handle()
#31 /home/ubuntu/escolavistaalegre/backend/vendor/laravel/framework/src/Illuminate/View/Middleware/ShareErrorsFromSession.php(49): Illuminate\\Pipeline\\Pipeline->Illuminate\\Pipeline\\{closure}()
#32 /home/ubuntu/escolavistaalegre/backend/vendor/laravel/framework/src/Illuminate/Pipeline/Pipeline.php(183): Illuminate\\View\\Middleware\\ShareErrorsFromSession->handle()
#33 /home/ubuntu/escolavistaalegre/backend/vendor/laravel/framework/src/Illuminate/Session/Middleware/StartSession.php(121): Illuminate\\Pipeline\\Pipeline->Illuminate\\Pipeline\\{closure}()
#34 /home/ubuntu/escolavistaalegre/backend/vendor/laravel/framework/src/Illuminate/Session/Middleware/StartSession.php(64): Illuminate\\Session\\Middleware\\StartSession->handleStatefulRequest()
#35 /home/ubuntu/escolavistaalegre/backend/vendor/laravel/framework/src/Illuminate/Pipeline/Pipeline.php(183): Illuminate\\Session\\Middleware\\StartSession->handle()
#36 /home/ubuntu/escolavistaalegre/backend/vendor/laravel/framework/src/Illuminate/Cookie/Middleware/AddQueuedCookiesToResponse.php(37): Illuminate\\Pipeline\\Pipeline->Illuminate\\Pipeline\\{closure}()
#37 /home/ubuntu/escolavistaalegre/backend/vendor/laravel/framework/src/Illuminate/Pipeline/Pipeline.php(183): Illuminate\\Cookie\\Middleware\\AddQueuedCookiesToResponse->handle()
#38 /home/ubuntu/escolavistaalegre/backend/vendor/laravel/framework/src/Illuminate/Cookie/Middleware/EncryptCookies.php(67): Illuminate\\Pipeline\\Pipeline->Illuminate\\Pipeline\\{closure}()
#39 /home/ubuntu/escolavistaalegre/backend/vendor/laravel/framework/src/Illuminate/Pipeline/Pipeline.php(183): Illuminate\\Cookie\\Middleware\\EncryptCookies->handle()
#40 /home/ubuntu/escolavistaalegre/backend/vendor/laravel/framework/src/Illuminate/Pipeline/Pipeline.php(119): Illuminate\\Pipeline\\Pipeline->Illuminate\\Pipeline\\{closure}()
#41 /home/ubuntu/escolavistaalegre/backend/vendor/laravel/framework/src/Illuminate/Routing/Router.php(807): Illuminate\\Pipeline\\Pipeline->then()
#42 /home/ubuntu/escolavistaalegre/backend/vendor/laravel/framework/src/Illuminate/Routing/Router.php(784): Illuminate\\Routing\\Router->runRouteWithinStack()
#43 /home/ubuntu/escolavistaalegre/backend/vendor/laravel/framework/src/Illuminate/Routing/Router.php(748): Illuminate\\Routing\\Router->runRoute()
#44 /home/ubuntu/escolavistaalegre/backend/vendor/laravel/framework/src/Illuminate/Routing/Router.php(737): Illuminate\\Routing\\Router->dispatchToRoute()
#45 /home/ubuntu/escolavistaalegre/backend/vendor/laravel/framework/src/Illuminate/Foundation/Http/Kernel.php(200): Illuminate\\Routing\\Router->dispatch()
#46 /home/ubuntu/escolavistaalegre/backend/vendor/laravel/framework/src/Illuminate/Pipeline/Pipeline.php(144): Illuminate\\Foundation\\Http\\Kernel->Illuminate\\Foundation\\Http\\{closure}()
#47 /home/ubuntu/escolavistaalegre/backend/vendor/livewire/livewire/src/Features/SupportDisablingBackButtonCache/DisableBackButtonCacheMiddleware.php(19): Illuminate\\Pipeline\\Pipeline->Illuminate\\Pipeline\\{closure}()
#48 /home/ubuntu/escolavistaalegre/backend/vendor/laravel/framework/src/Illuminate/Pipeline/Pipeline.php(183): Livewire\\Features\\SupportDisablingBackButtonCache\\DisableBackButtonCacheMiddleware->handle()
#49 /home/ubuntu/escolavistaalegre/backend/vendor/laravel/framework/src/Illuminate/Foundation/Http/Middleware/TransformsRequest.php(21): Illuminate\\Pipeline\\Pipeline->Illuminate\\Pipeline\\{closure}()
#50 /home/ubuntu/escolavistaalegre/backend/vendor/laravel/framework/src/Illuminate/Foundation/Http/Middleware/ConvertEmptyStringsToNull.php(31): Illuminate\\Foundation\\Http\\Middleware\\TransformsRequest->handle()
#51 /home/ubuntu/escolavistaalegre/backend/vendor/laravel/framework/src/Illuminate/Pipeline/Pipeline.php(183): Illuminate\\Foundation\\Http\\Middleware\\ConvertEmptyStringsToNull->handle()
#52 /home/ubuntu/escolavistaalegre/backend/vendor/laravel/framework/src/Illuminate/Foundation/Http/Middleware/TransformsRequest.php(21): Illuminate\\Pipeline\\Pipeline->Illuminate\\Pipeline\\{closure}()
#53 /home/ubuntu/escolavistaalegre/backend/vendor/laravel/framework/src/Illuminate/Foundation/Http/Middleware/TrimStrings.php(40): Illuminate\\Foundation\\Http\\Middleware\\TransformsRequest->handle()
#54 /home/ubuntu/escolavistaalegre/backend/vendor/laravel/framework/src/Illuminate/Pipeline/Pipeline.php(183): Illuminate\\Foundation\\Http\\Middleware\\TrimStrings->handle()
#55 /home/ubuntu/escolavistaalegre/backend/vendor/laravel/framework/src/Illuminate/Foundation/Http/Middleware/ValidatePostSize.php(27): Illuminate\\Pipeline\\Pipeline->Illuminate\\Pipeline\\{closure}()
#56 /home/ubuntu/escolavistaalegre/backend/vendor/laravel/framework/src/Illuminate/Pipeline/Pipeline.php(183): Illuminate\\Foundation\\Http\\Middleware\\ValidatePostSize->handle()
#57 /home/ubuntu/escolavistaalegre/backend/vendor/laravel/framework/src/Illuminate/Foundation/Http/Middleware/PreventRequestsDuringMaintenance.php(99): Illuminate\\Pipeline\\Pipeline->Illuminate\\Pipeline\\{closure}()
#58 /home/ubuntu/escolavistaalegre/backend/vendor/laravel/framework/src/Illuminate/Pipeline/Pipeline.php(183): Illuminate\\Foundation\\Http\\Middleware\\PreventRequestsDuringMaintenance->handle()
#59 /home/ubuntu/escolavistaalegre/backend/vendor/laravel/framework/src/Illuminate/Http/Middleware/HandleCors.php(49): Illuminate\\Pipeline\\Pipeline->Illuminate\\Pipeline\\{closure}()
#60 /home/ubuntu/escolavistaalegre/backend/vendor/laravel/framework/src/Illuminate/Pipeline/Pipeline.php(183): Illuminate\\Http\\Middleware\\HandleCors->handle()
#61 /home/ubuntu/escolavistaalegre/backend/vendor/laravel/framework/src/Illuminate/Http/Middleware/TrustProxies.php(39): Illuminate\\Pipeline\\Pipeline->Illuminate\\Pipeline\\{closure}()
#62 /home/ubuntu/escolavistaalegre/backend/vendor/laravel/framework/src/Illuminate/Pipeline/Pipeline.php(183): Illuminate\\Http\\Middleware\\TrustProxies->handle()
#63 /home/ubuntu/escolavistaalegre/backend/vendor/laravel/framework/src/Illuminate/Pipeline/Pipeline.php(119): Illuminate\\Pipeline\\Pipeline->Illuminate\\Pipeline\\{closure}()
#64 /home/ubuntu/escolavistaalegre/backend/vendor/laravel/framework/src/Illuminate/Foundation/Http/Kernel.php(175): Illuminate\\Pipeline\\Pipeline->then()
#65 /home/ubuntu/escolavistaalegre/backend/vendor/laravel/framework/src/Illuminate/Foundation/Http/Kernel.php(144): Illuminate\\Foundation\\Http\\Kernel->sendRequestThroughRouter()
#66 /home/ubuntu/escolavistaalegre/backend/public/index.php(52): Illuminate\\Foundation\\Http\\Kernel->handle()
#67 /home/ubuntu/escolavistaalegre/backend/vendor/laravel/framework/src/Illuminate/Foundation/resources/server.php(16): require_once('...')
#68 {main}

[previous exception] [object] (Illuminate\\Foundation\\ViteManifestNotFoundException(code: 0): Vite manifest not found at: /home/ubuntu/escolavistaalegre/backend/public/build/manifest.json at /home/ubuntu/escolavistaalegre/backend/vendor/laravel/framework/src/Illuminate/Foundation/Vite.php:728)
[stacktrace]
#0 /home/ubuntu/escolavistaalegre/backend/vendor/laravel/framework/src/Illuminate/Foundation/Vite.php(293): Illuminate\\Foundation\\Vite->manifest()
#1 /home/ubuntu/escolavistaalegre/backend/storage/framework/views/73b68312f6fb1d7d030fa01615c1700a.php(12): Illuminate\\Foundation\\Vite->__invoke()
#2 /home/ubuntu/escolavistaalegre/backend/vendor/laravel/framework/src/Illuminate/Filesystem/Filesystem.php(123): require('...')
#3 /home/ubuntu/escolavistaalegre/backend/vendor/laravel/framework/src/Illuminate/Filesystem/Filesystem.php(124): Illuminate\\Filesystem\\Filesystem::Illuminate\\Filesystem\\{closure}()
#4 /home/ubuntu/escolavistaalegre/backend/vendor/laravel/framework/src/Illuminate/View/Engines/PhpEngine.php(58): Illuminate\\Filesystem\\Filesystem->getRequire()
#5 /home/ubuntu/escolavistaalegre/backend/vendor/livewire/livewire/src/Mechanisms/ExtendBlade/ExtendedCompilerEngine.php(22): Illuminate\\View\\Engines\\PhpEngine->evaluatePath()
#6 /home/ubuntu/escolavistaalegre/backend/vendor/laravel/framework/src/Illuminate/View/Engines/CompilerEngine.php(72): Livewire\\Mechanisms\\ExtendBlade\\ExtendedCompilerEngine->evaluatePath()
#7 /home/ubuntu/escolavistaalegre/backend/vendor/livewire/livewire/src/Mechanisms/ExtendBlade/ExtendedCompilerEngine.php(10): Illuminate\\View\\Engines\\CompilerEngine->get()
#8 /home/ubuntu/escolavistaalegre/backend/vendor/laravel/framework/src/Illuminate/View/View.php(207): Livewire\\Mechanisms\\ExtendBlade\\ExtendedCompilerEngine->get()
#9 /home/ubuntu/escolavistaalegre/backend/vendor/laravel/framework/src/Illuminate/View/View.php(190): Illuminate\\View\\View->getContents()
#10 /home/ubuntu/escolavistaalegre/backend/vendor/laravel/framework/src/Illuminate/View/View.php(159): Illuminate\\View\\View->renderContents()
#11 /home/ubuntu/escolavistaalegre/backend/storage/framework/views/b60b772f152d103dbc2ffe21a2dfce38.php(183): Illuminate\\View\\View->render()
#12 /home/ubuntu/escolavistaalegre/backend/vendor/laravel/framework/src/Illuminate/Filesystem/Filesystem.php(123): require('...')
#13 /home/ubuntu/escolavistaalegre/backend/vendor/laravel/framework/src/Illuminate/Filesystem/Filesystem.php(124): Illuminate\\Filesystem\\Filesystem::Illuminate\\Filesystem\\{closure}()
#14 /home/ubuntu/escolavistaalegre/backend/vendor/laravel/framework/src/Illuminate/View/Engines/PhpEngine.php(58): Illuminate\\Filesystem\\Filesystem->getRequire()
#15 /home/ubuntu/escolavistaalegre/backend/vendor/livewire/livewire/src/Mechanisms/ExtendBlade/ExtendedCompilerEngine.php(22): Illuminate\\View\\Engines\\PhpEngine->evaluatePath()
#16 /home/ubuntu/escolavistaalegre/backend/vendor/laravel/framework/src/Illuminate/View/Engines/CompilerEngine.php(72): Livewire\\Mechanisms\\ExtendBlade\\ExtendedCompilerEngine->evaluatePath()
#17 /home/ubuntu/escolavistaalegre/backend/vendor/livewire/livewire/src/Mechanisms/ExtendBlade/ExtendedCompilerEngine.php(10): Illuminate\\View\\Engines\\CompilerEngine->get()
#18 /home/ubuntu/escolavistaalegre/backend/vendor/laravel/framework/src/Illuminate/View/View.php(207): Livewire\\Mechanisms\\ExtendBlade\\ExtendedCompilerEngine->get()
#19 /home/ubuntu/escolavistaalegre/backend/vendor/laravel/framework/src/Illuminate/View/View.php(190): Illuminate\\View\\View->getContents()
#20 /home/ubuntu/escolavistaalegre/backend/vendor/laravel/framework/src/Illuminate/View/View.php(159): Illuminate\\View\\View->renderContents()
#21 /home/ubuntu/escolavistaalegre/backend/vendor/laravel/framework/src/Illuminate/Http/Response.php(69): Illuminate\\View\\View->render()
#22 /home/ubuntu/escolavistaalegre/backend/vendor/laravel/framework/src/Illuminate/Http/Response.php(35): Illuminate\\Http\\Response->setContent()
#23 /home/ubuntu/escolavistaalegre/backend/vendor/laravel/framework/src/Illuminate/Routing/Router.php(918): Illuminate\\Http\\Response->__construct()
#24 /home/ubuntu/escolavistaalegre/backend/vendor/laravel/framework/src/Illuminate/Routing/Router.php(885): Illuminate\\Routing\\Router::toResponse()
#25 /home/ubuntu/escolavistaalegre/backend/vendor/laravel/framework/src/Illuminate/Routing/Router.php(806): Illuminate\\Routing\\Router->prepareResponse()
#26 /home/ubuntu/escolavistaalegre/backend/vendor/laravel/framework/src/Illuminate/Pipeline/Pipeline.php(144): Illuminate\\Routing\\Router->Illuminate\\Routing\\{closure}()
#27 /home/ubuntu/escolavistaalegre/backend/vendor/laravel/framework/src/Illuminate/Routing/Middleware/SubstituteBindings.php(50): Illuminate\\Pipeline\\Pipeline->Illuminate\\Pipeline\\{closure}()
#28 /home/ubuntu/escolavistaalegre/backend/vendor/laravel/framework/src/Illuminate/Pipeline/Pipeline.php(183): Illuminate\\Routing\\Middleware\\SubstituteBindings->handle()
#29 /home/ubuntu/escolavistaalegre/backend/vendor/laravel/framework/src/Illuminate/Foundation/Http/Middleware/VerifyCsrfToken.php(78): Illuminate\\Pipeline\\Pipeline->Illuminate\\Pipeline\\{closure}()
#30 /home/ubuntu/escolavistaalegre/backend/vendor/laravel/framework/src/Illuminate/Pipeline/Pipeline.php(183): Illuminate\\Foundation\\Http\\Middleware\\VerifyCsrfToken->handle()
#31 /home/ubuntu/escolavistaalegre/backend/vendor/laravel/framework/src/Illuminate/View/Middleware/ShareErrorsFromSession.php(49): Illuminate\\Pipeline\\Pipeline->Illuminate\\Pipeline\\{closure}()
#32 /home/ubuntu/escolavistaalegre/backend/vendor/laravel/framework/src/Illuminate/Pipeline/Pipeline.php(183): Illuminate\\View\\Middleware\\ShareErrorsFromSession->handle()
#33 /home/ubuntu/escolavistaalegre/backend/vendor/laravel/framework/src/Illuminate/Session/Middleware/StartSession.php(121): Illuminate\\Pipeline\\Pipeline->Illuminate\\Pipeline\\{closure}()
#34 /home/ubuntu/escolavistaalegre/backend/vendor/laravel/framework/src/Illuminate/Session/Middleware/StartSession.php(64): Illuminate\\Session\\Middleware\\StartSession->handleStatefulRequest()
#35 /home/ubuntu/escolavistaalegre/backend/vendor/laravel/framework/src/Illuminate/Pipeline/Pipeline.php(183): Illuminate\\Session\\Middleware\\StartSession->handle()
#36 /home/ubuntu/escolavistaalegre/backend/vendor/laravel/framework/src/Illuminate/Cookie/Middleware/AddQueuedCookiesToResponse.php(37): Illuminate\\Pipeline\\Pipeline->Illuminate\\Pipeline\\{closure}()
#37 /home/ubuntu/escolavistaalegre/backend/vendor/laravel/framework/src/Illuminate/Pipeline/Pipeline.php(183): Illuminate\\Cookie\\Middleware\\AddQueuedCookiesToResponse->handle()
#38 /home/ubuntu/escolavistaalegre/backend/vendor/laravel/framework/src/Illuminate/Cookie/Middleware/EncryptCookies.php(67): Illuminate\\Pipeline\\Pipeline->Illuminate\\Pipeline\\{closure}()
#39 /home/ubuntu/escolavistaalegre/backend/vendor/laravel/framework/src/Illuminate/Pipeline/Pipeline.php(183): Illuminate\\Cookie\\Middleware\\EncryptCookies->handle()
#40 /home/ubuntu/escolavistaalegre/backend/vendor/laravel/framework/src/Illuminate/Pipeline/Pipeline.php(119): Illuminate\\Pipeline\\Pipeline->Illuminate\\Pipeline\\{closure}()
#41 /home/ubuntu/escolavistaalegre/backend/vendor/laravel/framework/src/Illuminate/Routing/Router.php(807): Illuminate\\Pipeline\\Pipeline->then()
#42 /home/ubuntu/escolavistaalegre/backend/vendor/laravel/framework/src/Illuminate/Routing/Router.php(784): Illuminate\\Routing\\Router->runRouteWithinStack()
#43 /home/ubuntu/escolavistaalegre/backend/vendor/laravel/framework/src/Illuminate/Routing/Router.php(748): Illuminate\\Routing\\Router->runRoute()
#44 /home/ubuntu/escolavistaalegre/backend/vendor/laravel/framework/src/Illuminate/Routing/Router.php(737): Illuminate\\Routing\\Router->dispatchToRoute()
#45 /home/ubuntu/escolavistaalegre/backend/vendor/laravel/framework/src/Illuminate/Foundation/Http/Kernel.php(200): Illuminate\\Routing\\Router->dispatch()
#46 /home/ubuntu/escolavistaalegre/backend/vendor/laravel/framework/src/Illuminate/Pipeline/Pipeline.php(144): Illuminate\\Foundation\\Http\\Kernel->Illuminate\\Foundation\\Http\\{closure}()
#47 /home/ubuntu/escolavistaalegre/backend/vendor/livewire/livewire/src/Features/SupportDisablingBackButtonCache/DisableBackButtonCacheMiddleware.php(19): Illuminate\\Pipeline\\Pipeline->Illuminate\\Pipeline\\{closure}()
#48 /home/ubuntu/escolavistaalegre/backend/vendor/laravel/framework/src/Illuminate/Pipeline/Pipeline.php(183): Livewire\\Features\\SupportDisablingBackButtonCache\\DisableBackButtonCacheMiddleware->handle()
#49 /home/ubuntu/escolavistaalegre/backend/vendor/laravel/framework/src/Illuminate/Foundation/Http/Middleware/TransformsRequest.php(21): Illuminate\\Pipeline\\Pipeline->Illuminate\\Pipeline\\{closure}()
#50 /home/ubuntu/escolavistaalegre/backend/vendor/laravel/framework/src/Illuminate/Foundation/Http/Middleware/ConvertEmptyStringsToNull.php(31): Illuminate\\Foundation\\Http\\Middleware\\TransformsRequest->handle()
#51 /home/ubuntu/escolavistaalegre/backend/vendor/laravel/framework/src/Illuminate/Pipeline/Pipeline.php(183): Illuminate\\Foundation\\Http\\Middleware\\ConvertEmptyStringsToNull->handle()
#52 /home/ubuntu/escolavistaalegre/backend/vendor/laravel/framework/src/Illuminate/Foundation/Http/Middleware/TransformsRequest.php(21): Illuminate\\Pipeline\\Pipeline->Illuminate\\Pipeline\\{closure}()
#53 /home/ubuntu/escolavistaalegre/backend/vendor/laravel/framework/src/Illuminate/Foundation/Http/Middleware/TrimStrings.php(40): Illuminate\\Foundation\\Http\\Middleware\\TransformsRequest->handle()
#54 /home/ubuntu/escolavistaalegre/backend/vendor/laravel/framework/src/Illuminate/Pipeline/Pipeline.php(183): Illuminate\\Foundation\\Http\\Middleware\\TrimStrings->handle()
#55 /home/ubuntu/escolavistaalegre/backend/vendor/laravel/framework/src/Illuminate/Foundation/Http/Middleware/ValidatePostSize.php(27): Illuminate\\Pipeline\\Pipeline->Illuminate\\Pipeline\\{closure}()
#56 /home/ubuntu/escolavistaalegre/backend/vendor/laravel/framework/src/Illuminate/Pipeline/Pipeline.php(183): Illuminate\\Foundation\\Http\\Middleware\\ValidatePostSize->handle()
#57 /home/ubuntu/escolavistaalegre/backend/vendor/laravel/framework/src/Illuminate/Foundation/Http/Middleware/PreventRequestsDuringMaintenance.php(99): Illuminate\\Pipeline\\Pipeline->Illuminate\\Pipeline\\{closure}()
#58 /home/ubuntu/escolavistaalegre/backend/vendor/laravel/framework/src/Illuminate/Pipeline/Pipeline.php(183): Illuminate\\Foundation\\Http\\Middleware\\PreventRequestsDuringMaintenance->handle()
#59 /home/ubuntu/escolavistaalegre/backend/vendor/laravel/framework/src/Illuminate/Http/Middleware/HandleCors.php(49): Illuminate\\Pipeline\\Pipeline->Illuminate\\Pipeline\\{closure}()
#60 /home/ubuntu/escolavistaalegre/backend/vendor/laravel/framework/src/Illuminate/Pipeline/Pipeline.php(183): Illuminate\\Http\\Middleware\\HandleCors->handle()
#61 /home/ubuntu/escolavistaalegre/backend/vendor/laravel/framework/src/Illuminate/Http/Middleware/TrustProxies.php(39): Illuminate\\Pipeline\\Pipeline->Illuminate\\Pipeline\\{closure}()
#62 /home/ubuntu/escolavistaalegre/backend/vendor/laravel/framework/src/Illuminate/Pipeline/Pipeline.php(183): Illuminate\\Http\\Middleware\\TrustProxies->handle()
#63 /home/ubuntu/escolavistaalegre/backend/vendor/laravel/framework/src/Illuminate/Pipeline/Pipeline.php(119): Illuminate\\Pipeline\\Pipeline->Illuminate\\Pipeline\\{closure}()
#64 /home/ubuntu/escolavistaalegre/backend/vendor/laravel/framework/src/Illuminate/Foundation/Http/Kernel.php(175): Illuminate\\Pipeline\\Pipeline->then()
#65 /home/ubuntu/escolavistaalegre/backend/vendor/laravel/framework/src/Illuminate/Foundation/Http/Kernel.php(144): Illuminate\\Foundation\\Http\\Kernel->sendRequestThroughRouter()
#66 /home/ubuntu/escolavistaalegre/backend/public/index.php(52): Illuminate\\Foundation\\Http\\Kernel->handle()
#67 /home/ubuntu/escolavistaalegre/backend/vendor/laravel/framework/src/Illuminate/Foundation/resources/server.php(16): require_once('...')
#68 {main}
"}
[2025-06-03 15:25:11] PROD.ERROR: Vite manifest not found at: /home/ubuntu/escolavistaalegre/backend/public/build/manifest.json {"view":{"view":"/home/ubuntu/escolavistaalegre/backend/resources/views/layouts/public.blade.php","data":[]},"exception":"[object] (Spatie\\LaravelIgnition\\Exceptions\\ViewException(code: 0): Vite manifest not found at: /home/ubuntu/escolavistaalegre/backend/public/build/manifest.json at /home/ubuntu/escolavistaalegre/backend/vendor/laravel/framework/src/Illuminate/Foundation/Vite.php:728)
[stacktrace]
#0 /home/ubuntu/escolavistaalegre/backend/vendor/laravel/framework/src/Illuminate/Foundation/Vite.php(293): Illuminate\\Foundation\\Vite->manifest()
#1 /home/ubuntu/escolavistaalegre/backend/resources/views/layouts/public.blade.php(12): Illuminate\\Foundation\\Vite->__invoke()
#2 /home/ubuntu/escolavistaalegre/backend/vendor/laravel/framework/src/Illuminate/Filesystem/Filesystem.php(123): require('...')
#3 /home/ubuntu/escolavistaalegre/backend/vendor/laravel/framework/src/Illuminate/Filesystem/Filesystem.php(124): Illuminate\\Filesystem\\Filesystem::Illuminate\\Filesystem\\{closure}()
#4 /home/ubuntu/escolavistaalegre/backend/vendor/laravel/framework/src/Illuminate/View/Engines/PhpEngine.php(58): Illuminate\\Filesystem\\Filesystem->getRequire()
#5 /home/ubuntu/escolavistaalegre/backend/vendor/livewire/livewire/src/Mechanisms/ExtendBlade/ExtendedCompilerEngine.php(22): Illuminate\\View\\Engines\\PhpEngine->evaluatePath()
#6 /home/ubuntu/escolavistaalegre/backend/vendor/laravel/framework/src/Illuminate/View/Engines/CompilerEngine.php(72): Livewire\\Mechanisms\\ExtendBlade\\ExtendedCompilerEngine->evaluatePath()
#7 /home/ubuntu/escolavistaalegre/backend/vendor/livewire/livewire/src/Mechanisms/ExtendBlade/ExtendedCompilerEngine.php(10): Illuminate\\View\\Engines\\CompilerEngine->get()
#8 /home/ubuntu/escolavistaalegre/backend/vendor/laravel/framework/src/Illuminate/View/View.php(207): Livewire\\Mechanisms\\ExtendBlade\\ExtendedCompilerEngine->get()
#9 /home/ubuntu/escolavistaalegre/backend/vendor/laravel/framework/src/Illuminate/View/View.php(190): Illuminate\\View\\View->getContents()
#10 /home/ubuntu/escolavistaalegre/backend/vendor/laravel/framework/src/Illuminate/View/View.php(159): Illuminate\\View\\View->renderContents()
#11 /home/ubuntu/escolavistaalegre/backend/resources/views/public/home.blade.php(183): Illuminate\\View\\View->render()
#12 /home/ubuntu/escolavistaalegre/backend/vendor/laravel/framework/src/Illuminate/Filesystem/Filesystem.php(123): require('...')
#13 /home/ubuntu/escolavistaalegre/backend/vendor/laravel/framework/src/Illuminate/Filesystem/Filesystem.php(124): Illuminate\\Filesystem\\Filesystem::Illuminate\\Filesystem\\{closure}()
#14 /home/ubuntu/escolavistaalegre/backend/vendor/laravel/framework/src/Illuminate/View/Engines/PhpEngine.php(58): Illuminate\\Filesystem\\Filesystem->getRequire()
#15 /home/ubuntu/escolavistaalegre/backend/vendor/livewire/livewire/src/Mechanisms/ExtendBlade/ExtendedCompilerEngine.php(22): Illuminate\\View\\Engines\\PhpEngine->evaluatePath()
#16 /home/ubuntu/escolavistaalegre/backend/vendor/laravel/framework/src/Illuminate/View/Engines/CompilerEngine.php(72): Livewire\\Mechanisms\\ExtendBlade\\ExtendedCompilerEngine->evaluatePath()
#17 /home/ubuntu/escolavistaalegre/backend/vendor/livewire/livewire/src/Mechanisms/ExtendBlade/ExtendedCompilerEngine.php(10): Illuminate\\View\\Engines\\CompilerEngine->get()
#18 /home/ubuntu/escolavistaalegre/backend/vendor/laravel/framework/src/Illuminate/View/View.php(207): Livewire\\Mechanisms\\ExtendBlade\\ExtendedCompilerEngine->get()
#19 /home/ubuntu/escolavistaalegre/backend/vendor/laravel/framework/src/Illuminate/View/View.php(190): Illuminate\\View\\View->getContents()
#20 /home/ubuntu/escolavistaalegre/backend/vendor/laravel/framework/src/Illuminate/View/View.php(159): Illuminate\\View\\View->renderContents()
#21 /home/ubuntu/escolavistaalegre/backend/vendor/laravel/framework/src/Illuminate/Http/Response.php(69): Illuminate\\View\\View->render()
#22 /home/ubuntu/escolavistaalegre/backend/vendor/laravel/framework/src/Illuminate/Http/Response.php(35): Illuminate\\Http\\Response->setContent()
#23 /home/ubuntu/escolavistaalegre/backend/vendor/laravel/framework/src/Illuminate/Routing/Router.php(918): Illuminate\\Http\\Response->__construct()
#24 /home/ubuntu/escolavistaalegre/backend/vendor/laravel/framework/src/Illuminate/Routing/Router.php(885): Illuminate\\Routing\\Router::toResponse()
#25 /home/ubuntu/escolavistaalegre/backend/vendor/laravel/framework/src/Illuminate/Routing/Router.php(806): Illuminate\\Routing\\Router->prepareResponse()
#26 /home/ubuntu/escolavistaalegre/backend/vendor/laravel/framework/src/Illuminate/Pipeline/Pipeline.php(144): Illuminate\\Routing\\Router->Illuminate\\Routing\\{closure}()
#27 /home/ubuntu/escolavistaalegre/backend/vendor/laravel/framework/src/Illuminate/Routing/Middleware/SubstituteBindings.php(50): Illuminate\\Pipeline\\Pipeline->Illuminate\\Pipeline\\{closure}()
#28 /home/ubuntu/escolavistaalegre/backend/vendor/laravel/framework/src/Illuminate/Pipeline/Pipeline.php(183): Illuminate\\Routing\\Middleware\\SubstituteBindings->handle()
#29 /home/ubuntu/escolavistaalegre/backend/vendor/laravel/framework/src/Illuminate/Foundation/Http/Middleware/VerifyCsrfToken.php(78): Illuminate\\Pipeline\\Pipeline->Illuminate\\Pipeline\\{closure}()
#30 /home/ubuntu/escolavistaalegre/backend/vendor/laravel/framework/src/Illuminate/Pipeline/Pipeline.php(183): Illuminate\\Foundation\\Http\\Middleware\\VerifyCsrfToken->handle()
#31 /home/ubuntu/escolavistaalegre/backend/vendor/laravel/framework/src/Illuminate/View/Middleware/ShareErrorsFromSession.php(49): Illuminate\\Pipeline\\Pipeline->Illuminate\\Pipeline\\{closure}()
#32 /home/ubuntu/escolavistaalegre/backend/vendor/laravel/framework/src/Illuminate/Pipeline/Pipeline.php(183): Illuminate\\View\\Middleware\\ShareErrorsFromSession->handle()
#33 /home/ubuntu/escolavistaalegre/backend/vendor/laravel/framework/src/Illuminate/Session/Middleware/StartSession.php(121): Illuminate\\Pipeline\\Pipeline->Illuminate\\Pipeline\\{closure}()
#34 /home/ubuntu/escolavistaalegre/backend/vendor/laravel/framework/src/Illuminate/Session/Middleware/StartSession.php(64): Illuminate\\Session\\Middleware\\StartSession->handleStatefulRequest()
#35 /home/ubuntu/escolavistaalegre/backend/vendor/laravel/framework/src/Illuminate/Pipeline/Pipeline.php(183): Illuminate\\Session\\Middleware\\StartSession->handle()
#36 /home/ubuntu/escolavistaalegre/backend/vendor/laravel/framework/src/Illuminate/Cookie/Middleware/AddQueuedCookiesToResponse.php(37): Illuminate\\Pipeline\\Pipeline->Illuminate\\Pipeline\\{closure}()
#37 /home/ubuntu/escolavistaalegre/backend/vendor/laravel/framework/src/Illuminate/Pipeline/Pipeline.php(183): Illuminate\\Cookie\\Middleware\\AddQueuedCookiesToResponse->handle()
#38 /home/ubuntu/escolavistaalegre/backend/vendor/laravel/framework/src/Illuminate/Cookie/Middleware/EncryptCookies.php(67): Illuminate\\Pipeline\\Pipeline->Illuminate\\Pipeline\\{closure}()
#39 /home/ubuntu/escolavistaalegre/backend/vendor/laravel/framework/src/Illuminate/Pipeline/Pipeline.php(183): Illuminate\\Cookie\\Middleware\\EncryptCookies->handle()
#40 /home/ubuntu/escolavistaalegre/backend/vendor/laravel/framework/src/Illuminate/Pipeline/Pipeline.php(119): Illuminate\\Pipeline\\Pipeline->Illuminate\\Pipeline\\{closure}()
#41 /home/ubuntu/escolavistaalegre/backend/vendor/laravel/framework/src/Illuminate/Routing/Router.php(807): Illuminate\\Pipeline\\Pipeline->then()
#42 /home/ubuntu/escolavistaalegre/backend/vendor/laravel/framework/src/Illuminate/Routing/Router.php(784): Illuminate\\Routing\\Router->runRouteWithinStack()
#43 /home/ubuntu/escolavistaalegre/backend/vendor/laravel/framework/src/Illuminate/Routing/Router.php(748): Illuminate\\Routing\\Router->runRoute()
#44 /home/ubuntu/escolavistaalegre/backend/vendor/laravel/framework/src/Illuminate/Routing/Router.php(737): Illuminate\\Routing\\Router->dispatchToRoute()
#45 /home/ubuntu/escolavistaalegre/backend/vendor/laravel/framework/src/Illuminate/Foundation/Http/Kernel.php(200): Illuminate\\Routing\\Router->dispatch()
#46 /home/ubuntu/escolavistaalegre/backend/vendor/laravel/framework/src/Illuminate/Pipeline/Pipeline.php(144): Illuminate\\Foundation\\Http\\Kernel->Illuminate\\Foundation\\Http\\{closure}()
#47 /home/ubuntu/escolavistaalegre/backend/vendor/livewire/livewire/src/Features/SupportDisablingBackButtonCache/DisableBackButtonCacheMiddleware.php(19): Illuminate\\Pipeline\\Pipeline->Illuminate\\Pipeline\\{closure}()
#48 /home/ubuntu/escolavistaalegre/backend/vendor/laravel/framework/src/Illuminate/Pipeline/Pipeline.php(183): Livewire\\Features\\SupportDisablingBackButtonCache\\DisableBackButtonCacheMiddleware->handle()
#49 /home/ubuntu/escolavistaalegre/backend/vendor/laravel/framework/src/Illuminate/Foundation/Http/Middleware/TransformsRequest.php(21): Illuminate\\Pipeline\\Pipeline->Illuminate\\Pipeline\\{closure}()
#50 /home/ubuntu/escolavistaalegre/backend/vendor/laravel/framework/src/Illuminate/Foundation/Http/Middleware/ConvertEmptyStringsToNull.php(31): Illuminate\\Foundation\\Http\\Middleware\\TransformsRequest->handle()
#51 /home/ubuntu/escolavistaalegre/backend/vendor/laravel/framework/src/Illuminate/Pipeline/Pipeline.php(183): Illuminate\\Foundation\\Http\\Middleware\\ConvertEmptyStringsToNull->handle()
#52 /home/ubuntu/escolavistaalegre/backend/vendor/laravel/framework/src/Illuminate/Foundation/Http/Middleware/TransformsRequest.php(21): Illuminate\\Pipeline\\Pipeline->Illuminate\\Pipeline\\{closure}()
#53 /home/ubuntu/escolavistaalegre/backend/vendor/laravel/framework/src/Illuminate/Foundation/Http/Middleware/TrimStrings.php(40): Illuminate\\Foundation\\Http\\Middleware\\TransformsRequest->handle()
#54 /home/ubuntu/escolavistaalegre/backend/vendor/laravel/framework/src/Illuminate/Pipeline/Pipeline.php(183): Illuminate\\Foundation\\Http\\Middleware\\TrimStrings->handle()
#55 /home/ubuntu/escolavistaalegre/backend/vendor/laravel/framework/src/Illuminate/Foundation/Http/Middleware/ValidatePostSize.php(27): Illuminate\\Pipeline\\Pipeline->Illuminate\\Pipeline\\{closure}()
#56 /home/ubuntu/escolavistaalegre/backend/vendor/laravel/framework/src/Illuminate/Pipeline/Pipeline.php(183): Illuminate\\Foundation\\Http\\Middleware\\ValidatePostSize->handle()
#57 /home/ubuntu/escolavistaalegre/backend/vendor/laravel/framework/src/Illuminate/Foundation/Http/Middleware/PreventRequestsDuringMaintenance.php(99): Illuminate\\Pipeline\\Pipeline->Illuminate\\Pipeline\\{closure}()
#58 /home/ubuntu/escolavistaalegre/backend/vendor/laravel/framework/src/Illuminate/Pipeline/Pipeline.php(183): Illuminate\\Foundation\\Http\\Middleware\\PreventRequestsDuringMaintenance->handle()
#59 /home/ubuntu/escolavistaalegre/backend/vendor/laravel/framework/src/Illuminate/Http/Middleware/HandleCors.php(49): Illuminate\\Pipeline\\Pipeline->Illuminate\\Pipeline\\{closure}()
#60 /home/ubuntu/escolavistaalegre/backend/vendor/laravel/framework/src/Illuminate/Pipeline/Pipeline.php(183): Illuminate\\Http\\Middleware\\HandleCors->handle()
#61 /home/ubuntu/escolavistaalegre/backend/vendor/laravel/framework/src/Illuminate/Http/Middleware/TrustProxies.php(39): Illuminate\\Pipeline\\Pipeline->Illuminate\\Pipeline\\{closure}()
#62 /home/ubuntu/escolavistaalegre/backend/vendor/laravel/framework/src/Illuminate/Pipeline/Pipeline.php(183): Illuminate\\Http\\Middleware\\TrustProxies->handle()
#63 /home/ubuntu/escolavistaalegre/backend/vendor/laravel/framework/src/Illuminate/Pipeline/Pipeline.php(119): Illuminate\\Pipeline\\Pipeline->Illuminate\\Pipeline\\{closure}()
#64 /home/ubuntu/escolavistaalegre/backend/vendor/laravel/framework/src/Illuminate/Foundation/Http/Kernel.php(175): Illuminate\\Pipeline\\Pipeline->then()
#65 /home/ubuntu/escolavistaalegre/backend/vendor/laravel/framework/src/Illuminate/Foundation/Http/Kernel.php(144): Illuminate\\Foundation\\Http\\Kernel->sendRequestThroughRouter()
#66 /home/ubuntu/escolavistaalegre/backend/public/index.php(52): Illuminate\\Foundation\\Http\\Kernel->handle()
#67 /home/ubuntu/escolavistaalegre/backend/vendor/laravel/framework/src/Illuminate/Foundation/resources/server.php(16): require_once('...')
#68 {main}

[previous exception] [object] (Illuminate\\Foundation\\ViteManifestNotFoundException(code: 0): Vite manifest not found at: /home/ubuntu/escolavistaalegre/backend/public/build/manifest.json at /home/ubuntu/escolavistaalegre/backend/vendor/laravel/framework/src/Illuminate/Foundation/Vite.php:728)
[stacktrace]
#0 /home/ubuntu/escolavistaalegre/backend/vendor/laravel/framework/src/Illuminate/Foundation/Vite.php(293): Illuminate\\Foundation\\Vite->manifest()
#1 /home/ubuntu/escolavistaalegre/backend/storage/framework/views/73b68312f6fb1d7d030fa01615c1700a.php(12): Illuminate\\Foundation\\Vite->__invoke()
#2 /home/ubuntu/escolavistaalegre/backend/vendor/laravel/framework/src/Illuminate/Filesystem/Filesystem.php(123): require('...')
#3 /home/ubuntu/escolavistaalegre/backend/vendor/laravel/framework/src/Illuminate/Filesystem/Filesystem.php(124): Illuminate\\Filesystem\\Filesystem::Illuminate\\Filesystem\\{closure}()
#4 /home/ubuntu/escolavistaalegre/backend/vendor/laravel/framework/src/Illuminate/View/Engines/PhpEngine.php(58): Illuminate\\Filesystem\\Filesystem->getRequire()
#5 /home/ubuntu/escolavistaalegre/backend/vendor/livewire/livewire/src/Mechanisms/ExtendBlade/ExtendedCompilerEngine.php(22): Illuminate\\View\\Engines\\PhpEngine->evaluatePath()
#6 /home/ubuntu/escolavistaalegre/backend/vendor/laravel/framework/src/Illuminate/View/Engines/CompilerEngine.php(72): Livewire\\Mechanisms\\ExtendBlade\\ExtendedCompilerEngine->evaluatePath()
#7 /home/ubuntu/escolavistaalegre/backend/vendor/livewire/livewire/src/Mechanisms/ExtendBlade/ExtendedCompilerEngine.php(10): Illuminate\\View\\Engines\\CompilerEngine->get()
#8 /home/ubuntu/escolavistaalegre/backend/vendor/laravel/framework/src/Illuminate/View/View.php(207): Livewire\\Mechanisms\\ExtendBlade\\ExtendedCompilerEngine->get()
#9 /home/ubuntu/escolavistaalegre/backend/vendor/laravel/framework/src/Illuminate/View/View.php(190): Illuminate\\View\\View->getContents()
#10 /home/ubuntu/escolavistaalegre/backend/vendor/laravel/framework/src/Illuminate/View/View.php(159): Illuminate\\View\\View->renderContents()
#11 /home/ubuntu/escolavistaalegre/backend/storage/framework/views/b60b772f152d103dbc2ffe21a2dfce38.php(183): Illuminate\\View\\View->render()
#12 /home/ubuntu/escolavistaalegre/backend/vendor/laravel/framework/src/Illuminate/Filesystem/Filesystem.php(123): require('...')
#13 /home/ubuntu/escolavistaalegre/backend/vendor/laravel/framework/src/Illuminate/Filesystem/Filesystem.php(124): Illuminate\\Filesystem\\Filesystem::Illuminate\\Filesystem\\{closure}()
#14 /home/ubuntu/escolavistaalegre/backend/vendor/laravel/framework/src/Illuminate/View/Engines/PhpEngine.php(58): Illuminate\\Filesystem\\Filesystem->getRequire()
#15 /home/ubuntu/escolavistaalegre/backend/vendor/livewire/livewire/src/Mechanisms/ExtendBlade/ExtendedCompilerEngine.php(22): Illuminate\\View\\Engines\\PhpEngine->evaluatePath()
#16 /home/ubuntu/escolavistaalegre/backend/vendor/laravel/framework/src/Illuminate/View/Engines/CompilerEngine.php(72): Livewire\\Mechanisms\\ExtendBlade\\ExtendedCompilerEngine->evaluatePath()
#17 /home/ubuntu/escolavistaalegre/backend/vendor/livewire/livewire/src/Mechanisms/ExtendBlade/ExtendedCompilerEngine.php(10): Illuminate\\View\\Engines\\CompilerEngine->get()
#18 /home/ubuntu/escolavistaalegre/backend/vendor/laravel/framework/src/Illuminate/View/View.php(207): Livewire\\Mechanisms\\ExtendBlade\\ExtendedCompilerEngine->get()
#19 /home/ubuntu/escolavistaalegre/backend/vendor/laravel/framework/src/Illuminate/View/View.php(190): Illuminate\\View\\View->getContents()
#20 /home/ubuntu/escolavistaalegre/backend/vendor/laravel/framework/src/Illuminate/View/View.php(159): Illuminate\\View\\View->renderContents()
#21 /home/ubuntu/escolavistaalegre/backend/vendor/laravel/framework/src/Illuminate/Http/Response.php(69): Illuminate\\View\\View->render()
#22 /home/ubuntu/escolavistaalegre/backend/vendor/laravel/framework/src/Illuminate/Http/Response.php(35): Illuminate\\Http\\Response->setContent()
#23 /home/ubuntu/escolavistaalegre/backend/vendor/laravel/framework/src/Illuminate/Routing/Router.php(918): Illuminate\\Http\\Response->__construct()
#24 /home/ubuntu/escolavistaalegre/backend/vendor/laravel/framework/src/Illuminate/Routing/Router.php(885): Illuminate\\Routing\\Router::toResponse()
#25 /home/ubuntu/escolavistaalegre/backend/vendor/laravel/framework/src/Illuminate/Routing/Router.php(806): Illuminate\\Routing\\Router->prepareResponse()
#26 /home/ubuntu/escolavistaalegre/backend/vendor/laravel/framework/src/Illuminate/Pipeline/Pipeline.php(144): Illuminate\\Routing\\Router->Illuminate\\Routing\\{closure}()
#27 /home/ubuntu/escolavistaalegre/backend/vendor/laravel/framework/src/Illuminate/Routing/Middleware/SubstituteBindings.php(50): Illuminate\\Pipeline\\Pipeline->Illuminate\\Pipeline\\{closure}()
#28 /home/ubuntu/escolavistaalegre/backend/vendor/laravel/framework/src/Illuminate/Pipeline/Pipeline.php(183): Illuminate\\Routing\\Middleware\\SubstituteBindings->handle()
#29 /home/ubuntu/escolavistaalegre/backend/vendor/laravel/framework/src/Illuminate/Foundation/Http/Middleware/VerifyCsrfToken.php(78): Illuminate\\Pipeline\\Pipeline->Illuminate\\Pipeline\\{closure}()
#30 /home/ubuntu/escolavistaalegre/backend/vendor/laravel/framework/src/Illuminate/Pipeline/Pipeline.php(183): Illuminate\\Foundation\\Http\\Middleware\\VerifyCsrfToken->handle()
#31 /home/ubuntu/escolavistaalegre/backend/vendor/laravel/framework/src/Illuminate/View/Middleware/ShareErrorsFromSession.php(49): Illuminate\\Pipeline\\Pipeline->Illuminate\\Pipeline\\{closure}()
#32 /home/ubuntu/escolavistaalegre/backend/vendor/laravel/framework/src/Illuminate/Pipeline/Pipeline.php(183): Illuminate\\View\\Middleware\\ShareErrorsFromSession->handle()
#33 /home/ubuntu/escolavistaalegre/backend/vendor/laravel/framework/src/Illuminate/Session/Middleware/StartSession.php(121): Illuminate\\Pipeline\\Pipeline->Illuminate\\Pipeline\\{closure}()
#34 /home/ubuntu/escolavistaalegre/backend/vendor/laravel/framework/src/Illuminate/Session/Middleware/StartSession.php(64): Illuminate\\Session\\Middleware\\StartSession->handleStatefulRequest()
#35 /home/ubuntu/escolavistaalegre/backend/vendor/laravel/framework/src/Illuminate/Pipeline/Pipeline.php(183): Illuminate\\Session\\Middleware\\StartSession->handle()
#36 /home/ubuntu/escolavistaalegre/backend/vendor/laravel/framework/src/Illuminate/Cookie/Middleware/AddQueuedCookiesToResponse.php(37): Illuminate\\Pipeline\\Pipeline->Illuminate\\Pipeline\\{closure}()
#37 /home/ubuntu/escolavistaalegre/backend/vendor/laravel/framework/src/Illuminate/Pipeline/Pipeline.php(183): Illuminate\\Cookie\\Middleware\\AddQueuedCookiesToResponse->handle()
#38 /home/ubuntu/escolavistaalegre/backend/vendor/laravel/framework/src/Illuminate/Cookie/Middleware/EncryptCookies.php(67): Illuminate\\Pipeline\\Pipeline->Illuminate\\Pipeline\\{closure}()
#39 /home/ubuntu/escolavistaalegre/backend/vendor/laravel/framework/src/Illuminate/Pipeline/Pipeline.php(183): Illuminate\\Cookie\\Middleware\\EncryptCookies->handle()
#40 /home/ubuntu/escolavistaalegre/backend/vendor/laravel/framework/src/Illuminate/Pipeline/Pipeline.php(119): Illuminate\\Pipeline\\Pipeline->Illuminate\\Pipeline\\{closure}()
#41 /home/ubuntu/escolavistaalegre/backend/vendor/laravel/framework/src/Illuminate/Routing/Router.php(807): Illuminate\\Pipeline\\Pipeline->then()
#42 /home/ubuntu/escolavistaalegre/backend/vendor/laravel/framework/src/Illuminate/Routing/Router.php(784): Illuminate\\Routing\\Router->runRouteWithinStack()
#43 /home/ubuntu/escolavistaalegre/backend/vendor/laravel/framework/src/Illuminate/Routing/Router.php(748): Illuminate\\Routing\\Router->runRoute()
#44 /home/ubuntu/escolavistaalegre/backend/vendor/laravel/framework/src/Illuminate/Routing/Router.php(737): Illuminate\\Routing\\Router->dispatchToRoute()
#45 /home/ubuntu/escolavistaalegre/backend/vendor/laravel/framework/src/Illuminate/Foundation/Http/Kernel.php(200): Illuminate\\Routing\\Router->dispatch()
#46 /home/ubuntu/escolavistaalegre/backend/vendor/laravel/framework/src/Illuminate/Pipeline/Pipeline.php(144): Illuminate\\Foundation\\Http\\Kernel->Illuminate\\Foundation\\Http\\{closure}()
#47 /home/ubuntu/escolavistaalegre/backend/vendor/livewire/livewire/src/Features/SupportDisablingBackButtonCache/DisableBackButtonCacheMiddleware.php(19): Illuminate\\Pipeline\\Pipeline->Illuminate\\Pipeline\\{closure}()
#48 /home/ubuntu/escolavistaalegre/backend/vendor/laravel/framework/src/Illuminate/Pipeline/Pipeline.php(183): Livewire\\Features\\SupportDisablingBackButtonCache\\DisableBackButtonCacheMiddleware->handle()
#49 /home/ubuntu/escolavistaalegre/backend/vendor/laravel/framework/src/Illuminate/Foundation/Http/Middleware/TransformsRequest.php(21): Illuminate\\Pipeline\\Pipeline->Illuminate\\Pipeline\\{closure}()
#50 /home/ubuntu/escolavistaalegre/backend/vendor/laravel/framework/src/Illuminate/Foundation/Http/Middleware/ConvertEmptyStringsToNull.php(31): Illuminate\\Foundation\\Http\\Middleware\\TransformsRequest->handle()
#51 /home/ubuntu/escolavistaalegre/backend/vendor/laravel/framework/src/Illuminate/Pipeline/Pipeline.php(183): Illuminate\\Foundation\\Http\\Middleware\\ConvertEmptyStringsToNull->handle()
#52 /home/ubuntu/escolavistaalegre/backend/vendor/laravel/framework/src/Illuminate/Foundation/Http/Middleware/TransformsRequest.php(21): Illuminate\\Pipeline\\Pipeline->Illuminate\\Pipeline\\{closure}()
#53 /home/ubuntu/escolavistaalegre/backend/vendor/laravel/framework/src/Illuminate/Foundation/Http/Middleware/TrimStrings.php(40): Illuminate\\Foundation\\Http\\Middleware\\TransformsRequest->handle()
#54 /home/ubuntu/escolavistaalegre/backend/vendor/laravel/framework/src/Illuminate/Pipeline/Pipeline.php(183): Illuminate\\Foundation\\Http\\Middleware\\TrimStrings->handle()
#55 /home/ubuntu/escolavistaalegre/backend/vendor/laravel/framework/src/Illuminate/Foundation/Http/Middleware/ValidatePostSize.php(27): Illuminate\\Pipeline\\Pipeline->Illuminate\\Pipeline\\{closure}()
#56 /home/ubuntu/escolavistaalegre/backend/vendor/laravel/framework/src/Illuminate/Pipeline/Pipeline.php(183): Illuminate\\Foundation\\Http\\Middleware\\ValidatePostSize->handle()
#57 /home/ubuntu/escolavistaalegre/backend/vendor/laravel/framework/src/Illuminate/Foundation/Http/Middleware/PreventRequestsDuringMaintenance.php(99): Illuminate\\Pipeline\\Pipeline->Illuminate\\Pipeline\\{closure}()
#58 /home/ubuntu/escolavistaalegre/backend/vendor/laravel/framework/src/Illuminate/Pipeline/Pipeline.php(183): Illuminate\\Foundation\\Http\\Middleware\\PreventRequestsDuringMaintenance->handle()
#59 /home/ubuntu/escolavistaalegre/backend/vendor/laravel/framework/src/Illuminate/Http/Middleware/HandleCors.php(49): Illuminate\\Pipeline\\Pipeline->Illuminate\\Pipeline\\{closure}()
#60 /home/ubuntu/escolavistaalegre/backend/vendor/laravel/framework/src/Illuminate/Pipeline/Pipeline.php(183): Illuminate\\Http\\Middleware\\HandleCors->handle()
#61 /home/ubuntu/escolavistaalegre/backend/vendor/laravel/framework/src/Illuminate/Http/Middleware/TrustProxies.php(39): Illuminate\\Pipeline\\Pipeline->Illuminate\\Pipeline\\{closure}()
#62 /home/ubuntu/escolavistaalegre/backend/vendor/laravel/framework/src/Illuminate/Pipeline/Pipeline.php(183): Illuminate\\Http\\Middleware\\TrustProxies->handle()
#63 /home/ubuntu/escolavistaalegre/backend/vendor/laravel/framework/src/Illuminate/Pipeline/Pipeline.php(119): Illuminate\\Pipeline\\Pipeline->Illuminate\\Pipeline\\{closure}()
#64 /home/ubuntu/escolavistaalegre/backend/vendor/laravel/framework/src/Illuminate/Foundation/Http/Kernel.php(175): Illuminate\\Pipeline\\Pipeline->then()
#65 /home/ubuntu/escolavistaalegre/backend/vendor/laravel/framework/src/Illuminate/Foundation/Http/Kernel.php(144): Illuminate\\Foundation\\Http\\Kernel->sendRequestThroughRouter()
#66 /home/ubuntu/escolavistaalegre/backend/public/index.php(52): Illuminate\\Foundation\\Http\\Kernel->handle()
#67 /home/ubuntu/escolavistaalegre/backend/vendor/laravel/framework/src/Illuminate/Foundation/resources/server.php(16): require_once('...')
#68 {main}
"}
[2025-06-03 15:25:35] PROD.ERROR: Vite manifest not found at: /home/ubuntu/escolavistaalegre/backend/public/build/manifest.json {"view":{"view":"/home/ubuntu/escolavistaalegre/backend/resources/views/layouts/public.blade.php","data":[]},"exception":"[object] (Spatie\\LaravelIgnition\\Exceptions\\ViewException(code: 0): Vite manifest not found at: /home/ubuntu/escolavistaalegre/backend/public/build/manifest.json at /home/ubuntu/escolavistaalegre/backend/vendor/laravel/framework/src/Illuminate/Foundation/Vite.php:728)
[stacktrace]
#0 /home/ubuntu/escolavistaalegre/backend/vendor/laravel/framework/src/Illuminate/Foundation/Vite.php(293): Illuminate\\Foundation\\Vite->manifest()
#1 /home/ubuntu/escolavistaalegre/backend/resources/views/layouts/public.blade.php(12): Illuminate\\Foundation\\Vite->__invoke()
#2 /home/ubuntu/escolavistaalegre/backend/vendor/laravel/framework/src/Illuminate/Filesystem/Filesystem.php(123): require('...')
#3 /home/ubuntu/escolavistaalegre/backend/vendor/laravel/framework/src/Illuminate/Filesystem/Filesystem.php(124): Illuminate\\Filesystem\\Filesystem::Illuminate\\Filesystem\\{closure}()
#4 /home/ubuntu/escolavistaalegre/backend/vendor/laravel/framework/src/Illuminate/View/Engines/PhpEngine.php(58): Illuminate\\Filesystem\\Filesystem->getRequire()
#5 /home/ubuntu/escolavistaalegre/backend/vendor/livewire/livewire/src/Mechanisms/ExtendBlade/ExtendedCompilerEngine.php(22): Illuminate\\View\\Engines\\PhpEngine->evaluatePath()
#6 /home/ubuntu/escolavistaalegre/backend/vendor/laravel/framework/src/Illuminate/View/Engines/CompilerEngine.php(72): Livewire\\Mechanisms\\ExtendBlade\\ExtendedCompilerEngine->evaluatePath()
#7 /home/ubuntu/escolavistaalegre/backend/vendor/livewire/livewire/src/Mechanisms/ExtendBlade/ExtendedCompilerEngine.php(10): Illuminate\\View\\Engines\\CompilerEngine->get()
#8 /home/ubuntu/escolavistaalegre/backend/vendor/laravel/framework/src/Illuminate/View/View.php(207): Livewire\\Mechanisms\\ExtendBlade\\ExtendedCompilerEngine->get()
#9 /home/ubuntu/escolavistaalegre/backend/vendor/laravel/framework/src/Illuminate/View/View.php(190): Illuminate\\View\\View->getContents()
#10 /home/ubuntu/escolavistaalegre/backend/vendor/laravel/framework/src/Illuminate/View/View.php(159): Illuminate\\View\\View->renderContents()
#11 /home/ubuntu/escolavistaalegre/backend/resources/views/public/home.blade.php(183): Illuminate\\View\\View->render()
#12 /home/ubuntu/escolavistaalegre/backend/vendor/laravel/framework/src/Illuminate/Filesystem/Filesystem.php(123): require('...')
#13 /home/ubuntu/escolavistaalegre/backend/vendor/laravel/framework/src/Illuminate/Filesystem/Filesystem.php(124): Illuminate\\Filesystem\\Filesystem::Illuminate\\Filesystem\\{closure}()
#14 /home/ubuntu/escolavistaalegre/backend/vendor/laravel/framework/src/Illuminate/View/Engines/PhpEngine.php(58): Illuminate\\Filesystem\\Filesystem->getRequire()
#15 /home/ubuntu/escolavistaalegre/backend/vendor/livewire/livewire/src/Mechanisms/ExtendBlade/ExtendedCompilerEngine.php(22): Illuminate\\View\\Engines\\PhpEngine->evaluatePath()
#16 /home/ubuntu/escolavistaalegre/backend/vendor/laravel/framework/src/Illuminate/View/Engines/CompilerEngine.php(72): Livewire\\Mechanisms\\ExtendBlade\\ExtendedCompilerEngine->evaluatePath()
#17 /home/ubuntu/escolavistaalegre/backend/vendor/livewire/livewire/src/Mechanisms/ExtendBlade/ExtendedCompilerEngine.php(10): Illuminate\\View\\Engines\\CompilerEngine->get()
#18 /home/ubuntu/escolavistaalegre/backend/vendor/laravel/framework/src/Illuminate/View/View.php(207): Livewire\\Mechanisms\\ExtendBlade\\ExtendedCompilerEngine->get()
#19 /home/ubuntu/escolavistaalegre/backend/vendor/laravel/framework/src/Illuminate/View/View.php(190): Illuminate\\View\\View->getContents()
#20 /home/ubuntu/escolavistaalegre/backend/vendor/laravel/framework/src/Illuminate/View/View.php(159): Illuminate\\View\\View->renderContents()
#21 /home/ubuntu/escolavistaalegre/backend/vendor/laravel/framework/src/Illuminate/Http/Response.php(69): Illuminate\\View\\View->render()
#22 /home/ubuntu/escolavistaalegre/backend/vendor/laravel/framework/src/Illuminate/Http/Response.php(35): Illuminate\\Http\\Response->setContent()
#23 /home/ubuntu/escolavistaalegre/backend/vendor/laravel/framework/src/Illuminate/Routing/Router.php(918): Illuminate\\Http\\Response->__construct()
#24 /home/ubuntu/escolavistaalegre/backend/vendor/laravel/framework/src/Illuminate/Routing/Router.php(885): Illuminate\\Routing\\Router::toResponse()
#25 /home/ubuntu/escolavistaalegre/backend/vendor/laravel/framework/src/Illuminate/Routing/Router.php(806): Illuminate\\Routing\\Router->prepareResponse()
#26 /home/ubuntu/escolavistaalegre/backend/vendor/laravel/framework/src/Illuminate/Pipeline/Pipeline.php(144): Illuminate\\Routing\\Router->Illuminate\\Routing\\{closure}()
#27 /home/ubuntu/escolavistaalegre/backend/vendor/laravel/framework/src/Illuminate/Routing/Middleware/SubstituteBindings.php(50): Illuminate\\Pipeline\\Pipeline->Illuminate\\Pipeline\\{closure}()
#28 /home/ubuntu/escolavistaalegre/backend/vendor/laravel/framework/src/Illuminate/Pipeline/Pipeline.php(183): Illuminate\\Routing\\Middleware\\SubstituteBindings->handle()
#29 /home/ubuntu/escolavistaalegre/backend/vendor/laravel/framework/src/Illuminate/Foundation/Http/Middleware/VerifyCsrfToken.php(78): Illuminate\\Pipeline\\Pipeline->Illuminate\\Pipeline\\{closure}()
#30 /home/ubuntu/escolavistaalegre/backend/vendor/laravel/framework/src/Illuminate/Pipeline/Pipeline.php(183): Illuminate\\Foundation\\Http\\Middleware\\VerifyCsrfToken->handle()
#31 /home/ubuntu/escolavistaalegre/backend/vendor/laravel/framework/src/Illuminate/View/Middleware/ShareErrorsFromSession.php(49): Illuminate\\Pipeline\\Pipeline->Illuminate\\Pipeline\\{closure}()
#32 /home/ubuntu/escolavistaalegre/backend/vendor/laravel/framework/src/Illuminate/Pipeline/Pipeline.php(183): Illuminate\\View\\Middleware\\ShareErrorsFromSession->handle()
#33 /home/ubuntu/escolavistaalegre/backend/vendor/laravel/framework/src/Illuminate/Session/Middleware/StartSession.php(121): Illuminate\\Pipeline\\Pipeline->Illuminate\\Pipeline\\{closure}()
#34 /home/ubuntu/escolavistaalegre/backend/vendor/laravel/framework/src/Illuminate/Session/Middleware/StartSession.php(64): Illuminate\\Session\\Middleware\\StartSession->handleStatefulRequest()
#35 /home/ubuntu/escolavistaalegre/backend/vendor/laravel/framework/src/Illuminate/Pipeline/Pipeline.php(183): Illuminate\\Session\\Middleware\\StartSession->handle()
#36 /home/ubuntu/escolavistaalegre/backend/vendor/laravel/framework/src/Illuminate/Cookie/Middleware/AddQueuedCookiesToResponse.php(37): Illuminate\\Pipeline\\Pipeline->Illuminate\\Pipeline\\{closure}()
#37 /home/ubuntu/escolavistaalegre/backend/vendor/laravel/framework/src/Illuminate/Pipeline/Pipeline.php(183): Illuminate\\Cookie\\Middleware\\AddQueuedCookiesToResponse->handle()
#38 /home/ubuntu/escolavistaalegre/backend/vendor/laravel/framework/src/Illuminate/Cookie/Middleware/EncryptCookies.php(67): Illuminate\\Pipeline\\Pipeline->Illuminate\\Pipeline\\{closure}()
#39 /home/ubuntu/escolavistaalegre/backend/vendor/laravel/framework/src/Illuminate/Pipeline/Pipeline.php(183): Illuminate\\Cookie\\Middleware\\EncryptCookies->handle()
#40 /home/ubuntu/escolavistaalegre/backend/vendor/laravel/framework/src/Illuminate/Pipeline/Pipeline.php(119): Illuminate\\Pipeline\\Pipeline->Illuminate\\Pipeline\\{closure}()
#41 /home/ubuntu/escolavistaalegre/backend/vendor/laravel/framework/src/Illuminate/Routing/Router.php(807): Illuminate\\Pipeline\\Pipeline->then()
#42 /home/ubuntu/escolavistaalegre/backend/vendor/laravel/framework/src/Illuminate/Routing/Router.php(784): Illuminate\\Routing\\Router->runRouteWithinStack()
#43 /home/ubuntu/escolavistaalegre/backend/vendor/laravel/framework/src/Illuminate/Routing/Router.php(748): Illuminate\\Routing\\Router->runRoute()
#44 /home/ubuntu/escolavistaalegre/backend/vendor/laravel/framework/src/Illuminate/Routing/Router.php(737): Illuminate\\Routing\\Router->dispatchToRoute()
#45 /home/ubuntu/escolavistaalegre/backend/vendor/laravel/framework/src/Illuminate/Foundation/Http/Kernel.php(200): Illuminate\\Routing\\Router->dispatch()
#46 /home/ubuntu/escolavistaalegre/backend/vendor/laravel/framework/src/Illuminate/Pipeline/Pipeline.php(144): Illuminate\\Foundation\\Http\\Kernel->Illuminate\\Foundation\\Http\\{closure}()
#47 /home/ubuntu/escolavistaalegre/backend/vendor/livewire/livewire/src/Features/SupportDisablingBackButtonCache/DisableBackButtonCacheMiddleware.php(19): Illuminate\\Pipeline\\Pipeline->Illuminate\\Pipeline\\{closure}()
#48 /home/ubuntu/escolavistaalegre/backend/vendor/laravel/framework/src/Illuminate/Pipeline/Pipeline.php(183): Livewire\\Features\\SupportDisablingBackButtonCache\\DisableBackButtonCacheMiddleware->handle()
#49 /home/ubuntu/escolavistaalegre/backend/vendor/laravel/framework/src/Illuminate/Foundation/Http/Middleware/TransformsRequest.php(21): Illuminate\\Pipeline\\Pipeline->Illuminate\\Pipeline\\{closure}()
#50 /home/ubuntu/escolavistaalegre/backend/vendor/laravel/framework/src/Illuminate/Foundation/Http/Middleware/ConvertEmptyStringsToNull.php(31): Illuminate\\Foundation\\Http\\Middleware\\TransformsRequest->handle()
#51 /home/ubuntu/escolavistaalegre/backend/vendor/laravel/framework/src/Illuminate/Pipeline/Pipeline.php(183): Illuminate\\Foundation\\Http\\Middleware\\ConvertEmptyStringsToNull->handle()
#52 /home/ubuntu/escolavistaalegre/backend/vendor/laravel/framework/src/Illuminate/Foundation/Http/Middleware/TransformsRequest.php(21): Illuminate\\Pipeline\\Pipeline->Illuminate\\Pipeline\\{closure}()
#53 /home/ubuntu/escolavistaalegre/backend/vendor/laravel/framework/src/Illuminate/Foundation/Http/Middleware/TrimStrings.php(40): Illuminate\\Foundation\\Http\\Middleware\\TransformsRequest->handle()
#54 /home/ubuntu/escolavistaalegre/backend/vendor/laravel/framework/src/Illuminate/Pipeline/Pipeline.php(183): Illuminate\\Foundation\\Http\\Middleware\\TrimStrings->handle()
#55 /home/ubuntu/escolavistaalegre/backend/vendor/laravel/framework/src/Illuminate/Foundation/Http/Middleware/ValidatePostSize.php(27): Illuminate\\Pipeline\\Pipeline->Illuminate\\Pipeline\\{closure}()
#56 /home/ubuntu/escolavistaalegre/backend/vendor/laravel/framework/src/Illuminate/Pipeline/Pipeline.php(183): Illuminate\\Foundation\\Http\\Middleware\\ValidatePostSize->handle()
#57 /home/ubuntu/escolavistaalegre/backend/vendor/laravel/framework/src/Illuminate/Foundation/Http/Middleware/PreventRequestsDuringMaintenance.php(99): Illuminate\\Pipeline\\Pipeline->Illuminate\\Pipeline\\{closure}()
#58 /home/ubuntu/escolavistaalegre/backend/vendor/laravel/framework/src/Illuminate/Pipeline/Pipeline.php(183): Illuminate\\Foundation\\Http\\Middleware\\PreventRequestsDuringMaintenance->handle()
#59 /home/ubuntu/escolavistaalegre/backend/vendor/laravel/framework/src/Illuminate/Http/Middleware/HandleCors.php(49): Illuminate\\Pipeline\\Pipeline->Illuminate\\Pipeline\\{closure}()
#60 /home/ubuntu/escolavistaalegre/backend/vendor/laravel/framework/src/Illuminate/Pipeline/Pipeline.php(183): Illuminate\\Http\\Middleware\\HandleCors->handle()
#61 /home/ubuntu/escolavistaalegre/backend/vendor/laravel/framework/src/Illuminate/Http/Middleware/TrustProxies.php(39): Illuminate\\Pipeline\\Pipeline->Illuminate\\Pipeline\\{closure}()
#62 /home/ubuntu/escolavistaalegre/backend/vendor/laravel/framework/src/Illuminate/Pipeline/Pipeline.php(183): Illuminate\\Http\\Middleware\\TrustProxies->handle()
#63 /home/ubuntu/escolavistaalegre/backend/vendor/laravel/framework/src/Illuminate/Pipeline/Pipeline.php(119): Illuminate\\Pipeline\\Pipeline->Illuminate\\Pipeline\\{closure}()
#64 /home/ubuntu/escolavistaalegre/backend/vendor/laravel/framework/src/Illuminate/Foundation/Http/Kernel.php(175): Illuminate\\Pipeline\\Pipeline->then()
#65 /home/ubuntu/escolavistaalegre/backend/vendor/laravel/framework/src/Illuminate/Foundation/Http/Kernel.php(144): Illuminate\\Foundation\\Http\\Kernel->sendRequestThroughRouter()
#66 /home/ubuntu/escolavistaalegre/backend/public/index.php(52): Illuminate\\Foundation\\Http\\Kernel->handle()
#67 /home/ubuntu/escolavistaalegre/backend/vendor/laravel/framework/src/Illuminate/Foundation/resources/server.php(16): require_once('...')
#68 {main}

[previous exception] [object] (Illuminate\\Foundation\\ViteManifestNotFoundException(code: 0): Vite manifest not found at: /home/ubuntu/escolavistaalegre/backend/public/build/manifest.json at /home/ubuntu/escolavistaalegre/backend/vendor/laravel/framework/src/Illuminate/Foundation/Vite.php:728)
[stacktrace]
#0 /home/ubuntu/escolavistaalegre/backend/vendor/laravel/framework/src/Illuminate/Foundation/Vite.php(293): Illuminate\\Foundation\\Vite->manifest()
#1 /home/ubuntu/escolavistaalegre/backend/storage/framework/views/73b68312f6fb1d7d030fa01615c1700a.php(12): Illuminate\\Foundation\\Vite->__invoke()
#2 /home/ubuntu/escolavistaalegre/backend/vendor/laravel/framework/src/Illuminate/Filesystem/Filesystem.php(123): require('...')
#3 /home/ubuntu/escolavistaalegre/backend/vendor/laravel/framework/src/Illuminate/Filesystem/Filesystem.php(124): Illuminate\\Filesystem\\Filesystem::Illuminate\\Filesystem\\{closure}()
#4 /home/ubuntu/escolavistaalegre/backend/vendor/laravel/framework/src/Illuminate/View/Engines/PhpEngine.php(58): Illuminate\\Filesystem\\Filesystem->getRequire()
#5 /home/ubuntu/escolavistaalegre/backend/vendor/livewire/livewire/src/Mechanisms/ExtendBlade/ExtendedCompilerEngine.php(22): Illuminate\\View\\Engines\\PhpEngine->evaluatePath()
#6 /home/ubuntu/escolavistaalegre/backend/vendor/laravel/framework/src/Illuminate/View/Engines/CompilerEngine.php(72): Livewire\\Mechanisms\\ExtendBlade\\ExtendedCompilerEngine->evaluatePath()
#7 /home/ubuntu/escolavistaalegre/backend/vendor/livewire/livewire/src/Mechanisms/ExtendBlade/ExtendedCompilerEngine.php(10): Illuminate\\View\\Engines\\CompilerEngine->get()
#8 /home/ubuntu/escolavistaalegre/backend/vendor/laravel/framework/src/Illuminate/View/View.php(207): Livewire\\Mechanisms\\ExtendBlade\\ExtendedCompilerEngine->get()
#9 /home/ubuntu/escolavistaalegre/backend/vendor/laravel/framework/src/Illuminate/View/View.php(190): Illuminate\\View\\View->getContents()
#10 /home/ubuntu/escolavistaalegre/backend/vendor/laravel/framework/src/Illuminate/View/View.php(159): Illuminate\\View\\View->renderContents()
#11 /home/ubuntu/escolavistaalegre/backend/storage/framework/views/b60b772f152d103dbc2ffe21a2dfce38.php(183): Illuminate\\View\\View->render()
#12 /home/ubuntu/escolavistaalegre/backend/vendor/laravel/framework/src/Illuminate/Filesystem/Filesystem.php(123): require('...')
#13 /home/ubuntu/escolavistaalegre/backend/vendor/laravel/framework/src/Illuminate/Filesystem/Filesystem.php(124): Illuminate\\Filesystem\\Filesystem::Illuminate\\Filesystem\\{closure}()
#14 /home/ubuntu/escolavistaalegre/backend/vendor/laravel/framework/src/Illuminate/View/Engines/PhpEngine.php(58): Illuminate\\Filesystem\\Filesystem->getRequire()
#15 /home/ubuntu/escolavistaalegre/backend/vendor/livewire/livewire/src/Mechanisms/ExtendBlade/ExtendedCompilerEngine.php(22): Illuminate\\View\\Engines\\PhpEngine->evaluatePath()
#16 /home/ubuntu/escolavistaalegre/backend/vendor/laravel/framework/src/Illuminate/View/Engines/CompilerEngine.php(72): Livewire\\Mechanisms\\ExtendBlade\\ExtendedCompilerEngine->evaluatePath()
#17 /home/ubuntu/escolavistaalegre/backend/vendor/livewire/livewire/src/Mechanisms/ExtendBlade/ExtendedCompilerEngine.php(10): Illuminate\\View\\Engines\\CompilerEngine->get()
#18 /home/ubuntu/escolavistaalegre/backend/vendor/laravel/framework/src/Illuminate/View/View.php(207): Livewire\\Mechanisms\\ExtendBlade\\ExtendedCompilerEngine->get()
#19 /home/ubuntu/escolavistaalegre/backend/vendor/laravel/framework/src/Illuminate/View/View.php(190): Illuminate\\View\\View->getContents()
#20 /home/ubuntu/escolavistaalegre/backend/vendor/laravel/framework/src/Illuminate/View/View.php(159): Illuminate\\View\\View->renderContents()
#21 /home/ubuntu/escolavistaalegre/backend/vendor/laravel/framework/src/Illuminate/Http/Response.php(69): Illuminate\\View\\View->render()
#22 /home/ubuntu/escolavistaalegre/backend/vendor/laravel/framework/src/Illuminate/Http/Response.php(35): Illuminate\\Http\\Response->setContent()
#23 /home/ubuntu/escolavistaalegre/backend/vendor/laravel/framework/src/Illuminate/Routing/Router.php(918): Illuminate\\Http\\Response->__construct()
#24 /home/ubuntu/escolavistaalegre/backend/vendor/laravel/framework/src/Illuminate/Routing/Router.php(885): Illuminate\\Routing\\Router::toResponse()
#25 /home/ubuntu/escolavistaalegre/backend/vendor/laravel/framework/src/Illuminate/Routing/Router.php(806): Illuminate\\Routing\\Router->prepareResponse()
#26 /home/ubuntu/escolavistaalegre/backend/vendor/laravel/framework/src/Illuminate/Pipeline/Pipeline.php(144): Illuminate\\Routing\\Router->Illuminate\\Routing\\{closure}()
#27 /home/ubuntu/escolavistaalegre/backend/vendor/laravel/framework/src/Illuminate/Routing/Middleware/SubstituteBindings.php(50): Illuminate\\Pipeline\\Pipeline->Illuminate\\Pipeline\\{closure}()
#28 /home/ubuntu/escolavistaalegre/backend/vendor/laravel/framework/src/Illuminate/Pipeline/Pipeline.php(183): Illuminate\\Routing\\Middleware\\SubstituteBindings->handle()
#29 /home/ubuntu/escolavistaalegre/backend/vendor/laravel/framework/src/Illuminate/Foundation/Http/Middleware/VerifyCsrfToken.php(78): Illuminate\\Pipeline\\Pipeline->Illuminate\\Pipeline\\{closure}()
#30 /home/ubuntu/escolavistaalegre/backend/vendor/laravel/framework/src/Illuminate/Pipeline/Pipeline.php(183): Illuminate\\Foundation\\Http\\Middleware\\VerifyCsrfToken->handle()
#31 /home/ubuntu/escolavistaalegre/backend/vendor/laravel/framework/src/Illuminate/View/Middleware/ShareErrorsFromSession.php(49): Illuminate\\Pipeline\\Pipeline->Illuminate\\Pipeline\\{closure}()
#32 /home/ubuntu/escolavistaalegre/backend/vendor/laravel/framework/src/Illuminate/Pipeline/Pipeline.php(183): Illuminate\\View\\Middleware\\ShareErrorsFromSession->handle()
#33 /home/ubuntu/escolavistaalegre/backend/vendor/laravel/framework/src/Illuminate/Session/Middleware/StartSession.php(121): Illuminate\\Pipeline\\Pipeline->Illuminate\\Pipeline\\{closure}()
#34 /home/ubuntu/escolavistaalegre/backend/vendor/laravel/framework/src/Illuminate/Session/Middleware/StartSession.php(64): Illuminate\\Session\\Middleware\\StartSession->handleStatefulRequest()
#35 /home/ubuntu/escolavistaalegre/backend/vendor/laravel/framework/src/Illuminate/Pipeline/Pipeline.php(183): Illuminate\\Session\\Middleware\\StartSession->handle()
#36 /home/ubuntu/escolavistaalegre/backend/vendor/laravel/framework/src/Illuminate/Cookie/Middleware/AddQueuedCookiesToResponse.php(37): Illuminate\\Pipeline\\Pipeline->Illuminate\\Pipeline\\{closure}()
#37 /home/ubuntu/escolavistaalegre/backend/vendor/laravel/framework/src/Illuminate/Pipeline/Pipeline.php(183): Illuminate\\Cookie\\Middleware\\AddQueuedCookiesToResponse->handle()
#38 /home/ubuntu/escolavistaalegre/backend/vendor/laravel/framework/src/Illuminate/Cookie/Middleware/EncryptCookies.php(67): Illuminate\\Pipeline\\Pipeline->Illuminate\\Pipeline\\{closure}()
#39 /home/ubuntu/escolavistaalegre/backend/vendor/laravel/framework/src/Illuminate/Pipeline/Pipeline.php(183): Illuminate\\Cookie\\Middleware\\EncryptCookies->handle()
#40 /home/ubuntu/escolavistaalegre/backend/vendor/laravel/framework/src/Illuminate/Pipeline/Pipeline.php(119): Illuminate\\Pipeline\\Pipeline->Illuminate\\Pipeline\\{closure}()
#41 /home/ubuntu/escolavistaalegre/backend/vendor/laravel/framework/src/Illuminate/Routing/Router.php(807): Illuminate\\Pipeline\\Pipeline->then()
#42 /home/ubuntu/escolavistaalegre/backend/vendor/laravel/framework/src/Illuminate/Routing/Router.php(784): Illuminate\\Routing\\Router->runRouteWithinStack()
#43 /home/ubuntu/escolavistaalegre/backend/vendor/laravel/framework/src/Illuminate/Routing/Router.php(748): Illuminate\\Routing\\Router->runRoute()
#44 /home/ubuntu/escolavistaalegre/backend/vendor/laravel/framework/src/Illuminate/Routing/Router.php(737): Illuminate\\Routing\\Router->dispatchToRoute()
#45 /home/ubuntu/escolavistaalegre/backend/vendor/laravel/framework/src/Illuminate/Foundation/Http/Kernel.php(200): Illuminate\\Routing\\Router->dispatch()
#46 /home/ubuntu/escolavistaalegre/backend/vendor/laravel/framework/src/Illuminate/Pipeline/Pipeline.php(144): Illuminate\\Foundation\\Http\\Kernel->Illuminate\\Foundation\\Http\\{closure}()
#47 /home/ubuntu/escolavistaalegre/backend/vendor/livewire/livewire/src/Features/SupportDisablingBackButtonCache/DisableBackButtonCacheMiddleware.php(19): Illuminate\\Pipeline\\Pipeline->Illuminate\\Pipeline\\{closure}()
#48 /home/ubuntu/escolavistaalegre/backend/vendor/laravel/framework/src/Illuminate/Pipeline/Pipeline.php(183): Livewire\\Features\\SupportDisablingBackButtonCache\\DisableBackButtonCacheMiddleware->handle()
#49 /home/ubuntu/escolavistaalegre/backend/vendor/laravel/framework/src/Illuminate/Foundation/Http/Middleware/TransformsRequest.php(21): Illuminate\\Pipeline\\Pipeline->Illuminate\\Pipeline\\{closure}()
#50 /home/ubuntu/escolavistaalegre/backend/vendor/laravel/framework/src/Illuminate/Foundation/Http/Middleware/ConvertEmptyStringsToNull.php(31): Illuminate\\Foundation\\Http\\Middleware\\TransformsRequest->handle()
#51 /home/ubuntu/escolavistaalegre/backend/vendor/laravel/framework/src/Illuminate/Pipeline/Pipeline.php(183): Illuminate\\Foundation\\Http\\Middleware\\ConvertEmptyStringsToNull->handle()
#52 /home/ubuntu/escolavistaalegre/backend/vendor/laravel/framework/src/Illuminate/Foundation/Http/Middleware/TransformsRequest.php(21): Illuminate\\Pipeline\\Pipeline->Illuminate\\Pipeline\\{closure}()
#53 /home/ubuntu/escolavistaalegre/backend/vendor/laravel/framework/src/Illuminate/Foundation/Http/Middleware/TrimStrings.php(40): Illuminate\\Foundation\\Http\\Middleware\\TransformsRequest->handle()
#54 /home/ubuntu/escolavistaalegre/backend/vendor/laravel/framework/src/Illuminate/Pipeline/Pipeline.php(183): Illuminate\\Foundation\\Http\\Middleware\\TrimStrings->handle()
#55 /home/ubuntu/escolavistaalegre/backend/vendor/laravel/framework/src/Illuminate/Foundation/Http/Middleware/ValidatePostSize.php(27): Illuminate\\Pipeline\\Pipeline->Illuminate\\Pipeline\\{closure}()
#56 /home/ubuntu/escolavistaalegre/backend/vendor/laravel/framework/src/Illuminate/Pipeline/Pipeline.php(183): Illuminate\\Foundation\\Http\\Middleware\\ValidatePostSize->handle()
#57 /home/ubuntu/escolavistaalegre/backend/vendor/laravel/framework/src/Illuminate/Foundation/Http/Middleware/PreventRequestsDuringMaintenance.php(99): Illuminate\\Pipeline\\Pipeline->Illuminate\\Pipeline\\{closure}()
#58 /home/ubuntu/escolavistaalegre/backend/vendor/laravel/framework/src/Illuminate/Pipeline/Pipeline.php(183): Illuminate\\Foundation\\Http\\Middleware\\PreventRequestsDuringMaintenance->handle()
#59 /home/ubuntu/escolavistaalegre/backend/vendor/laravel/framework/src/Illuminate/Http/Middleware/HandleCors.php(49): Illuminate\\Pipeline\\Pipeline->Illuminate\\Pipeline\\{closure}()
#60 /home/ubuntu/escolavistaalegre/backend/vendor/laravel/framework/src/Illuminate/Pipeline/Pipeline.php(183): Illuminate\\Http\\Middleware\\HandleCors->handle()
#61 /home/ubuntu/escolavistaalegre/backend/vendor/laravel/framework/src/Illuminate/Http/Middleware/TrustProxies.php(39): Illuminate\\Pipeline\\Pipeline->Illuminate\\Pipeline\\{closure}()
#62 /home/ubuntu/escolavistaalegre/backend/vendor/laravel/framework/src/Illuminate/Pipeline/Pipeline.php(183): Illuminate\\Http\\Middleware\\TrustProxies->handle()
#63 /home/ubuntu/escolavistaalegre/backend/vendor/laravel/framework/src/Illuminate/Pipeline/Pipeline.php(119): Illuminate\\Pipeline\\Pipeline->Illuminate\\Pipeline\\{closure}()
#64 /home/ubuntu/escolavistaalegre/backend/vendor/laravel/framework/src/Illuminate/Foundation/Http/Kernel.php(175): Illuminate\\Pipeline\\Pipeline->then()
#65 /home/ubuntu/escolavistaalegre/backend/vendor/laravel/framework/src/Illuminate/Foundation/Http/Kernel.php(144): Illuminate\\Foundation\\Http\\Kernel->sendRequestThroughRouter()
#66 /home/ubuntu/escolavistaalegre/backend/public/index.php(52): Illuminate\\Foundation\\Http\\Kernel->handle()
#67 /home/ubuntu/escolavistaalegre/backend/vendor/laravel/framework/src/Illuminate/Foundation/resources/server.php(16): require_once('...')
#68 {main}
"}
[2025-06-04 20:23:47] PROD.ERROR: Vite manifest not found at: /home/ubuntu/escolavistaalegre/backend/public/build/manifest.json {"view":{"view":"/home/ubuntu/escolavistaalegre/backend/resources/views/layouts/public.blade.php","data":[]},"exception":"[object] (Spatie\\LaravelIgnition\\Exceptions\\ViewException(code: 0): Vite manifest not found at: /home/ubuntu/escolavistaalegre/backend/public/build/manifest.json at /home/ubuntu/escolavistaalegre/backend/vendor/laravel/framework/src/Illuminate/Foundation/Vite.php:728)
[stacktrace]
#0 /home/ubuntu/escolavistaalegre/backend/vendor/laravel/framework/src/Illuminate/Foundation/Vite.php(293): Illuminate\\Foundation\\Vite->manifest()
#1 /home/ubuntu/escolavistaalegre/backend/resources/views/layouts/public.blade.php(12): Illuminate\\Foundation\\Vite->__invoke()
#2 /home/ubuntu/escolavistaalegre/backend/vendor/laravel/framework/src/Illuminate/Filesystem/Filesystem.php(123): require('...')
#3 /home/ubuntu/escolavistaalegre/backend/vendor/laravel/framework/src/Illuminate/Filesystem/Filesystem.php(124): Illuminate\\Filesystem\\Filesystem::Illuminate\\Filesystem\\{closure}()
#4 /home/ubuntu/escolavistaalegre/backend/vendor/laravel/framework/src/Illuminate/View/Engines/PhpEngine.php(58): Illuminate\\Filesystem\\Filesystem->getRequire()
#5 /home/ubuntu/escolavistaalegre/backend/vendor/livewire/livewire/src/Mechanisms/ExtendBlade/ExtendedCompilerEngine.php(22): Illuminate\\View\\Engines\\PhpEngine->evaluatePath()
#6 /home/ubuntu/escolavistaalegre/backend/vendor/laravel/framework/src/Illuminate/View/Engines/CompilerEngine.php(72): Livewire\\Mechanisms\\ExtendBlade\\ExtendedCompilerEngine->evaluatePath()
#7 /home/ubuntu/escolavistaalegre/backend/vendor/livewire/livewire/src/Mechanisms/ExtendBlade/ExtendedCompilerEngine.php(10): Illuminate\\View\\Engines\\CompilerEngine->get()
#8 /home/ubuntu/escolavistaalegre/backend/vendor/laravel/framework/src/Illuminate/View/View.php(207): Livewire\\Mechanisms\\ExtendBlade\\ExtendedCompilerEngine->get()
#9 /home/ubuntu/escolavistaalegre/backend/vendor/laravel/framework/src/Illuminate/View/View.php(190): Illuminate\\View\\View->getContents()
#10 /home/ubuntu/escolavistaalegre/backend/vendor/laravel/framework/src/Illuminate/View/View.php(159): Illuminate\\View\\View->renderContents()
#11 /home/ubuntu/escolavistaalegre/backend/resources/views/public/home.blade.php(183): Illuminate\\View\\View->render()
#12 /home/ubuntu/escolavistaalegre/backend/vendor/laravel/framework/src/Illuminate/Filesystem/Filesystem.php(123): require('...')
#13 /home/ubuntu/escolavistaalegre/backend/vendor/laravel/framework/src/Illuminate/Filesystem/Filesystem.php(124): Illuminate\\Filesystem\\Filesystem::Illuminate\\Filesystem\\{closure}()
#14 /home/ubuntu/escolavistaalegre/backend/vendor/laravel/framework/src/Illuminate/View/Engines/PhpEngine.php(58): Illuminate\\Filesystem\\Filesystem->getRequire()
#15 /home/ubuntu/escolavistaalegre/backend/vendor/livewire/livewire/src/Mechanisms/ExtendBlade/ExtendedCompilerEngine.php(22): Illuminate\\View\\Engines\\PhpEngine->evaluatePath()
#16 /home/ubuntu/escolavistaalegre/backend/vendor/laravel/framework/src/Illuminate/View/Engines/CompilerEngine.php(72): Livewire\\Mechanisms\\ExtendBlade\\ExtendedCompilerEngine->evaluatePath()
#17 /home/ubuntu/escolavistaalegre/backend/vendor/livewire/livewire/src/Mechanisms/ExtendBlade/ExtendedCompilerEngine.php(10): Illuminate\\View\\Engines\\CompilerEngine->get()
#18 /home/ubuntu/escolavistaalegre/backend/vendor/laravel/framework/src/Illuminate/View/View.php(207): Livewire\\Mechanisms\\ExtendBlade\\ExtendedCompilerEngine->get()
#19 /home/ubuntu/escolavistaalegre/backend/vendor/laravel/framework/src/Illuminate/View/View.php(190): Illuminate\\View\\View->getContents()
#20 /home/ubuntu/escolavistaalegre/backend/vendor/laravel/framework/src/Illuminate/View/View.php(159): Illuminate\\View\\View->renderContents()
#21 /home/ubuntu/escolavistaalegre/backend/vendor/laravel/framework/src/Illuminate/Http/Response.php(69): Illuminate\\View\\View->render()
#22 /home/ubuntu/escolavistaalegre/backend/vendor/laravel/framework/src/Illuminate/Http/Response.php(35): Illuminate\\Http\\Response->setContent()
#23 /home/ubuntu/escolavistaalegre/backend/vendor/laravel/framework/src/Illuminate/Routing/Router.php(918): Illuminate\\Http\\Response->__construct()
#24 /home/ubuntu/escolavistaalegre/backend/vendor/laravel/framework/src/Illuminate/Routing/Router.php(885): Illuminate\\Routing\\Router::toResponse()
#25 /home/ubuntu/escolavistaalegre/backend/vendor/laravel/framework/src/Illuminate/Routing/Router.php(806): Illuminate\\Routing\\Router->prepareResponse()
#26 /home/ubuntu/escolavistaalegre/backend/vendor/laravel/framework/src/Illuminate/Pipeline/Pipeline.php(144): Illuminate\\Routing\\Router->Illuminate\\Routing\\{closure}()
#27 /home/ubuntu/escolavistaalegre/backend/vendor/laravel/framework/src/Illuminate/Routing/Middleware/SubstituteBindings.php(50): Illuminate\\Pipeline\\Pipeline->Illuminate\\Pipeline\\{closure}()
#28 /home/ubuntu/escolavistaalegre/backend/vendor/laravel/framework/src/Illuminate/Pipeline/Pipeline.php(183): Illuminate\\Routing\\Middleware\\SubstituteBindings->handle()
#29 /home/ubuntu/escolavistaalegre/backend/vendor/laravel/framework/src/Illuminate/Foundation/Http/Middleware/VerifyCsrfToken.php(78): Illuminate\\Pipeline\\Pipeline->Illuminate\\Pipeline\\{closure}()
#30 /home/ubuntu/escolavistaalegre/backend/vendor/laravel/framework/src/Illuminate/Pipeline/Pipeline.php(183): Illuminate\\Foundation\\Http\\Middleware\\VerifyCsrfToken->handle()
#31 /home/ubuntu/escolavistaalegre/backend/vendor/laravel/framework/src/Illuminate/View/Middleware/ShareErrorsFromSession.php(49): Illuminate\\Pipeline\\Pipeline->Illuminate\\Pipeline\\{closure}()
#32 /home/ubuntu/escolavistaalegre/backend/vendor/laravel/framework/src/Illuminate/Pipeline/Pipeline.php(183): Illuminate\\View\\Middleware\\ShareErrorsFromSession->handle()
#33 /home/ubuntu/escolavistaalegre/backend/vendor/laravel/framework/src/Illuminate/Session/Middleware/StartSession.php(121): Illuminate\\Pipeline\\Pipeline->Illuminate\\Pipeline\\{closure}()
#34 /home/ubuntu/escolavistaalegre/backend/vendor/laravel/framework/src/Illuminate/Session/Middleware/StartSession.php(64): Illuminate\\Session\\Middleware\\StartSession->handleStatefulRequest()
#35 /home/ubuntu/escolavistaalegre/backend/vendor/laravel/framework/src/Illuminate/Pipeline/Pipeline.php(183): Illuminate\\Session\\Middleware\\StartSession->handle()
#36 /home/ubuntu/escolavistaalegre/backend/vendor/laravel/framework/src/Illuminate/Cookie/Middleware/AddQueuedCookiesToResponse.php(37): Illuminate\\Pipeline\\Pipeline->Illuminate\\Pipeline\\{closure}()
#37 /home/ubuntu/escolavistaalegre/backend/vendor/laravel/framework/src/Illuminate/Pipeline/Pipeline.php(183): Illuminate\\Cookie\\Middleware\\AddQueuedCookiesToResponse->handle()
#38 /home/ubuntu/escolavistaalegre/backend/vendor/laravel/framework/src/Illuminate/Cookie/Middleware/EncryptCookies.php(67): Illuminate\\Pipeline\\Pipeline->Illuminate\\Pipeline\\{closure}()
#39 /home/ubuntu/escolavistaalegre/backend/vendor/laravel/framework/src/Illuminate/Pipeline/Pipeline.php(183): Illuminate\\Cookie\\Middleware\\EncryptCookies->handle()
#40 /home/ubuntu/escolavistaalegre/backend/vendor/laravel/framework/src/Illuminate/Pipeline/Pipeline.php(119): Illuminate\\Pipeline\\Pipeline->Illuminate\\Pipeline\\{closure}()
#41 /home/ubuntu/escolavistaalegre/backend/vendor/laravel/framework/src/Illuminate/Routing/Router.php(807): Illuminate\\Pipeline\\Pipeline->then()
#42 /home/ubuntu/escolavistaalegre/backend/vendor/laravel/framework/src/Illuminate/Routing/Router.php(784): Illuminate\\Routing\\Router->runRouteWithinStack()
#43 /home/ubuntu/escolavistaalegre/backend/vendor/laravel/framework/src/Illuminate/Routing/Router.php(748): Illuminate\\Routing\\Router->runRoute()
#44 /home/ubuntu/escolavistaalegre/backend/vendor/laravel/framework/src/Illuminate/Routing/Router.php(737): Illuminate\\Routing\\Router->dispatchToRoute()
#45 /home/ubuntu/escolavistaalegre/backend/vendor/laravel/framework/src/Illuminate/Foundation/Http/Kernel.php(200): Illuminate\\Routing\\Router->dispatch()
#46 /home/ubuntu/escolavistaalegre/backend/vendor/laravel/framework/src/Illuminate/Pipeline/Pipeline.php(144): Illuminate\\Foundation\\Http\\Kernel->Illuminate\\Foundation\\Http\\{closure}()
#47 /home/ubuntu/escolavistaalegre/backend/vendor/livewire/livewire/src/Features/SupportDisablingBackButtonCache/DisableBackButtonCacheMiddleware.php(19): Illuminate\\Pipeline\\Pipeline->Illuminate\\Pipeline\\{closure}()
#48 /home/ubuntu/escolavistaalegre/backend/vendor/laravel/framework/src/Illuminate/Pipeline/Pipeline.php(183): Livewire\\Features\\SupportDisablingBackButtonCache\\DisableBackButtonCacheMiddleware->handle()
#49 /home/ubuntu/escolavistaalegre/backend/vendor/laravel/framework/src/Illuminate/Foundation/Http/Middleware/TransformsRequest.php(21): Illuminate\\Pipeline\\Pipeline->Illuminate\\Pipeline\\{closure}()
#50 /home/ubuntu/escolavistaalegre/backend/vendor/laravel/framework/src/Illuminate/Foundation/Http/Middleware/ConvertEmptyStringsToNull.php(31): Illuminate\\Foundation\\Http\\Middleware\\TransformsRequest->handle()
#51 /home/ubuntu/escolavistaalegre/backend/vendor/laravel/framework/src/Illuminate/Pipeline/Pipeline.php(183): Illuminate\\Foundation\\Http\\Middleware\\ConvertEmptyStringsToNull->handle()
#52 /home/ubuntu/escolavistaalegre/backend/vendor/laravel/framework/src/Illuminate/Foundation/Http/Middleware/TransformsRequest.php(21): Illuminate\\Pipeline\\Pipeline->Illuminate\\Pipeline\\{closure}()
#53 /home/ubuntu/escolavistaalegre/backend/vendor/laravel/framework/src/Illuminate/Foundation/Http/Middleware/TrimStrings.php(40): Illuminate\\Foundation\\Http\\Middleware\\TransformsRequest->handle()
#54 /home/ubuntu/escolavistaalegre/backend/vendor/laravel/framework/src/Illuminate/Pipeline/Pipeline.php(183): Illuminate\\Foundation\\Http\\Middleware\\TrimStrings->handle()
#55 /home/ubuntu/escolavistaalegre/backend/vendor/laravel/framework/src/Illuminate/Foundation/Http/Middleware/ValidatePostSize.php(27): Illuminate\\Pipeline\\Pipeline->Illuminate\\Pipeline\\{closure}()
#56 /home/ubuntu/escolavistaalegre/backend/vendor/laravel/framework/src/Illuminate/Pipeline/Pipeline.php(183): Illuminate\\Foundation\\Http\\Middleware\\ValidatePostSize->handle()
#57 /home/ubuntu/escolavistaalegre/backend/vendor/laravel/framework/src/Illuminate/Foundation/Http/Middleware/PreventRequestsDuringMaintenance.php(99): Illuminate\\Pipeline\\Pipeline->Illuminate\\Pipeline\\{closure}()
#58 /home/ubuntu/escolavistaalegre/backend/vendor/laravel/framework/src/Illuminate/Pipeline/Pipeline.php(183): Illuminate\\Foundation\\Http\\Middleware\\PreventRequestsDuringMaintenance->handle()
#59 /home/ubuntu/escolavistaalegre/backend/vendor/laravel/framework/src/Illuminate/Http/Middleware/HandleCors.php(49): Illuminate\\Pipeline\\Pipeline->Illuminate\\Pipeline\\{closure}()
#60 /home/ubuntu/escolavistaalegre/backend/vendor/laravel/framework/src/Illuminate/Pipeline/Pipeline.php(183): Illuminate\\Http\\Middleware\\HandleCors->handle()
#61 /home/ubuntu/escolavistaalegre/backend/vendor/laravel/framework/src/Illuminate/Http/Middleware/TrustProxies.php(39): Illuminate\\Pipeline\\Pipeline->Illuminate\\Pipeline\\{closure}()
#62 /home/ubuntu/escolavistaalegre/backend/vendor/laravel/framework/src/Illuminate/Pipeline/Pipeline.php(183): Illuminate\\Http\\Middleware\\TrustProxies->handle()
#63 /home/ubuntu/escolavistaalegre/backend/vendor/laravel/framework/src/Illuminate/Pipeline/Pipeline.php(119): Illuminate\\Pipeline\\Pipeline->Illuminate\\Pipeline\\{closure}()
#64 /home/ubuntu/escolavistaalegre/backend/vendor/laravel/framework/src/Illuminate/Foundation/Http/Kernel.php(175): Illuminate\\Pipeline\\Pipeline->then()
#65 /home/ubuntu/escolavistaalegre/backend/vendor/laravel/framework/src/Illuminate/Foundation/Http/Kernel.php(144): Illuminate\\Foundation\\Http\\Kernel->sendRequestThroughRouter()
#66 /home/ubuntu/escolavistaalegre/backend/public/index.php(52): Illuminate\\Foundation\\Http\\Kernel->handle()
#67 /home/ubuntu/escolavistaalegre/backend/vendor/laravel/framework/src/Illuminate/Foundation/resources/server.php(16): require_once('...')
#68 {main}

[previous exception] [object] (Illuminate\\Foundation\\ViteManifestNotFoundException(code: 0): Vite manifest not found at: /home/ubuntu/escolavistaalegre/backend/public/build/manifest.json at /home/ubuntu/escolavistaalegre/backend/vendor/laravel/framework/src/Illuminate/Foundation/Vite.php:728)
[stacktrace]
#0 /home/ubuntu/escolavistaalegre/backend/vendor/laravel/framework/src/Illuminate/Foundation/Vite.php(293): Illuminate\\Foundation\\Vite->manifest()
#1 /home/ubuntu/escolavistaalegre/backend/storage/framework/views/73b68312f6fb1d7d030fa01615c1700a.php(12): Illuminate\\Foundation\\Vite->__invoke()
#2 /home/ubuntu/escolavistaalegre/backend/vendor/laravel/framework/src/Illuminate/Filesystem/Filesystem.php(123): require('...')
#3 /home/ubuntu/escolavistaalegre/backend/vendor/laravel/framework/src/Illuminate/Filesystem/Filesystem.php(124): Illuminate\\Filesystem\\Filesystem::Illuminate\\Filesystem\\{closure}()
#4 /home/ubuntu/escolavistaalegre/backend/vendor/laravel/framework/src/Illuminate/View/Engines/PhpEngine.php(58): Illuminate\\Filesystem\\Filesystem->getRequire()
#5 /home/ubuntu/escolavistaalegre/backend/vendor/livewire/livewire/src/Mechanisms/ExtendBlade/ExtendedCompilerEngine.php(22): Illuminate\\View\\Engines\\PhpEngine->evaluatePath()
#6 /home/ubuntu/escolavistaalegre/backend/vendor/laravel/framework/src/Illuminate/View/Engines/CompilerEngine.php(72): Livewire\\Mechanisms\\ExtendBlade\\ExtendedCompilerEngine->evaluatePath()
#7 /home/ubuntu/escolavistaalegre/backend/vendor/livewire/livewire/src/Mechanisms/ExtendBlade/ExtendedCompilerEngine.php(10): Illuminate\\View\\Engines\\CompilerEngine->get()
#8 /home/ubuntu/escolavistaalegre/backend/vendor/laravel/framework/src/Illuminate/View/View.php(207): Livewire\\Mechanisms\\ExtendBlade\\ExtendedCompilerEngine->get()
#9 /home/ubuntu/escolavistaalegre/backend/vendor/laravel/framework/src/Illuminate/View/View.php(190): Illuminate\\View\\View->getContents()
#10 /home/ubuntu/escolavistaalegre/backend/vendor/laravel/framework/src/Illuminate/View/View.php(159): Illuminate\\View\\View->renderContents()
#11 /home/ubuntu/escolavistaalegre/backend/storage/framework/views/b60b772f152d103dbc2ffe21a2dfce38.php(183): Illuminate\\View\\View->render()
#12 /home/ubuntu/escolavistaalegre/backend/vendor/laravel/framework/src/Illuminate/Filesystem/Filesystem.php(123): require('...')
#13 /home/ubuntu/escolavistaalegre/backend/vendor/laravel/framework/src/Illuminate/Filesystem/Filesystem.php(124): Illuminate\\Filesystem\\Filesystem::Illuminate\\Filesystem\\{closure}()
#14 /home/ubuntu/escolavistaalegre/backend/vendor/laravel/framework/src/Illuminate/View/Engines/PhpEngine.php(58): Illuminate\\Filesystem\\Filesystem->getRequire()
#15 /home/ubuntu/escolavistaalegre/backend/vendor/livewire/livewire/src/Mechanisms/ExtendBlade/ExtendedCompilerEngine.php(22): Illuminate\\View\\Engines\\PhpEngine->evaluatePath()
#16 /home/ubuntu/escolavistaalegre/backend/vendor/laravel/framework/src/Illuminate/View/Engines/CompilerEngine.php(72): Livewire\\Mechanisms\\ExtendBlade\\ExtendedCompilerEngine->evaluatePath()
#17 /home/ubuntu/escolavistaalegre/backend/vendor/livewire/livewire/src/Mechanisms/ExtendBlade/ExtendedCompilerEngine.php(10): Illuminate\\View\\Engines\\CompilerEngine->get()
#18 /home/ubuntu/escolavistaalegre/backend/vendor/laravel/framework/src/Illuminate/View/View.php(207): Livewire\\Mechanisms\\ExtendBlade\\ExtendedCompilerEngine->get()
#19 /home/ubuntu/escolavistaalegre/backend/vendor/laravel/framework/src/Illuminate/View/View.php(190): Illuminate\\View\\View->getContents()
#20 /home/ubuntu/escolavistaalegre/backend/vendor/laravel/framework/src/Illuminate/View/View.php(159): Illuminate\\View\\View->renderContents()
#21 /home/ubuntu/escolavistaalegre/backend/vendor/laravel/framework/src/Illuminate/Http/Response.php(69): Illuminate\\View\\View->render()
#22 /home/ubuntu/escolavistaalegre/backend/vendor/laravel/framework/src/Illuminate/Http/Response.php(35): Illuminate\\Http\\Response->setContent()
#23 /home/ubuntu/escolavistaalegre/backend/vendor/laravel/framework/src/Illuminate/Routing/Router.php(918): Illuminate\\Http\\Response->__construct()
#24 /home/ubuntu/escolavistaalegre/backend/vendor/laravel/framework/src/Illuminate/Routing/Router.php(885): Illuminate\\Routing\\Router::toResponse()
#25 /home/ubuntu/escolavistaalegre/backend/vendor/laravel/framework/src/Illuminate/Routing/Router.php(806): Illuminate\\Routing\\Router->prepareResponse()
#26 /home/ubuntu/escolavistaalegre/backend/vendor/laravel/framework/src/Illuminate/Pipeline/Pipeline.php(144): Illuminate\\Routing\\Router->Illuminate\\Routing\\{closure}()
#27 /home/ubuntu/escolavistaalegre/backend/vendor/laravel/framework/src/Illuminate/Routing/Middleware/SubstituteBindings.php(50): Illuminate\\Pipeline\\Pipeline->Illuminate\\Pipeline\\{closure}()
#28 /home/ubuntu/escolavistaalegre/backend/vendor/laravel/framework/src/Illuminate/Pipeline/Pipeline.php(183): Illuminate\\Routing\\Middleware\\SubstituteBindings->handle()
#29 /home/ubuntu/escolavistaalegre/backend/vendor/laravel/framework/src/Illuminate/Foundation/Http/Middleware/VerifyCsrfToken.php(78): Illuminate\\Pipeline\\Pipeline->Illuminate\\Pipeline\\{closure}()
#30 /home/ubuntu/escolavistaalegre/backend/vendor/laravel/framework/src/Illuminate/Pipeline/Pipeline.php(183): Illuminate\\Foundation\\Http\\Middleware\\VerifyCsrfToken->handle()
#31 /home/ubuntu/escolavistaalegre/backend/vendor/laravel/framework/src/Illuminate/View/Middleware/ShareErrorsFromSession.php(49): Illuminate\\Pipeline\\Pipeline->Illuminate\\Pipeline\\{closure}()
#32 /home/ubuntu/escolavistaalegre/backend/vendor/laravel/framework/src/Illuminate/Pipeline/Pipeline.php(183): Illuminate\\View\\Middleware\\ShareErrorsFromSession->handle()
#33 /home/ubuntu/escolavistaalegre/backend/vendor/laravel/framework/src/Illuminate/Session/Middleware/StartSession.php(121): Illuminate\\Pipeline\\Pipeline->Illuminate\\Pipeline\\{closure}()
#34 /home/ubuntu/escolavistaalegre/backend/vendor/laravel/framework/src/Illuminate/Session/Middleware/StartSession.php(64): Illuminate\\Session\\Middleware\\StartSession->handleStatefulRequest()
#35 /home/ubuntu/escolavistaalegre/backend/vendor/laravel/framework/src/Illuminate/Pipeline/Pipeline.php(183): Illuminate\\Session\\Middleware\\StartSession->handle()
#36 /home/ubuntu/escolavistaalegre/backend/vendor/laravel/framework/src/Illuminate/Cookie/Middleware/AddQueuedCookiesToResponse.php(37): Illuminate\\Pipeline\\Pipeline->Illuminate\\Pipeline\\{closure}()
#37 /home/ubuntu/escolavistaalegre/backend/vendor/laravel/framework/src/Illuminate/Pipeline/Pipeline.php(183): Illuminate\\Cookie\\Middleware\\AddQueuedCookiesToResponse->handle()
#38 /home/ubuntu/escolavistaalegre/backend/vendor/laravel/framework/src/Illuminate/Cookie/Middleware/EncryptCookies.php(67): Illuminate\\Pipeline\\Pipeline->Illuminate\\Pipeline\\{closure}()
#39 /home/ubuntu/escolavistaalegre/backend/vendor/laravel/framework/src/Illuminate/Pipeline/Pipeline.php(183): Illuminate\\Cookie\\Middleware\\EncryptCookies->handle()
#40 /home/ubuntu/escolavistaalegre/backend/vendor/laravel/framework/src/Illuminate/Pipeline/Pipeline.php(119): Illuminate\\Pipeline\\Pipeline->Illuminate\\Pipeline\\{closure}()
#41 /home/ubuntu/escolavistaalegre/backend/vendor/laravel/framework/src/Illuminate/Routing/Router.php(807): Illuminate\\Pipeline\\Pipeline->then()
#42 /home/ubuntu/escolavistaalegre/backend/vendor/laravel/framework/src/Illuminate/Routing/Router.php(784): Illuminate\\Routing\\Router->runRouteWithinStack()
#43 /home/ubuntu/escolavistaalegre/backend/vendor/laravel/framework/src/Illuminate/Routing/Router.php(748): Illuminate\\Routing\\Router->runRoute()
#44 /home/ubuntu/escolavistaalegre/backend/vendor/laravel/framework/src/Illuminate/Routing/Router.php(737): Illuminate\\Routing\\Router->dispatchToRoute()
#45 /home/ubuntu/escolavistaalegre/backend/vendor/laravel/framework/src/Illuminate/Foundation/Http/Kernel.php(200): Illuminate\\Routing\\Router->dispatch()
#46 /home/ubuntu/escolavistaalegre/backend/vendor/laravel/framework/src/Illuminate/Pipeline/Pipeline.php(144): Illuminate\\Foundation\\Http\\Kernel->Illuminate\\Foundation\\Http\\{closure}()
#47 /home/ubuntu/escolavistaalegre/backend/vendor/livewire/livewire/src/Features/SupportDisablingBackButtonCache/DisableBackButtonCacheMiddleware.php(19): Illuminate\\Pipeline\\Pipeline->Illuminate\\Pipeline\\{closure}()
#48 /home/ubuntu/escolavistaalegre/backend/vendor/laravel/framework/src/Illuminate/Pipeline/Pipeline.php(183): Livewire\\Features\\SupportDisablingBackButtonCache\\DisableBackButtonCacheMiddleware->handle()
#49 /home/ubuntu/escolavistaalegre/backend/vendor/laravel/framework/src/Illuminate/Foundation/Http/Middleware/TransformsRequest.php(21): Illuminate\\Pipeline\\Pipeline->Illuminate\\Pipeline\\{closure}()
#50 /home/ubuntu/escolavistaalegre/backend/vendor/laravel/framework/src/Illuminate/Foundation/Http/Middleware/ConvertEmptyStringsToNull.php(31): Illuminate\\Foundation\\Http\\Middleware\\TransformsRequest->handle()
#51 /home/ubuntu/escolavistaalegre/backend/vendor/laravel/framework/src/Illuminate/Pipeline/Pipeline.php(183): Illuminate\\Foundation\\Http\\Middleware\\ConvertEmptyStringsToNull->handle()
#52 /home/ubuntu/escolavistaalegre/backend/vendor/laravel/framework/src/Illuminate/Foundation/Http/Middleware/TransformsRequest.php(21): Illuminate\\Pipeline\\Pipeline->Illuminate\\Pipeline\\{closure}()
#53 /home/ubuntu/escolavistaalegre/backend/vendor/laravel/framework/src/Illuminate/Foundation/Http/Middleware/TrimStrings.php(40): Illuminate\\Foundation\\Http\\Middleware\\TransformsRequest->handle()
#54 /home/ubuntu/escolavistaalegre/backend/vendor/laravel/framework/src/Illuminate/Pipeline/Pipeline.php(183): Illuminate\\Foundation\\Http\\Middleware\\TrimStrings->handle()
#55 /home/ubuntu/escolavistaalegre/backend/vendor/laravel/framework/src/Illuminate/Foundation/Http/Middleware/ValidatePostSize.php(27): Illuminate\\Pipeline\\Pipeline->Illuminate\\Pipeline\\{closure}()
#56 /home/ubuntu/escolavistaalegre/backend/vendor/laravel/framework/src/Illuminate/Pipeline/Pipeline.php(183): Illuminate\\Foundation\\Http\\Middleware\\ValidatePostSize->handle()
#57 /home/ubuntu/escolavistaalegre/backend/vendor/laravel/framework/src/Illuminate/Foundation/Http/Middleware/PreventRequestsDuringMaintenance.php(99): Illuminate\\Pipeline\\Pipeline->Illuminate\\Pipeline\\{closure}()
#58 /home/ubuntu/escolavistaalegre/backend/vendor/laravel/framework/src/Illuminate/Pipeline/Pipeline.php(183): Illuminate\\Foundation\\Http\\Middleware\\PreventRequestsDuringMaintenance->handle()
#59 /home/ubuntu/escolavistaalegre/backend/vendor/laravel/framework/src/Illuminate/Http/Middleware/HandleCors.php(49): Illuminate\\Pipeline\\Pipeline->Illuminate\\Pipeline\\{closure}()
#60 /home/ubuntu/escolavistaalegre/backend/vendor/laravel/framework/src/Illuminate/Pipeline/Pipeline.php(183): Illuminate\\Http\\Middleware\\HandleCors->handle()
#61 /home/ubuntu/escolavistaalegre/backend/vendor/laravel/framework/src/Illuminate/Http/Middleware/TrustProxies.php(39): Illuminate\\Pipeline\\Pipeline->Illuminate\\Pipeline\\{closure}()
#62 /home/ubuntu/escolavistaalegre/backend/vendor/laravel/framework/src/Illuminate/Pipeline/Pipeline.php(183): Illuminate\\Http\\Middleware\\TrustProxies->handle()
#63 /home/ubuntu/escolavistaalegre/backend/vendor/laravel/framework/src/Illuminate/Pipeline/Pipeline.php(119): Illuminate\\Pipeline\\Pipeline->Illuminate\\Pipeline\\{closure}()
#64 /home/ubuntu/escolavistaalegre/backend/vendor/laravel/framework/src/Illuminate/Foundation/Http/Kernel.php(175): Illuminate\\Pipeline\\Pipeline->then()
#65 /home/ubuntu/escolavistaalegre/backend/vendor/laravel/framework/src/Illuminate/Foundation/Http/Kernel.php(144): Illuminate\\Foundation\\Http\\Kernel->sendRequestThroughRouter()
#66 /home/ubuntu/escolavistaalegre/backend/public/index.php(52): Illuminate\\Foundation\\Http\\Kernel->handle()
#67 /home/ubuntu/escolavistaalegre/backend/vendor/laravel/framework/src/Illuminate/Foundation/resources/server.php(16): require_once('...')
#68 {main}
"}
[2025-06-04 20:23:48] PROD.ERROR: Vite manifest not found at: /home/ubuntu/escolavistaalegre/backend/public/build/manifest.json {"view":{"view":"/home/ubuntu/escolavistaalegre/backend/resources/views/layouts/public.blade.php","data":[]},"exception":"[object] (Spatie\\LaravelIgnition\\Exceptions\\ViewException(code: 0): Vite manifest not found at: /home/ubuntu/escolavistaalegre/backend/public/build/manifest.json at /home/ubuntu/escolavistaalegre/backend/vendor/laravel/framework/src/Illuminate/Foundation/Vite.php:728)
[stacktrace]
#0 /home/ubuntu/escolavistaalegre/backend/vendor/laravel/framework/src/Illuminate/Foundation/Vite.php(293): Illuminate\\Foundation\\Vite->manifest()
#1 /home/ubuntu/escolavistaalegre/backend/resources/views/layouts/public.blade.php(12): Illuminate\\Foundation\\Vite->__invoke()
#2 /home/ubuntu/escolavistaalegre/backend/vendor/laravel/framework/src/Illuminate/Filesystem/Filesystem.php(123): require('...')
#3 /home/ubuntu/escolavistaalegre/backend/vendor/laravel/framework/src/Illuminate/Filesystem/Filesystem.php(124): Illuminate\\Filesystem\\Filesystem::Illuminate\\Filesystem\\{closure}()
#4 /home/ubuntu/escolavistaalegre/backend/vendor/laravel/framework/src/Illuminate/View/Engines/PhpEngine.php(58): Illuminate\\Filesystem\\Filesystem->getRequire()
#5 /home/ubuntu/escolavistaalegre/backend/vendor/livewire/livewire/src/Mechanisms/ExtendBlade/ExtendedCompilerEngine.php(22): Illuminate\\View\\Engines\\PhpEngine->evaluatePath()
#6 /home/ubuntu/escolavistaalegre/backend/vendor/laravel/framework/src/Illuminate/View/Engines/CompilerEngine.php(72): Livewire\\Mechanisms\\ExtendBlade\\ExtendedCompilerEngine->evaluatePath()
#7 /home/ubuntu/escolavistaalegre/backend/vendor/livewire/livewire/src/Mechanisms/ExtendBlade/ExtendedCompilerEngine.php(10): Illuminate\\View\\Engines\\CompilerEngine->get()
#8 /home/ubuntu/escolavistaalegre/backend/vendor/laravel/framework/src/Illuminate/View/View.php(207): Livewire\\Mechanisms\\ExtendBlade\\ExtendedCompilerEngine->get()
#9 /home/ubuntu/escolavistaalegre/backend/vendor/laravel/framework/src/Illuminate/View/View.php(190): Illuminate\\View\\View->getContents()
#10 /home/ubuntu/escolavistaalegre/backend/vendor/laravel/framework/src/Illuminate/View/View.php(159): Illuminate\\View\\View->renderContents()
#11 /home/ubuntu/escolavistaalegre/backend/resources/views/public/home.blade.php(183): Illuminate\\View\\View->render()
#12 /home/ubuntu/escolavistaalegre/backend/vendor/laravel/framework/src/Illuminate/Filesystem/Filesystem.php(123): require('...')
#13 /home/ubuntu/escolavistaalegre/backend/vendor/laravel/framework/src/Illuminate/Filesystem/Filesystem.php(124): Illuminate\\Filesystem\\Filesystem::Illuminate\\Filesystem\\{closure}()
#14 /home/ubuntu/escolavistaalegre/backend/vendor/laravel/framework/src/Illuminate/View/Engines/PhpEngine.php(58): Illuminate\\Filesystem\\Filesystem->getRequire()
#15 /home/ubuntu/escolavistaalegre/backend/vendor/livewire/livewire/src/Mechanisms/ExtendBlade/ExtendedCompilerEngine.php(22): Illuminate\\View\\Engines\\PhpEngine->evaluatePath()
#16 /home/ubuntu/escolavistaalegre/backend/vendor/laravel/framework/src/Illuminate/View/Engines/CompilerEngine.php(72): Livewire\\Mechanisms\\ExtendBlade\\ExtendedCompilerEngine->evaluatePath()
#17 /home/ubuntu/escolavistaalegre/backend/vendor/livewire/livewire/src/Mechanisms/ExtendBlade/ExtendedCompilerEngine.php(10): Illuminate\\View\\Engines\\CompilerEngine->get()
#18 /home/ubuntu/escolavistaalegre/backend/vendor/laravel/framework/src/Illuminate/View/View.php(207): Livewire\\Mechanisms\\ExtendBlade\\ExtendedCompilerEngine->get()
#19 /home/ubuntu/escolavistaalegre/backend/vendor/laravel/framework/src/Illuminate/View/View.php(190): Illuminate\\View\\View->getContents()
#20 /home/ubuntu/escolavistaalegre/backend/vendor/laravel/framework/src/Illuminate/View/View.php(159): Illuminate\\View\\View->renderContents()
#21 /home/ubuntu/escolavistaalegre/backend/vendor/laravel/framework/src/Illuminate/Http/Response.php(69): Illuminate\\View\\View->render()
#22 /home/ubuntu/escolavistaalegre/backend/vendor/laravel/framework/src/Illuminate/Http/Response.php(35): Illuminate\\Http\\Response->setContent()
#23 /home/ubuntu/escolavistaalegre/backend/vendor/laravel/framework/src/Illuminate/Routing/Router.php(918): Illuminate\\Http\\Response->__construct()
#24 /home/ubuntu/escolavistaalegre/backend/vendor/laravel/framework/src/Illuminate/Routing/Router.php(885): Illuminate\\Routing\\Router::toResponse()
#25 /home/ubuntu/escolavistaalegre/backend/vendor/laravel/framework/src/Illuminate/Routing/Router.php(806): Illuminate\\Routing\\Router->prepareResponse()
#26 /home/ubuntu/escolavistaalegre/backend/vendor/laravel/framework/src/Illuminate/Pipeline/Pipeline.php(144): Illuminate\\Routing\\Router->Illuminate\\Routing\\{closure}()
#27 /home/ubuntu/escolavistaalegre/backend/vendor/laravel/framework/src/Illuminate/Routing/Middleware/SubstituteBindings.php(50): Illuminate\\Pipeline\\Pipeline->Illuminate\\Pipeline\\{closure}()
#28 /home/ubuntu/escolavistaalegre/backend/vendor/laravel/framework/src/Illuminate/Pipeline/Pipeline.php(183): Illuminate\\Routing\\Middleware\\SubstituteBindings->handle()
#29 /home/ubuntu/escolavistaalegre/backend/vendor/laravel/framework/src/Illuminate/Foundation/Http/Middleware/VerifyCsrfToken.php(78): Illuminate\\Pipeline\\Pipeline->Illuminate\\Pipeline\\{closure}()
#30 /home/ubuntu/escolavistaalegre/backend/vendor/laravel/framework/src/Illuminate/Pipeline/Pipeline.php(183): Illuminate\\Foundation\\Http\\Middleware\\VerifyCsrfToken->handle()
#31 /home/ubuntu/escolavistaalegre/backend/vendor/laravel/framework/src/Illuminate/View/Middleware/ShareErrorsFromSession.php(49): Illuminate\\Pipeline\\Pipeline->Illuminate\\Pipeline\\{closure}()
#32 /home/ubuntu/escolavistaalegre/backend/vendor/laravel/framework/src/Illuminate/Pipeline/Pipeline.php(183): Illuminate\\View\\Middleware\\ShareErrorsFromSession->handle()
#33 /home/ubuntu/escolavistaalegre/backend/vendor/laravel/framework/src/Illuminate/Session/Middleware/StartSession.php(121): Illuminate\\Pipeline\\Pipeline->Illuminate\\Pipeline\\{closure}()
#34 /home/ubuntu/escolavistaalegre/backend/vendor/laravel/framework/src/Illuminate/Session/Middleware/StartSession.php(64): Illuminate\\Session\\Middleware\\StartSession->handleStatefulRequest()
#35 /home/ubuntu/escolavistaalegre/backend/vendor/laravel/framework/src/Illuminate/Pipeline/Pipeline.php(183): Illuminate\\Session\\Middleware\\StartSession->handle()
#36 /home/ubuntu/escolavistaalegre/backend/vendor/laravel/framework/src/Illuminate/Cookie/Middleware/AddQueuedCookiesToResponse.php(37): Illuminate\\Pipeline\\Pipeline->Illuminate\\Pipeline\\{closure}()
#37 /home/ubuntu/escolavistaalegre/backend/vendor/laravel/framework/src/Illuminate/Pipeline/Pipeline.php(183): Illuminate\\Cookie\\Middleware\\AddQueuedCookiesToResponse->handle()
#38 /home/ubuntu/escolavistaalegre/backend/vendor/laravel/framework/src/Illuminate/Cookie/Middleware/EncryptCookies.php(67): Illuminate\\Pipeline\\Pipeline->Illuminate\\Pipeline\\{closure}()
#39 /home/ubuntu/escolavistaalegre/backend/vendor/laravel/framework/src/Illuminate/Pipeline/Pipeline.php(183): Illuminate\\Cookie\\Middleware\\EncryptCookies->handle()
#40 /home/ubuntu/escolavistaalegre/backend/vendor/laravel/framework/src/Illuminate/Pipeline/Pipeline.php(119): Illuminate\\Pipeline\\Pipeline->Illuminate\\Pipeline\\{closure}()
#41 /home/ubuntu/escolavistaalegre/backend/vendor/laravel/framework/src/Illuminate/Routing/Router.php(807): Illuminate\\Pipeline\\Pipeline->then()
#42 /home/ubuntu/escolavistaalegre/backend/vendor/laravel/framework/src/Illuminate/Routing/Router.php(784): Illuminate\\Routing\\Router->runRouteWithinStack()
#43 /home/ubuntu/escolavistaalegre/backend/vendor/laravel/framework/src/Illuminate/Routing/Router.php(748): Illuminate\\Routing\\Router->runRoute()
#44 /home/ubuntu/escolavistaalegre/backend/vendor/laravel/framework/src/Illuminate/Routing/Router.php(737): Illuminate\\Routing\\Router->dispatchToRoute()
#45 /home/ubuntu/escolavistaalegre/backend/vendor/laravel/framework/src/Illuminate/Foundation/Http/Kernel.php(200): Illuminate\\Routing\\Router->dispatch()
#46 /home/ubuntu/escolavistaalegre/backend/vendor/laravel/framework/src/Illuminate/Pipeline/Pipeline.php(144): Illuminate\\Foundation\\Http\\Kernel->Illuminate\\Foundation\\Http\\{closure}()
#47 /home/ubuntu/escolavistaalegre/backend/vendor/livewire/livewire/src/Features/SupportDisablingBackButtonCache/DisableBackButtonCacheMiddleware.php(19): Illuminate\\Pipeline\\Pipeline->Illuminate\\Pipeline\\{closure}()
#48 /home/ubuntu/escolavistaalegre/backend/vendor/laravel/framework/src/Illuminate/Pipeline/Pipeline.php(183): Livewire\\Features\\SupportDisablingBackButtonCache\\DisableBackButtonCacheMiddleware->handle()
#49 /home/ubuntu/escolavistaalegre/backend/vendor/laravel/framework/src/Illuminate/Foundation/Http/Middleware/TransformsRequest.php(21): Illuminate\\Pipeline\\Pipeline->Illuminate\\Pipeline\\{closure}()
#50 /home/ubuntu/escolavistaalegre/backend/vendor/laravel/framework/src/Illuminate/Foundation/Http/Middleware/ConvertEmptyStringsToNull.php(31): Illuminate\\Foundation\\Http\\Middleware\\TransformsRequest->handle()
#51 /home/ubuntu/escolavistaalegre/backend/vendor/laravel/framework/src/Illuminate/Pipeline/Pipeline.php(183): Illuminate\\Foundation\\Http\\Middleware\\ConvertEmptyStringsToNull->handle()
#52 /home/ubuntu/escolavistaalegre/backend/vendor/laravel/framework/src/Illuminate/Foundation/Http/Middleware/TransformsRequest.php(21): Illuminate\\Pipeline\\Pipeline->Illuminate\\Pipeline\\{closure}()
#53 /home/ubuntu/escolavistaalegre/backend/vendor/laravel/framework/src/Illuminate/Foundation/Http/Middleware/TrimStrings.php(40): Illuminate\\Foundation\\Http\\Middleware\\TransformsRequest->handle()
#54 /home/ubuntu/escolavistaalegre/backend/vendor/laravel/framework/src/Illuminate/Pipeline/Pipeline.php(183): Illuminate\\Foundation\\Http\\Middleware\\TrimStrings->handle()
#55 /home/ubuntu/escolavistaalegre/backend/vendor/laravel/framework/src/Illuminate/Foundation/Http/Middleware/ValidatePostSize.php(27): Illuminate\\Pipeline\\Pipeline->Illuminate\\Pipeline\\{closure}()
#56 /home/ubuntu/escolavistaalegre/backend/vendor/laravel/framework/src/Illuminate/Pipeline/Pipeline.php(183): Illuminate\\Foundation\\Http\\Middleware\\ValidatePostSize->handle()
#57 /home/ubuntu/escolavistaalegre/backend/vendor/laravel/framework/src/Illuminate/Foundation/Http/Middleware/PreventRequestsDuringMaintenance.php(99): Illuminate\\Pipeline\\Pipeline->Illuminate\\Pipeline\\{closure}()
#58 /home/ubuntu/escolavistaalegre/backend/vendor/laravel/framework/src/Illuminate/Pipeline/Pipeline.php(183): Illuminate\\Foundation\\Http\\Middleware\\PreventRequestsDuringMaintenance->handle()
#59 /home/ubuntu/escolavistaalegre/backend/vendor/laravel/framework/src/Illuminate/Http/Middleware/HandleCors.php(49): Illuminate\\Pipeline\\Pipeline->Illuminate\\Pipeline\\{closure}()
#60 /home/ubuntu/escolavistaalegre/backend/vendor/laravel/framework/src/Illuminate/Pipeline/Pipeline.php(183): Illuminate\\Http\\Middleware\\HandleCors->handle()
#61 /home/ubuntu/escolavistaalegre/backend/vendor/laravel/framework/src/Illuminate/Http/Middleware/TrustProxies.php(39): Illuminate\\Pipeline\\Pipeline->Illuminate\\Pipeline\\{closure}()
#62 /home/ubuntu/escolavistaalegre/backend/vendor/laravel/framework/src/Illuminate/Pipeline/Pipeline.php(183): Illuminate\\Http\\Middleware\\TrustProxies->handle()
#63 /home/ubuntu/escolavistaalegre/backend/vendor/laravel/framework/src/Illuminate/Pipeline/Pipeline.php(119): Illuminate\\Pipeline\\Pipeline->Illuminate\\Pipeline\\{closure}()
#64 /home/ubuntu/escolavistaalegre/backend/vendor/laravel/framework/src/Illuminate/Foundation/Http/Kernel.php(175): Illuminate\\Pipeline\\Pipeline->then()
#65 /home/ubuntu/escolavistaalegre/backend/vendor/laravel/framework/src/Illuminate/Foundation/Http/Kernel.php(144): Illuminate\\Foundation\\Http\\Kernel->sendRequestThroughRouter()
#66 /home/ubuntu/escolavistaalegre/backend/public/index.php(52): Illuminate\\Foundation\\Http\\Kernel->handle()
#67 /home/ubuntu/escolavistaalegre/backend/vendor/laravel/framework/src/Illuminate/Foundation/resources/server.php(16): require_once('...')
#68 {main}

[previous exception] [object] (Illuminate\\Foundation\\ViteManifestNotFoundException(code: 0): Vite manifest not found at: /home/ubuntu/escolavistaalegre/backend/public/build/manifest.json at /home/ubuntu/escolavistaalegre/backend/vendor/laravel/framework/src/Illuminate/Foundation/Vite.php:728)
[stacktrace]
#0 /home/ubuntu/escolavistaalegre/backend/vendor/laravel/framework/src/Illuminate/Foundation/Vite.php(293): Illuminate\\Foundation\\Vite->manifest()
#1 /home/ubuntu/escolavistaalegre/backend/storage/framework/views/73b68312f6fb1d7d030fa01615c1700a.php(12): Illuminate\\Foundation\\Vite->__invoke()
#2 /home/ubuntu/escolavistaalegre/backend/vendor/laravel/framework/src/Illuminate/Filesystem/Filesystem.php(123): require('...')
#3 /home/ubuntu/escolavistaalegre/backend/vendor/laravel/framework/src/Illuminate/Filesystem/Filesystem.php(124): Illuminate\\Filesystem\\Filesystem::Illuminate\\Filesystem\\{closure}()
#4 /home/ubuntu/escolavistaalegre/backend/vendor/laravel/framework/src/Illuminate/View/Engines/PhpEngine.php(58): Illuminate\\Filesystem\\Filesystem->getRequire()
#5 /home/ubuntu/escolavistaalegre/backend/vendor/livewire/livewire/src/Mechanisms/ExtendBlade/ExtendedCompilerEngine.php(22): Illuminate\\View\\Engines\\PhpEngine->evaluatePath()
#6 /home/ubuntu/escolavistaalegre/backend/vendor/laravel/framework/src/Illuminate/View/Engines/CompilerEngine.php(72): Livewire\\Mechanisms\\ExtendBlade\\ExtendedCompilerEngine->evaluatePath()
#7 /home/ubuntu/escolavistaalegre/backend/vendor/livewire/livewire/src/Mechanisms/ExtendBlade/ExtendedCompilerEngine.php(10): Illuminate\\View\\Engines\\CompilerEngine->get()
#8 /home/ubuntu/escolavistaalegre/backend/vendor/laravel/framework/src/Illuminate/View/View.php(207): Livewire\\Mechanisms\\ExtendBlade\\ExtendedCompilerEngine->get()
#9 /home/ubuntu/escolavistaalegre/backend/vendor/laravel/framework/src/Illuminate/View/View.php(190): Illuminate\\View\\View->getContents()
#10 /home/ubuntu/escolavistaalegre/backend/vendor/laravel/framework/src/Illuminate/View/View.php(159): Illuminate\\View\\View->renderContents()
#11 /home/ubuntu/escolavistaalegre/backend/storage/framework/views/b60b772f152d103dbc2ffe21a2dfce38.php(183): Illuminate\\View\\View->render()
#12 /home/ubuntu/escolavistaalegre/backend/vendor/laravel/framework/src/Illuminate/Filesystem/Filesystem.php(123): require('...')
#13 /home/ubuntu/escolavistaalegre/backend/vendor/laravel/framework/src/Illuminate/Filesystem/Filesystem.php(124): Illuminate\\Filesystem\\Filesystem::Illuminate\\Filesystem\\{closure}()
#14 /home/ubuntu/escolavistaalegre/backend/vendor/laravel/framework/src/Illuminate/View/Engines/PhpEngine.php(58): Illuminate\\Filesystem\\Filesystem->getRequire()
#15 /home/ubuntu/escolavistaalegre/backend/vendor/livewire/livewire/src/Mechanisms/ExtendBlade/ExtendedCompilerEngine.php(22): Illuminate\\View\\Engines\\PhpEngine->evaluatePath()
#16 /home/ubuntu/escolavistaalegre/backend/vendor/laravel/framework/src/Illuminate/View/Engines/CompilerEngine.php(72): Livewire\\Mechanisms\\ExtendBlade\\ExtendedCompilerEngine->evaluatePath()
#17 /home/ubuntu/escolavistaalegre/backend/vendor/livewire/livewire/src/Mechanisms/ExtendBlade/ExtendedCompilerEngine.php(10): Illuminate\\View\\Engines\\CompilerEngine->get()
#18 /home/ubuntu/escolavistaalegre/backend/vendor/laravel/framework/src/Illuminate/View/View.php(207): Livewire\\Mechanisms\\ExtendBlade\\ExtendedCompilerEngine->get()
#19 /home/ubuntu/escolavistaalegre/backend/vendor/laravel/framework/src/Illuminate/View/View.php(190): Illuminate\\View\\View->getContents()
#20 /home/ubuntu/escolavistaalegre/backend/vendor/laravel/framework/src/Illuminate/View/View.php(159): Illuminate\\View\\View->renderContents()
#21 /home/ubuntu/escolavistaalegre/backend/vendor/laravel/framework/src/Illuminate/Http/Response.php(69): Illuminate\\View\\View->render()
#22 /home/ubuntu/escolavistaalegre/backend/vendor/laravel/framework/src/Illuminate/Http/Response.php(35): Illuminate\\Http\\Response->setContent()
#23 /home/ubuntu/escolavistaalegre/backend/vendor/laravel/framework/src/Illuminate/Routing/Router.php(918): Illuminate\\Http\\Response->__construct()
#24 /home/ubuntu/escolavistaalegre/backend/vendor/laravel/framework/src/Illuminate/Routing/Router.php(885): Illuminate\\Routing\\Router::toResponse()
#25 /home/ubuntu/escolavistaalegre/backend/vendor/laravel/framework/src/Illuminate/Routing/Router.php(806): Illuminate\\Routing\\Router->prepareResponse()
#26 /home/ubuntu/escolavistaalegre/backend/vendor/laravel/framework/src/Illuminate/Pipeline/Pipeline.php(144): Illuminate\\Routing\\Router->Illuminate\\Routing\\{closure}()
#27 /home/ubuntu/escolavistaalegre/backend/vendor/laravel/framework/src/Illuminate/Routing/Middleware/SubstituteBindings.php(50): Illuminate\\Pipeline\\Pipeline->Illuminate\\Pipeline\\{closure}()
#28 /home/ubuntu/escolavistaalegre/backend/vendor/laravel/framework/src/Illuminate/Pipeline/Pipeline.php(183): Illuminate\\Routing\\Middleware\\SubstituteBindings->handle()
#29 /home/ubuntu/escolavistaalegre/backend/vendor/laravel/framework/src/Illuminate/Foundation/Http/Middleware/VerifyCsrfToken.php(78): Illuminate\\Pipeline\\Pipeline->Illuminate\\Pipeline\\{closure}()
#30 /home/ubuntu/escolavistaalegre/backend/vendor/laravel/framework/src/Illuminate/Pipeline/Pipeline.php(183): Illuminate\\Foundation\\Http\\Middleware\\VerifyCsrfToken->handle()
#31 /home/ubuntu/escolavistaalegre/backend/vendor/laravel/framework/src/Illuminate/View/Middleware/ShareErrorsFromSession.php(49): Illuminate\\Pipeline\\Pipeline->Illuminate\\Pipeline\\{closure}()
#32 /home/ubuntu/escolavistaalegre/backend/vendor/laravel/framework/src/Illuminate/Pipeline/Pipeline.php(183): Illuminate\\View\\Middleware\\ShareErrorsFromSession->handle()
#33 /home/ubuntu/escolavistaalegre/backend/vendor/laravel/framework/src/Illuminate/Session/Middleware/StartSession.php(121): Illuminate\\Pipeline\\Pipeline->Illuminate\\Pipeline\\{closure}()
#34 /home/ubuntu/escolavistaalegre/backend/vendor/laravel/framework/src/Illuminate/Session/Middleware/StartSession.php(64): Illuminate\\Session\\Middleware\\StartSession->handleStatefulRequest()
#35 /home/ubuntu/escolavistaalegre/backend/vendor/laravel/framework/src/Illuminate/Pipeline/Pipeline.php(183): Illuminate\\Session\\Middleware\\StartSession->handle()
#36 /home/ubuntu/escolavistaalegre/backend/vendor/laravel/framework/src/Illuminate/Cookie/Middleware/AddQueuedCookiesToResponse.php(37): Illuminate\\Pipeline\\Pipeline->Illuminate\\Pipeline\\{closure}()
#37 /home/ubuntu/escolavistaalegre/backend/vendor/laravel/framework/src/Illuminate/Pipeline/Pipeline.php(183): Illuminate\\Cookie\\Middleware\\AddQueuedCookiesToResponse->handle()
#38 /home/ubuntu/escolavistaalegre/backend/vendor/laravel/framework/src/Illuminate/Cookie/Middleware/EncryptCookies.php(67): Illuminate\\Pipeline\\Pipeline->Illuminate\\Pipeline\\{closure}()
#39 /home/ubuntu/escolavistaalegre/backend/vendor/laravel/framework/src/Illuminate/Pipeline/Pipeline.php(183): Illuminate\\Cookie\\Middleware\\EncryptCookies->handle()
#40 /home/ubuntu/escolavistaalegre/backend/vendor/laravel/framework/src/Illuminate/Pipeline/Pipeline.php(119): Illuminate\\Pipeline\\Pipeline->Illuminate\\Pipeline\\{closure}()
#41 /home/ubuntu/escolavistaalegre/backend/vendor/laravel/framework/src/Illuminate/Routing/Router.php(807): Illuminate\\Pipeline\\Pipeline->then()
#42 /home/ubuntu/escolavistaalegre/backend/vendor/laravel/framework/src/Illuminate/Routing/Router.php(784): Illuminate\\Routing\\Router->runRouteWithinStack()
#43 /home/ubuntu/escolavistaalegre/backend/vendor/laravel/framework/src/Illuminate/Routing/Router.php(748): Illuminate\\Routing\\Router->runRoute()
#44 /home/ubuntu/escolavistaalegre/backend/vendor/laravel/framework/src/Illuminate/Routing/Router.php(737): Illuminate\\Routing\\Router->dispatchToRoute()
#45 /home/ubuntu/escolavistaalegre/backend/vendor/laravel/framework/src/Illuminate/Foundation/Http/Kernel.php(200): Illuminate\\Routing\\Router->dispatch()
#46 /home/ubuntu/escolavistaalegre/backend/vendor/laravel/framework/src/Illuminate/Pipeline/Pipeline.php(144): Illuminate\\Foundation\\Http\\Kernel->Illuminate\\Foundation\\Http\\{closure}()
#47 /home/ubuntu/escolavistaalegre/backend/vendor/livewire/livewire/src/Features/SupportDisablingBackButtonCache/DisableBackButtonCacheMiddleware.php(19): Illuminate\\Pipeline\\Pipeline->Illuminate\\Pipeline\\{closure}()
#48 /home/ubuntu/escolavistaalegre/backend/vendor/laravel/framework/src/Illuminate/Pipeline/Pipeline.php(183): Livewire\\Features\\SupportDisablingBackButtonCache\\DisableBackButtonCacheMiddleware->handle()
#49 /home/ubuntu/escolavistaalegre/backend/vendor/laravel/framework/src/Illuminate/Foundation/Http/Middleware/TransformsRequest.php(21): Illuminate\\Pipeline\\Pipeline->Illuminate\\Pipeline\\{closure}()
#50 /home/ubuntu/escolavistaalegre/backend/vendor/laravel/framework/src/Illuminate/Foundation/Http/Middleware/ConvertEmptyStringsToNull.php(31): Illuminate\\Foundation\\Http\\Middleware\\TransformsRequest->handle()
#51 /home/ubuntu/escolavistaalegre/backend/vendor/laravel/framework/src/Illuminate/Pipeline/Pipeline.php(183): Illuminate\\Foundation\\Http\\Middleware\\ConvertEmptyStringsToNull->handle()
#52 /home/ubuntu/escolavistaalegre/backend/vendor/laravel/framework/src/Illuminate/Foundation/Http/Middleware/TransformsRequest.php(21): Illuminate\\Pipeline\\Pipeline->Illuminate\\Pipeline\\{closure}()
#53 /home/ubuntu/escolavistaalegre/backend/vendor/laravel/framework/src/Illuminate/Foundation/Http/Middleware/TrimStrings.php(40): Illuminate\\Foundation\\Http\\Middleware\\TransformsRequest->handle()
#54 /home/ubuntu/escolavistaalegre/backend/vendor/laravel/framework/src/Illuminate/Pipeline/Pipeline.php(183): Illuminate\\Foundation\\Http\\Middleware\\TrimStrings->handle()
#55 /home/ubuntu/escolavistaalegre/backend/vendor/laravel/framework/src/Illuminate/Foundation/Http/Middleware/ValidatePostSize.php(27): Illuminate\\Pipeline\\Pipeline->Illuminate\\Pipeline\\{closure}()
#56 /home/ubuntu/escolavistaalegre/backend/vendor/laravel/framework/src/Illuminate/Pipeline/Pipeline.php(183): Illuminate\\Foundation\\Http\\Middleware\\ValidatePostSize->handle()
#57 /home/ubuntu/escolavistaalegre/backend/vendor/laravel/framework/src/Illuminate/Foundation/Http/Middleware/PreventRequestsDuringMaintenance.php(99): Illuminate\\Pipeline\\Pipeline->Illuminate\\Pipeline\\{closure}()
#58 /home/ubuntu/escolavistaalegre/backend/vendor/laravel/framework/src/Illuminate/Pipeline/Pipeline.php(183): Illuminate\\Foundation\\Http\\Middleware\\PreventRequestsDuringMaintenance->handle()
#59 /home/ubuntu/escolavistaalegre/backend/vendor/laravel/framework/src/Illuminate/Http/Middleware/HandleCors.php(49): Illuminate\\Pipeline\\Pipeline->Illuminate\\Pipeline\\{closure}()
#60 /home/ubuntu/escolavistaalegre/backend/vendor/laravel/framework/src/Illuminate/Pipeline/Pipeline.php(183): Illuminate\\Http\\Middleware\\HandleCors->handle()
#61 /home/ubuntu/escolavistaalegre/backend/vendor/laravel/framework/src/Illuminate/Http/Middleware/TrustProxies.php(39): Illuminate\\Pipeline\\Pipeline->Illuminate\\Pipeline\\{closure}()
#62 /home/ubuntu/escolavistaalegre/backend/vendor/laravel/framework/src/Illuminate/Pipeline/Pipeline.php(183): Illuminate\\Http\\Middleware\\TrustProxies->handle()
#63 /home/ubuntu/escolavistaalegre/backend/vendor/laravel/framework/src/Illuminate/Pipeline/Pipeline.php(119): Illuminate\\Pipeline\\Pipeline->Illuminate\\Pipeline\\{closure}()
#64 /home/ubuntu/escolavistaalegre/backend/vendor/laravel/framework/src/Illuminate/Foundation/Http/Kernel.php(175): Illuminate\\Pipeline\\Pipeline->then()
#65 /home/ubuntu/escolavistaalegre/backend/vendor/laravel/framework/src/Illuminate/Foundation/Http/Kernel.php(144): Illuminate\\Foundation\\Http\\Kernel->sendRequestThroughRouter()
#66 /home/ubuntu/escolavistaalegre/backend/public/index.php(52): Illuminate\\Foundation\\Http\\Kernel->handle()
#67 /home/ubuntu/escolavistaalegre/backend/vendor/laravel/framework/src/Illuminate/Foundation/resources/server.php(16): require_once('...')
#68 {main}
"}
[2025-06-04 20:24:43] PROD.ERROR: Vite manifest not found at: /home/ubuntu/escolavistaalegre/backend/public/build/manifest.json {"view":{"view":"/home/ubuntu/escolavistaalegre/backend/resources/views/layouts/public.blade.php","data":[]},"exception":"[object] (Spatie\\LaravelIgnition\\Exceptions\\ViewException(code: 0): Vite manifest not found at: /home/ubuntu/escolavistaalegre/backend/public/build/manifest.json at /home/ubuntu/escolavistaalegre/backend/vendor/laravel/framework/src/Illuminate/Foundation/Vite.php:728)
[stacktrace]
#0 /home/ubuntu/escolavistaalegre/backend/vendor/laravel/framework/src/Illuminate/Foundation/Vite.php(293): Illuminate\\Foundation\\Vite->manifest()
#1 /home/ubuntu/escolavistaalegre/backend/resources/views/layouts/public.blade.php(12): Illuminate\\Foundation\\Vite->__invoke()
#2 /home/ubuntu/escolavistaalegre/backend/vendor/laravel/framework/src/Illuminate/Filesystem/Filesystem.php(123): require('...')
#3 /home/ubuntu/escolavistaalegre/backend/vendor/laravel/framework/src/Illuminate/Filesystem/Filesystem.php(124): Illuminate\\Filesystem\\Filesystem::Illuminate\\Filesystem\\{closure}()
#4 /home/ubuntu/escolavistaalegre/backend/vendor/laravel/framework/src/Illuminate/View/Engines/PhpEngine.php(58): Illuminate\\Filesystem\\Filesystem->getRequire()
#5 /home/ubuntu/escolavistaalegre/backend/vendor/livewire/livewire/src/Mechanisms/ExtendBlade/ExtendedCompilerEngine.php(22): Illuminate\\View\\Engines\\PhpEngine->evaluatePath()
#6 /home/ubuntu/escolavistaalegre/backend/vendor/laravel/framework/src/Illuminate/View/Engines/CompilerEngine.php(72): Livewire\\Mechanisms\\ExtendBlade\\ExtendedCompilerEngine->evaluatePath()
#7 /home/ubuntu/escolavistaalegre/backend/vendor/livewire/livewire/src/Mechanisms/ExtendBlade/ExtendedCompilerEngine.php(10): Illuminate\\View\\Engines\\CompilerEngine->get()
#8 /home/ubuntu/escolavistaalegre/backend/vendor/laravel/framework/src/Illuminate/View/View.php(207): Livewire\\Mechanisms\\ExtendBlade\\ExtendedCompilerEngine->get()
#9 /home/ubuntu/escolavistaalegre/backend/vendor/laravel/framework/src/Illuminate/View/View.php(190): Illuminate\\View\\View->getContents()
#10 /home/ubuntu/escolavistaalegre/backend/vendor/laravel/framework/src/Illuminate/View/View.php(159): Illuminate\\View\\View->renderContents()
#11 /home/ubuntu/escolavistaalegre/backend/resources/views/public/home.blade.php(183): Illuminate\\View\\View->render()
#12 /home/ubuntu/escolavistaalegre/backend/vendor/laravel/framework/src/Illuminate/Filesystem/Filesystem.php(123): require('...')
#13 /home/ubuntu/escolavistaalegre/backend/vendor/laravel/framework/src/Illuminate/Filesystem/Filesystem.php(124): Illuminate\\Filesystem\\Filesystem::Illuminate\\Filesystem\\{closure}()
#14 /home/ubuntu/escolavistaalegre/backend/vendor/laravel/framework/src/Illuminate/View/Engines/PhpEngine.php(58): Illuminate\\Filesystem\\Filesystem->getRequire()
#15 /home/ubuntu/escolavistaalegre/backend/vendor/livewire/livewire/src/Mechanisms/ExtendBlade/ExtendedCompilerEngine.php(22): Illuminate\\View\\Engines\\PhpEngine->evaluatePath()
#16 /home/ubuntu/escolavistaalegre/backend/vendor/laravel/framework/src/Illuminate/View/Engines/CompilerEngine.php(72): Livewire\\Mechanisms\\ExtendBlade\\ExtendedCompilerEngine->evaluatePath()
#17 /home/ubuntu/escolavistaalegre/backend/vendor/livewire/livewire/src/Mechanisms/ExtendBlade/ExtendedCompilerEngine.php(10): Illuminate\\View\\Engines\\CompilerEngine->get()
#18 /home/ubuntu/escolavistaalegre/backend/vendor/laravel/framework/src/Illuminate/View/View.php(207): Livewire\\Mechanisms\\ExtendBlade\\ExtendedCompilerEngine->get()
#19 /home/ubuntu/escolavistaalegre/backend/vendor/laravel/framework/src/Illuminate/View/View.php(190): Illuminate\\View\\View->getContents()
#20 /home/ubuntu/escolavistaalegre/backend/vendor/laravel/framework/src/Illuminate/View/View.php(159): Illuminate\\View\\View->renderContents()
#21 /home/ubuntu/escolavistaalegre/backend/vendor/laravel/framework/src/Illuminate/Http/Response.php(69): Illuminate\\View\\View->render()
#22 /home/ubuntu/escolavistaalegre/backend/vendor/laravel/framework/src/Illuminate/Http/Response.php(35): Illuminate\\Http\\Response->setContent()
#23 /home/ubuntu/escolavistaalegre/backend/vendor/laravel/framework/src/Illuminate/Routing/Router.php(918): Illuminate\\Http\\Response->__construct()
#24 /home/ubuntu/escolavistaalegre/backend/vendor/laravel/framework/src/Illuminate/Routing/Router.php(885): Illuminate\\Routing\\Router::toResponse()
#25 /home/ubuntu/escolavistaalegre/backend/vendor/laravel/framework/src/Illuminate/Routing/Router.php(806): Illuminate\\Routing\\Router->prepareResponse()
#26 /home/ubuntu/escolavistaalegre/backend/vendor/laravel/framework/src/Illuminate/Pipeline/Pipeline.php(144): Illuminate\\Routing\\Router->Illuminate\\Routing\\{closure}()
#27 /home/ubuntu/escolavistaalegre/backend/vendor/laravel/framework/src/Illuminate/Routing/Middleware/SubstituteBindings.php(50): Illuminate\\Pipeline\\Pipeline->Illuminate\\Pipeline\\{closure}()
#28 /home/ubuntu/escolavistaalegre/backend/vendor/laravel/framework/src/Illuminate/Pipeline/Pipeline.php(183): Illuminate\\Routing\\Middleware\\SubstituteBindings->handle()
#29 /home/ubuntu/escolavistaalegre/backend/vendor/laravel/framework/src/Illuminate/Foundation/Http/Middleware/VerifyCsrfToken.php(78): Illuminate\\Pipeline\\Pipeline->Illuminate\\Pipeline\\{closure}()
#30 /home/ubuntu/escolavistaalegre/backend/vendor/laravel/framework/src/Illuminate/Pipeline/Pipeline.php(183): Illuminate\\Foundation\\Http\\Middleware\\VerifyCsrfToken->handle()
#31 /home/ubuntu/escolavistaalegre/backend/vendor/laravel/framework/src/Illuminate/View/Middleware/ShareErrorsFromSession.php(49): Illuminate\\Pipeline\\Pipeline->Illuminate\\Pipeline\\{closure}()
#32 /home/ubuntu/escolavistaalegre/backend/vendor/laravel/framework/src/Illuminate/Pipeline/Pipeline.php(183): Illuminate\\View\\Middleware\\ShareErrorsFromSession->handle()
#33 /home/ubuntu/escolavistaalegre/backend/vendor/laravel/framework/src/Illuminate/Session/Middleware/StartSession.php(121): Illuminate\\Pipeline\\Pipeline->Illuminate\\Pipeline\\{closure}()
#34 /home/ubuntu/escolavistaalegre/backend/vendor/laravel/framework/src/Illuminate/Session/Middleware/StartSession.php(64): Illuminate\\Session\\Middleware\\StartSession->handleStatefulRequest()
#35 /home/ubuntu/escolavistaalegre/backend/vendor/laravel/framework/src/Illuminate/Pipeline/Pipeline.php(183): Illuminate\\Session\\Middleware\\StartSession->handle()
#36 /home/ubuntu/escolavistaalegre/backend/vendor/laravel/framework/src/Illuminate/Cookie/Middleware/AddQueuedCookiesToResponse.php(37): Illuminate\\Pipeline\\Pipeline->Illuminate\\Pipeline\\{closure}()
#37 /home/ubuntu/escolavistaalegre/backend/vendor/laravel/framework/src/Illuminate/Pipeline/Pipeline.php(183): Illuminate\\Cookie\\Middleware\\AddQueuedCookiesToResponse->handle()
#38 /home/ubuntu/escolavistaalegre/backend/vendor/laravel/framework/src/Illuminate/Cookie/Middleware/EncryptCookies.php(67): Illuminate\\Pipeline\\Pipeline->Illuminate\\Pipeline\\{closure}()
#39 /home/ubuntu/escolavistaalegre/backend/vendor/laravel/framework/src/Illuminate/Pipeline/Pipeline.php(183): Illuminate\\Cookie\\Middleware\\EncryptCookies->handle()
#40 /home/ubuntu/escolavistaalegre/backend/vendor/laravel/framework/src/Illuminate/Pipeline/Pipeline.php(119): Illuminate\\Pipeline\\Pipeline->Illuminate\\Pipeline\\{closure}()
#41 /home/ubuntu/escolavistaalegre/backend/vendor/laravel/framework/src/Illuminate/Routing/Router.php(807): Illuminate\\Pipeline\\Pipeline->then()
#42 /home/ubuntu/escolavistaalegre/backend/vendor/laravel/framework/src/Illuminate/Routing/Router.php(784): Illuminate\\Routing\\Router->runRouteWithinStack()
#43 /home/ubuntu/escolavistaalegre/backend/vendor/laravel/framework/src/Illuminate/Routing/Router.php(748): Illuminate\\Routing\\Router->runRoute()
#44 /home/ubuntu/escolavistaalegre/backend/vendor/laravel/framework/src/Illuminate/Routing/Router.php(737): Illuminate\\Routing\\Router->dispatchToRoute()
#45 /home/ubuntu/escolavistaalegre/backend/vendor/laravel/framework/src/Illuminate/Foundation/Http/Kernel.php(200): Illuminate\\Routing\\Router->dispatch()
#46 /home/ubuntu/escolavistaalegre/backend/vendor/laravel/framework/src/Illuminate/Pipeline/Pipeline.php(144): Illuminate\\Foundation\\Http\\Kernel->Illuminate\\Foundation\\Http\\{closure}()
#47 /home/ubuntu/escolavistaalegre/backend/vendor/livewire/livewire/src/Features/SupportDisablingBackButtonCache/DisableBackButtonCacheMiddleware.php(19): Illuminate\\Pipeline\\Pipeline->Illuminate\\Pipeline\\{closure}()
#48 /home/ubuntu/escolavistaalegre/backend/vendor/laravel/framework/src/Illuminate/Pipeline/Pipeline.php(183): Livewire\\Features\\SupportDisablingBackButtonCache\\DisableBackButtonCacheMiddleware->handle()
#49 /home/ubuntu/escolavistaalegre/backend/vendor/laravel/framework/src/Illuminate/Foundation/Http/Middleware/TransformsRequest.php(21): Illuminate\\Pipeline\\Pipeline->Illuminate\\Pipeline\\{closure}()
#50 /home/ubuntu/escolavistaalegre/backend/vendor/laravel/framework/src/Illuminate/Foundation/Http/Middleware/ConvertEmptyStringsToNull.php(31): Illuminate\\Foundation\\Http\\Middleware\\TransformsRequest->handle()
#51 /home/ubuntu/escolavistaalegre/backend/vendor/laravel/framework/src/Illuminate/Pipeline/Pipeline.php(183): Illuminate\\Foundation\\Http\\Middleware\\ConvertEmptyStringsToNull->handle()
#52 /home/ubuntu/escolavistaalegre/backend/vendor/laravel/framework/src/Illuminate/Foundation/Http/Middleware/TransformsRequest.php(21): Illuminate\\Pipeline\\Pipeline->Illuminate\\Pipeline\\{closure}()
#53 /home/ubuntu/escolavistaalegre/backend/vendor/laravel/framework/src/Illuminate/Foundation/Http/Middleware/TrimStrings.php(40): Illuminate\\Foundation\\Http\\Middleware\\TransformsRequest->handle()
#54 /home/ubuntu/escolavistaalegre/backend/vendor/laravel/framework/src/Illuminate/Pipeline/Pipeline.php(183): Illuminate\\Foundation\\Http\\Middleware\\TrimStrings->handle()
#55 /home/ubuntu/escolavistaalegre/backend/vendor/laravel/framework/src/Illuminate/Foundation/Http/Middleware/ValidatePostSize.php(27): Illuminate\\Pipeline\\Pipeline->Illuminate\\Pipeline\\{closure}()
#56 /home/ubuntu/escolavistaalegre/backend/vendor/laravel/framework/src/Illuminate/Pipeline/Pipeline.php(183): Illuminate\\Foundation\\Http\\Middleware\\ValidatePostSize->handle()
#57 /home/ubuntu/escolavistaalegre/backend/vendor/laravel/framework/src/Illuminate/Foundation/Http/Middleware/PreventRequestsDuringMaintenance.php(99): Illuminate\\Pipeline\\Pipeline->Illuminate\\Pipeline\\{closure}()
#58 /home/ubuntu/escolavistaalegre/backend/vendor/laravel/framework/src/Illuminate/Pipeline/Pipeline.php(183): Illuminate\\Foundation\\Http\\Middleware\\PreventRequestsDuringMaintenance->handle()
#59 /home/ubuntu/escolavistaalegre/backend/vendor/laravel/framework/src/Illuminate/Http/Middleware/HandleCors.php(49): Illuminate\\Pipeline\\Pipeline->Illuminate\\Pipeline\\{closure}()
#60 /home/ubuntu/escolavistaalegre/backend/vendor/laravel/framework/src/Illuminate/Pipeline/Pipeline.php(183): Illuminate\\Http\\Middleware\\HandleCors->handle()
#61 /home/ubuntu/escolavistaalegre/backend/vendor/laravel/framework/src/Illuminate/Http/Middleware/TrustProxies.php(39): Illuminate\\Pipeline\\Pipeline->Illuminate\\Pipeline\\{closure}()
#62 /home/ubuntu/escolavistaalegre/backend/vendor/laravel/framework/src/Illuminate/Pipeline/Pipeline.php(183): Illuminate\\Http\\Middleware\\TrustProxies->handle()
#63 /home/ubuntu/escolavistaalegre/backend/vendor/laravel/framework/src/Illuminate/Pipeline/Pipeline.php(119): Illuminate\\Pipeline\\Pipeline->Illuminate\\Pipeline\\{closure}()
#64 /home/ubuntu/escolavistaalegre/backend/vendor/laravel/framework/src/Illuminate/Foundation/Http/Kernel.php(175): Illuminate\\Pipeline\\Pipeline->then()
#65 /home/ubuntu/escolavistaalegre/backend/vendor/laravel/framework/src/Illuminate/Foundation/Http/Kernel.php(144): Illuminate\\Foundation\\Http\\Kernel->sendRequestThroughRouter()
#66 /home/ubuntu/escolavistaalegre/backend/public/index.php(52): Illuminate\\Foundation\\Http\\Kernel->handle()
#67 /home/ubuntu/escolavistaalegre/backend/vendor/laravel/framework/src/Illuminate/Foundation/resources/server.php(16): require_once('...')
#68 {main}

[previous exception] [object] (Illuminate\\Foundation\\ViteManifestNotFoundException(code: 0): Vite manifest not found at: /home/ubuntu/escolavistaalegre/backend/public/build/manifest.json at /home/ubuntu/escolavistaalegre/backend/vendor/laravel/framework/src/Illuminate/Foundation/Vite.php:728)
[stacktrace]
#0 /home/ubuntu/escolavistaalegre/backend/vendor/laravel/framework/src/Illuminate/Foundation/Vite.php(293): Illuminate\\Foundation\\Vite->manifest()
#1 /home/ubuntu/escolavistaalegre/backend/storage/framework/views/73b68312f6fb1d7d030fa01615c1700a.php(12): Illuminate\\Foundation\\Vite->__invoke()
#2 /home/ubuntu/escolavistaalegre/backend/vendor/laravel/framework/src/Illuminate/Filesystem/Filesystem.php(123): require('...')
#3 /home/ubuntu/escolavistaalegre/backend/vendor/laravel/framework/src/Illuminate/Filesystem/Filesystem.php(124): Illuminate\\Filesystem\\Filesystem::Illuminate\\Filesystem\\{closure}()
#4 /home/ubuntu/escolavistaalegre/backend/vendor/laravel/framework/src/Illuminate/View/Engines/PhpEngine.php(58): Illuminate\\Filesystem\\Filesystem->getRequire()
#5 /home/ubuntu/escolavistaalegre/backend/vendor/livewire/livewire/src/Mechanisms/ExtendBlade/ExtendedCompilerEngine.php(22): Illuminate\\View\\Engines\\PhpEngine->evaluatePath()
#6 /home/ubuntu/escolavistaalegre/backend/vendor/laravel/framework/src/Illuminate/View/Engines/CompilerEngine.php(72): Livewire\\Mechanisms\\ExtendBlade\\ExtendedCompilerEngine->evaluatePath()
#7 /home/ubuntu/escolavistaalegre/backend/vendor/livewire/livewire/src/Mechanisms/ExtendBlade/ExtendedCompilerEngine.php(10): Illuminate\\View\\Engines\\CompilerEngine->get()
#8 /home/ubuntu/escolavistaalegre/backend/vendor/laravel/framework/src/Illuminate/View/View.php(207): Livewire\\Mechanisms\\ExtendBlade\\ExtendedCompilerEngine->get()
#9 /home/ubuntu/escolavistaalegre/backend/vendor/laravel/framework/src/Illuminate/View/View.php(190): Illuminate\\View\\View->getContents()
#10 /home/ubuntu/escolavistaalegre/backend/vendor/laravel/framework/src/Illuminate/View/View.php(159): Illuminate\\View\\View->renderContents()
#11 /home/ubuntu/escolavistaalegre/backend/storage/framework/views/b60b772f152d103dbc2ffe21a2dfce38.php(183): Illuminate\\View\\View->render()
#12 /home/ubuntu/escolavistaalegre/backend/vendor/laravel/framework/src/Illuminate/Filesystem/Filesystem.php(123): require('...')
#13 /home/ubuntu/escolavistaalegre/backend/vendor/laravel/framework/src/Illuminate/Filesystem/Filesystem.php(124): Illuminate\\Filesystem\\Filesystem::Illuminate\\Filesystem\\{closure}()
#14 /home/ubuntu/escolavistaalegre/backend/vendor/laravel/framework/src/Illuminate/View/Engines/PhpEngine.php(58): Illuminate\\Filesystem\\Filesystem->getRequire()
#15 /home/ubuntu/escolavistaalegre/backend/vendor/livewire/livewire/src/Mechanisms/ExtendBlade/ExtendedCompilerEngine.php(22): Illuminate\\View\\Engines\\PhpEngine->evaluatePath()
#16 /home/ubuntu/escolavistaalegre/backend/vendor/laravel/framework/src/Illuminate/View/Engines/CompilerEngine.php(72): Livewire\\Mechanisms\\ExtendBlade\\ExtendedCompilerEngine->evaluatePath()
#17 /home/ubuntu/escolavistaalegre/backend/vendor/livewire/livewire/src/Mechanisms/ExtendBlade/ExtendedCompilerEngine.php(10): Illuminate\\View\\Engines\\CompilerEngine->get()
#18 /home/ubuntu/escolavistaalegre/backend/vendor/laravel/framework/src/Illuminate/View/View.php(207): Livewire\\Mechanisms\\ExtendBlade\\ExtendedCompilerEngine->get()
#19 /home/ubuntu/escolavistaalegre/backend/vendor/laravel/framework/src/Illuminate/View/View.php(190): Illuminate\\View\\View->getContents()
#20 /home/ubuntu/escolavistaalegre/backend/vendor/laravel/framework/src/Illuminate/View/View.php(159): Illuminate\\View\\View->renderContents()
#21 /home/ubuntu/escolavistaalegre/backend/vendor/laravel/framework/src/Illuminate/Http/Response.php(69): Illuminate\\View\\View->render()
#22 /home/ubuntu/escolavistaalegre/backend/vendor/laravel/framework/src/Illuminate/Http/Response.php(35): Illuminate\\Http\\Response->setContent()
#23 /home/ubuntu/escolavistaalegre/backend/vendor/laravel/framework/src/Illuminate/Routing/Router.php(918): Illuminate\\Http\\Response->__construct()
#24 /home/ubuntu/escolavistaalegre/backend/vendor/laravel/framework/src/Illuminate/Routing/Router.php(885): Illuminate\\Routing\\Router::toResponse()
#25 /home/ubuntu/escolavistaalegre/backend/vendor/laravel/framework/src/Illuminate/Routing/Router.php(806): Illuminate\\Routing\\Router->prepareResponse()
#26 /home/ubuntu/escolavistaalegre/backend/vendor/laravel/framework/src/Illuminate/Pipeline/Pipeline.php(144): Illuminate\\Routing\\Router->Illuminate\\Routing\\{closure}()
#27 /home/ubuntu/escolavistaalegre/backend/vendor/laravel/framework/src/Illuminate/Routing/Middleware/SubstituteBindings.php(50): Illuminate\\Pipeline\\Pipeline->Illuminate\\Pipeline\\{closure}()
#28 /home/ubuntu/escolavistaalegre/backend/vendor/laravel/framework/src/Illuminate/Pipeline/Pipeline.php(183): Illuminate\\Routing\\Middleware\\SubstituteBindings->handle()
#29 /home/ubuntu/escolavistaalegre/backend/vendor/laravel/framework/src/Illuminate/Foundation/Http/Middleware/VerifyCsrfToken.php(78): Illuminate\\Pipeline\\Pipeline->Illuminate\\Pipeline\\{closure}()
#30 /home/ubuntu/escolavistaalegre/backend/vendor/laravel/framework/src/Illuminate/Pipeline/Pipeline.php(183): Illuminate\\Foundation\\Http\\Middleware\\VerifyCsrfToken->handle()
#31 /home/ubuntu/escolavistaalegre/backend/vendor/laravel/framework/src/Illuminate/View/Middleware/ShareErrorsFromSession.php(49): Illuminate\\Pipeline\\Pipeline->Illuminate\\Pipeline\\{closure}()
#32 /home/ubuntu/escolavistaalegre/backend/vendor/laravel/framework/src/Illuminate/Pipeline/Pipeline.php(183): Illuminate\\View\\Middleware\\ShareErrorsFromSession->handle()
#33 /home/ubuntu/escolavistaalegre/backend/vendor/laravel/framework/src/Illuminate/Session/Middleware/StartSession.php(121): Illuminate\\Pipeline\\Pipeline->Illuminate\\Pipeline\\{closure}()
#34 /home/ubuntu/escolavistaalegre/backend/vendor/laravel/framework/src/Illuminate/Session/Middleware/StartSession.php(64): Illuminate\\Session\\Middleware\\StartSession->handleStatefulRequest()
#35 /home/ubuntu/escolavistaalegre/backend/vendor/laravel/framework/src/Illuminate/Pipeline/Pipeline.php(183): Illuminate\\Session\\Middleware\\StartSession->handle()
#36 /home/ubuntu/escolavistaalegre/backend/vendor/laravel/framework/src/Illuminate/Cookie/Middleware/AddQueuedCookiesToResponse.php(37): Illuminate\\Pipeline\\Pipeline->Illuminate\\Pipeline\\{closure}()
#37 /home/ubuntu/escolavistaalegre/backend/vendor/laravel/framework/src/Illuminate/Pipeline/Pipeline.php(183): Illuminate\\Cookie\\Middleware\\AddQueuedCookiesToResponse->handle()
#38 /home/ubuntu/escolavistaalegre/backend/vendor/laravel/framework/src/Illuminate/Cookie/Middleware/EncryptCookies.php(67): Illuminate\\Pipeline\\Pipeline->Illuminate\\Pipeline\\{closure}()
#39 /home/ubuntu/escolavistaalegre/backend/vendor/laravel/framework/src/Illuminate/Pipeline/Pipeline.php(183): Illuminate\\Cookie\\Middleware\\EncryptCookies->handle()
#40 /home/ubuntu/escolavistaalegre/backend/vendor/laravel/framework/src/Illuminate/Pipeline/Pipeline.php(119): Illuminate\\Pipeline\\Pipeline->Illuminate\\Pipeline\\{closure}()
#41 /home/ubuntu/escolavistaalegre/backend/vendor/laravel/framework/src/Illuminate/Routing/Router.php(807): Illuminate\\Pipeline\\Pipeline->then()
#42 /home/ubuntu/escolavistaalegre/backend/vendor/laravel/framework/src/Illuminate/Routing/Router.php(784): Illuminate\\Routing\\Router->runRouteWithinStack()
#43 /home/ubuntu/escolavistaalegre/backend/vendor/laravel/framework/src/Illuminate/Routing/Router.php(748): Illuminate\\Routing\\Router->runRoute()
#44 /home/ubuntu/escolavistaalegre/backend/vendor/laravel/framework/src/Illuminate/Routing/Router.php(737): Illuminate\\Routing\\Router->dispatchToRoute()
#45 /home/ubuntu/escolavistaalegre/backend/vendor/laravel/framework/src/Illuminate/Foundation/Http/Kernel.php(200): Illuminate\\Routing\\Router->dispatch()
#46 /home/ubuntu/escolavistaalegre/backend/vendor/laravel/framework/src/Illuminate/Pipeline/Pipeline.php(144): Illuminate\\Foundation\\Http\\Kernel->Illuminate\\Foundation\\Http\\{closure}()
#47 /home/ubuntu/escolavistaalegre/backend/vendor/livewire/livewire/src/Features/SupportDisablingBackButtonCache/DisableBackButtonCacheMiddleware.php(19): Illuminate\\Pipeline\\Pipeline->Illuminate\\Pipeline\\{closure}()
#48 /home/ubuntu/escolavistaalegre/backend/vendor/laravel/framework/src/Illuminate/Pipeline/Pipeline.php(183): Livewire\\Features\\SupportDisablingBackButtonCache\\DisableBackButtonCacheMiddleware->handle()
#49 /home/ubuntu/escolavistaalegre/backend/vendor/laravel/framework/src/Illuminate/Foundation/Http/Middleware/TransformsRequest.php(21): Illuminate\\Pipeline\\Pipeline->Illuminate\\Pipeline\\{closure}()
#50 /home/ubuntu/escolavistaalegre/backend/vendor/laravel/framework/src/Illuminate/Foundation/Http/Middleware/ConvertEmptyStringsToNull.php(31): Illuminate\\Foundation\\Http\\Middleware\\TransformsRequest->handle()
#51 /home/ubuntu/escolavistaalegre/backend/vendor/laravel/framework/src/Illuminate/Pipeline/Pipeline.php(183): Illuminate\\Foundation\\Http\\Middleware\\ConvertEmptyStringsToNull->handle()
#52 /home/ubuntu/escolavistaalegre/backend/vendor/laravel/framework/src/Illuminate/Foundation/Http/Middleware/TransformsRequest.php(21): Illuminate\\Pipeline\\Pipeline->Illuminate\\Pipeline\\{closure}()
#53 /home/ubuntu/escolavistaalegre/backend/vendor/laravel/framework/src/Illuminate/Foundation/Http/Middleware/TrimStrings.php(40): Illuminate\\Foundation\\Http\\Middleware\\TransformsRequest->handle()
#54 /home/ubuntu/escolavistaalegre/backend/vendor/laravel/framework/src/Illuminate/Pipeline/Pipeline.php(183): Illuminate\\Foundation\\Http\\Middleware\\TrimStrings->handle()
#55 /home/ubuntu/escolavistaalegre/backend/vendor/laravel/framework/src/Illuminate/Foundation/Http/Middleware/ValidatePostSize.php(27): Illuminate\\Pipeline\\Pipeline->Illuminate\\Pipeline\\{closure}()
#56 /home/ubuntu/escolavistaalegre/backend/vendor/laravel/framework/src/Illuminate/Pipeline/Pipeline.php(183): Illuminate\\Foundation\\Http\\Middleware\\ValidatePostSize->handle()
#57 /home/ubuntu/escolavistaalegre/backend/vendor/laravel/framework/src/Illuminate/Foundation/Http/Middleware/PreventRequestsDuringMaintenance.php(99): Illuminate\\Pipeline\\Pipeline->Illuminate\\Pipeline\\{closure}()
#58 /home/ubuntu/escolavistaalegre/backend/vendor/laravel/framework/src/Illuminate/Pipeline/Pipeline.php(183): Illuminate\\Foundation\\Http\\Middleware\\PreventRequestsDuringMaintenance->handle()
#59 /home/ubuntu/escolavistaalegre/backend/vendor/laravel/framework/src/Illuminate/Http/Middleware/HandleCors.php(49): Illuminate\\Pipeline\\Pipeline->Illuminate\\Pipeline\\{closure}()
#60 /home/ubuntu/escolavistaalegre/backend/vendor/laravel/framework/src/Illuminate/Pipeline/Pipeline.php(183): Illuminate\\Http\\Middleware\\HandleCors->handle()
#61 /home/ubuntu/escolavistaalegre/backend/vendor/laravel/framework/src/Illuminate/Http/Middleware/TrustProxies.php(39): Illuminate\\Pipeline\\Pipeline->Illuminate\\Pipeline\\{closure}()
#62 /home/ubuntu/escolavistaalegre/backend/vendor/laravel/framework/src/Illuminate/Pipeline/Pipeline.php(183): Illuminate\\Http\\Middleware\\TrustProxies->handle()
#63 /home/ubuntu/escolavistaalegre/backend/vendor/laravel/framework/src/Illuminate/Pipeline/Pipeline.php(119): Illuminate\\Pipeline\\Pipeline->Illuminate\\Pipeline\\{closure}()
#64 /home/ubuntu/escolavistaalegre/backend/vendor/laravel/framework/src/Illuminate/Foundation/Http/Kernel.php(175): Illuminate\\Pipeline\\Pipeline->then()
#65 /home/ubuntu/escolavistaalegre/backend/vendor/laravel/framework/src/Illuminate/Foundation/Http/Kernel.php(144): Illuminate\\Foundation\\Http\\Kernel->sendRequestThroughRouter()
#66 /home/ubuntu/escolavistaalegre/backend/public/index.php(52): Illuminate\\Foundation\\Http\\Kernel->handle()
#67 /home/ubuntu/escolavistaalegre/backend/vendor/laravel/framework/src/Illuminate/Foundation/resources/server.php(16): require_once('...')
#68 {main}
"}
